3216,83,2818,4095,129,2940,3820
3231,83,2807,4095,135,2931,3762
3261,93,2815,4095,146,2941,3728
3265,97,2815,4095,151,2941,3671
3294,89,2810,4095,145,2927,3764
3545,91,2813,4095,141,2928,3755
3558,95,2829,4095,133,2943,3813
3419,96,2823,4095,139,2938,3730
3365,94,2804,4095,130,2928,3780
3359,102,2800,4095,144,2928,3747
3351,99,2800,4095,155,2928,3721
3347,100,2795,4095,162,2927,3760
3382,100,2803,4095,171,2937,3698
3339,101,2800,4095,176,2935,3702
3291,101,2800,4095,182,2938,3799
3333,101,2795,4095,190,2938,3776
3312,101,2789,4095,203,2928,3803
3223,107,2786,4095,208,2930,3783
3310,112,2798,4095,222,2939,3778
3283,117,2795,4095,231,2938,3774
3287,125,2779,4095,239,2926,3765
3303,115,2814,4095,238,2960,3733
3326,122,2780,4095,237,2928,3710
3288,123,2794,4095,240,2937,3695
3285,97,2800,4095,231,2927,3689
3205,112,2782,4095,226,2928,3537
3244,117,2797,4095,224,2937,3537
3254,118,2794,4095,221,2937,3482
3287,144,2804,4095,215,2928,3561
3322,122,2775,4095,233,2928,3514
3343,138,2793,4095,258,2939,3567
3312,144,2787,4095,263,2935,3583
3275,147,2772,4095,273,2926,3568
3267,165,2768,4095,274,2925,3626
3260,170,2768,4095,278,2927,3541
3289,176,2779,4095,283,2938,3536
3284,176,2778,4095,268,2937,3527
3275,176,2768,4095,267,2923,3541
3262,177,2768,4095,272,2925,3569
3267,178,2768,4095,272,2928,3555
3287,186,2773,4095,277,2934,3543
3269,182,2763,4095,263,2927,3520
3287,183,2766,4095,269,2926,3520
3307,191,2768,4095,268,2923,3525
3335,183,2762,4095,261,2925,3530
3327,184,2761,4095,247,2919,3503
3376,179,2766,4095,242,2927,3583
3327,177,2771,4095,230,2937,3551
3297,175,2768,4095,229,2934,3515
3264,174,2763,4095,249,2919,3475
3265,175,2765,4095,277,2928,3472
3278,181,2759,4095,289,2926,3456
3258,192,2759,4095,276,2926,3451
3264,197,2759,4095,283,2925,3457
3263,193,2755,4095,297,2923,3457
3274,223,2760,4095,294,2927,3473
3285,222,2762,4095,295,2911,3473
3312,238,2768,4095,309,2932,3531
3294,240,2774,4095,307,2930,3567
3284,241,2769,4095,307,2931,3554
3282,249,2770,4095,322,2931,3568
3281,243,2758,4095,319,2918,3595
3280,242,2762,4095,319,2918,3592
3280,246,2769,4095,328,2930,3662
3279,247,2768,4095,326,2928,3679
3259,240,2760,4095,337,2919,3754
3306,258,2795,4095,343,2923,3827
3267,247,2753,4095,341,2919,3868
3264,249,2757,4095,337,2917,3835
3250,239,2727,4095,335,2943,3762
3255,245,2754,4095,344,2917,3723
3300,255,2759,4095,365,2930,3793
3291,254,2767,4095,371,2930,3795
3272,258,2752,4095,375,2915,3763
3283,246,2753,4095,381,2922,3773
3297,254,2765,4095,391,2929,3792
3323,262,2762,4095,392,2928,3847
3349,268,2759,4095,394,2928,3983
3345,282,2745,4095,382,2922,3877
3402,279,2761,4095,405,2931,3949
3406,282,2756,4095,435,2928,3972
3354,283,2754,4095,443,2928,3980
3347,274,2739,4095,432,2919,3958
3342,272,2745,4095,423,2922,4042
3316,274,2752,4095,397,2928,3979
3376,271,2752,4095,388,2928,4016
3351,285,2743,4095,426,2918,3871
3395,289,2741,4095,436,2922,3781
3619,298,2752,4095,490,2928,3715
3555,309,2752,4095,495,2928,3484
3647,323,2739,4095,523,2918,3477
3702,417,2737,4095,550,2919,3534
3667,421,2752,4095,499,2929,3360
3669,390,2752,4095,449,2929,3344
3575,358,2739,4095,294,2915,3180
3590,320,2737,4095,259,2919,3157
3511,296,2738,4095,229,2918,3140
3376,246,2748,4095,182,2928,3199
3333,231,2750,4095,194,2928,3194
3351,207,2747,4095,196,2928,3282
3342,240,2743,4095,238,2927,3308
3264,240,2742,4095,260,2926,3437
3261,235,2736,4095,261,2913,3456
3267,234,2750,4095,272,2925,3461
3303,239,2745,4095,305,2926,3424
3270,259,2741,4095,335,2921,3443
3243,273,2735,4095,355,2908,3487
3252,274,2745,4095,359,2926,3530
3259,272,2742,4095,357,2919,3439
3255,269,2741,4095,368,2919,3435
3254,260,2725,4095,367,2906,3280
3248,258,2725,4095,374,2907,3243
3267,260,2737,4095,375,2918,3239
3265,247,2738,4095,371,2917,3236
3230,260,2727,4095,350,2906,3125
3206,224,2727,4095,291,2901,3190
3211,215,2731,4095,273,2903,3179
3211,207,2731,4095,266,2907,3184
3268,222,2732,4095,249,2887,3219
3261,192,2729,4095,276,2908,3483
3314,224,2738,4095,292,2919,3494
3241,235,2747,4095,313,2917,3537
3253,230,2750,4095,314,2918,3425
3245,222,2741,4095,304,2907,3371
3293,221,2752,4095,304,2921,3435
3307,215,2748,4095,310,2919,3397
3245,235,2747,4095,304,2918,3427
3278,236,2739,4095,304,2910,3395
3276,249,2748,4095,307,2918,3397
3269,240,2752,4095,309,2917,3443
3239,261,2749,4095,318,2915,3431
3232,257,2736,4095,346,2903,3425
3251,272,2749,4095,385,2917,3424
3233,271,2749,4095,400,2919,3424
3194,261,2743,4095,400,2918,3430
3174,264,2734,4095,384,2909,3502
3199,269,2749,4095,387,2919,3504
3200,275,2746,4095,417,2916,3485
3193,283,2740,4095,410,2915,3516
3194,287,2720,4095,424,2928,3488
3159,304,2735,4095,399,2903,3583
3173,309,2743,4095,399,2918,3531
3190,312,2745,4095,393,2916,3533
3165,310,2736,4095,390,2909,3511
3164,306,2735,4095,384,2908,3451
3184,302,2742,4095,384,2915,3455
3177,291,2741,4095,383,2919,3437
3152,282,2731,4095,378,2904,3423
3148,277,2736,4095,375,2906,3411
3184,297,2741,4095,375,2918,3430
3177,304,2743,4095,379,2917,3436
3167,307,2729,4095,385,2902,3414
3165,305,2729,4095,387,2910,3437
3184,311,2740,4095,382,2915,3471
3172,288,2742,4095,368,2917,3443
3146,256,2734,4095,353,2908,3501
3196,227,2734,4095,325,2907,3455
3230,193,2734,4095,294,2901,3440
3245,198,2739,4095,285,2921,3537
3280,198,2729,4095,307,2905,3529
3312,187,2731,4095,304,2910,3486
3341,193,2731,4095,306,2907,3550
3399,198,2739,4095,320,2921,3532
3387,193,2739,4095,318,2918,3516
3388,186,2733,4095,314,2901,3532
3331,177,2729,4095,317,2903,3511
3415,195,2742,4095,315,2913,3527
3319,199,2746,4095,312,2916,3518
3272,202,2734,4095,313,2901,3471
3223,196,2741,4095,326,2898,3504
3389,176,2746,4095,334,2903,3535
3422,195,2768,4095,350,2912,3501
3598,176,2777,4095,345,2897,3526
3445,171,2775,4095,342,2897,3505
3348,175,2771,4095,366,2915,3339
3280,175,2758,4095,368,2915,3235
3264,208,2719,4095,400,2891,3326
3215,254,2737,4095,414,2905,3049
3342,274,2745,4095,425,2923,3136
3305,283,2738,4095,432,2925,3136
3306,301,2725,4095,446,2914,3118
3281,298,2725,4095,446,2915,3253
3325,298,2736,4095,464,2928,3152
3319,299,2736,4095,491,2935,3055
3325,313,2761,4095,484,2972,2964
3269,330,2725,4095,499,2928,2911
3250,318,2737,4095,464,2939,2995
3230,320,2739,4095,560,2937,3056
3243,311,2725,4095,560,2923,2981
3259,365,2724,4095,569,2925,2915
3319,369,2734,4095,546,2934,2967
3376,358,2740,4095,509,2934,2960
3442,343,2767,4095,465,2918,3118
3593,350,2822,4095,454,2911,3264
3856,282,2833,4095,437,2917,3191
3777,254,2821,4095,447,2917,3178
3549,253,2786,4095,472,2905,3139
3453,261,2768,4095,467,2901,3012
3389,271,2777,4095,477,2918,2999
3351,289,2770,4095,507,2915,2975
3407,299,2747,4095,557,2903,3003
3343,336,2738,4095,559,2933,3205
3326,381,2741,4095,555,2910,3120
3337,394,2752,4095,555,2919,3059
3302,381,2758,4095,555,2918,3083
3315,401,2749,4095,539,2903,3100
3361,414,2748,4095,485,2909,2987
3374,413,2783,4095,496,2911,2959
3327,401,2742,4095,518,2905,2964
3359,403,2743,4095,524,2909,2928
3376,410,2758,4095,646,2921,2931
3370,412,2752,4095,663,2919,2963
3351,411,2752,4095,673,2917,2959
3341,414,2739,4095,663,2910,2939
3324,432,2743,4095,663,2910,2938
3337,439,2738,4095,660,2907,2931
3299,419,2745,4095,606,2906,2957
3280,403,2752,4095,576,2923,2943
3264,400,2752,4095,561,2920,2926
3272,407,2771,4095,559,2941,2966
3266,399,2743,4095,560,2912,2930
3295,400,2738,4095,579,2908,2944
3266,404,2739,4095,653,2910,2947
3263,447,2740,4095,656,2908,2931
3277,458,2738,4095,665,2912,2982
3323,483,2743,4095,670,2907,3003
3364,499,2768,4095,662,2909,3024
3429,510,2742,4095,670,2909,3024
3428,542,2736,4095,665,2912,3056
3443,535,2738,4095,662,2910,3023
3408,511,2742,4095,643,2908,2981
3375,351,2760,4095,470,2930,3303
3345,351,2736,4095,468,2931,3338
3371,350,2737,4095,471,2906,3317
3328,347,2757,4095,463,2911,3299
3344,327,2736,4095,475,2909,3337
3437,350,2736,4095,522,2912,3267
3504,382,2736,4095,523,2903,3216
3547,442,2736,4095,591,2909,3223
3485,456,2741,4095,592,2903,3219
3457,455,2738,4095,583,2906,3264
3457,464,2736,4095,586,2902,3295
3481,460,2735,4095,590,2906,3266
3493,448,2747,4095,590,2918,3239
3467,448,2736,4095,595,2909,3196
3440,451,2731,4095,605,2905,3170
3426,451,2767,4095,657,2940,3139
3410,444,2731,4095,631,2906,3120
3437,473,2739,4095,635,2922,3061
3443,475,2742,4095,641,2919,3042
3478,489,2726,4095,631,2910,3039
3504,490,2725,4095,624,2907,3135
3426,443,2736,4095,603,2919,3173
3498,442,2737,4095,606,2916,3148
3518,443,2727,4095,624,2903,3123
3508,443,2736,4095,626,2919,3133
3503,443,2736,4095,653,2917,3183
3489,435,2736,4095,653,2914,3140
3481,427,2726,4095,643,2907,3106
3426,427,2735,4095,607,2919,3215
3344,370,2731,4095,597,2917,3247
3382,385,2727,4095,595,2914,3440
3323,412,2720,4095,583,2907,3398
3312,447,2714,4095,591,2902,3432
3329,461,2731,4095,642,2914,3293
3306,481,2725,4095,659,2918,3323
3294,474,2714,4095,766,2909,3222
3298,470,2727,4095,782,2922,3139
3311,470,2721,4095,727,2919,3133
3317,471,2720,4095,692,2918,3086
3346,463,2707,4095,651,2902,3085
3322,455,2709,4095,592,2903,3043
3330,461,2718,4095,605,2914,3059
3323,463,2720,4095,592,2919,3066
3306,453,2703,4095,595,2906,3110
3314,478,2707,4095,657,2907,3033
3393,489,2718,4095,650,2917,3056
3326,477,2716,4095,649,2922,2966
3211,484,2704,4095,622,2908,2966
3229,415,2704,4095,623,2901,3009
3217,406,2703,4095,585,2909,2940
3270,417,2713,4095,564,2921,2934
3216,384,2702,4095,466,2911,2952
3408,407,2736,4095,457,2953,3235
3383,336,2704,4095,442,2911,3350
3365,307,2713,4095,414,2922,3476
3408,286,2704,4095,336,2910,3574
3362,293,2706,4095,339,2910,3604
3312,334,2704,4095,363,2903,3547
3431,362,2711,4095,383,2928,3525
3278,368,2710,4095,387,2925,3521
3289,357,2695,4095,379,2909,3475
3357,368,2708,4095,367,2923,3557
3290,459,2707,4095,304,2918,3530
3597,535,2741,4095,315,2919,3602
3511,538,2764,4095,355,2902,3557
3569,465,2774,4095,464,2913,3322
3595,272,2777,4095,449,2906,3519
3565,201,2768,4095,415,2905,3559
3583,203,2741,4095,448,2896,3499
3556,208,2746,4095,445,2907,3497
3427,239,2733,4095,486,2906,3476
3409,333,2720,4095,539,2906,3326
3446,349,2702,4095,530,2896,3189
3367,380,2695,4095,528,2898,2997
3378,368,2708,4095,530,2914,2991
3339,339,2705,4095,523,2910,3332
3378,299,2704,4095,490,2896,3505
3386,305,2702,4095,527,2896,3439
3472,269,2717,4095,531,2912,3393
3553,250,2724,4095,531,2909,3420
3568,236,2721,4095,528,2894,3485
3565,234,2738,4095,594,2910,3472
3525,224,2738,4095,614,2907,3456
3570,246,2726,4095,693,2910,3281
3632,250,2707,4095,714,2939,3361
3504,259,2703,4095,784,2899,3440
3446,258,2710,4095,814,2917,3379
3577,273,2710,4095,797,2916,3285
3529,240,2699,4095,793,2912,3298
3543,257,2723,4095,818,2908,3561
3488,242,2709,4095,784,2919,3508
3447,230,2715,4095,771,2918,3431
3573,219,2725,4095,716,2901,3422
3632,195,2727,4095,679,2918,3491
3645,249,2779,4095,683,2917,3426
3810,240,2790,4095,694,2917,3339
3523,183,2743,4095,656,2884,3190
3440,179,2734,4095,663,2910,3084
3450,209,2731,4095,728,2928,3089
3403,253,2719,4095,729,2938,3023
3376,263,2704,4095,739,2928,3098
3421,241,2704,4095,688,2932,3213
3391,240,2705,4095,716,2928,3254
3592,240,2723,4095,656,2935,3295
3479,219,2733,4095,637,2934,3343
3536,206,2724,4095,628,2928,3280
3469,234,2726,4095,635,2945,3257
3361,250,2720,4095,640,2938,3313
3297,291,2713,4095,642,2938,3412
3360,304,2697,4095,659,2931,3464
3552,306,2709,4095,666,2945,3489
3478,295,2711,4095,643,2939,3504
3597,242,2725,4095,642,2937,3344
3568,224,2721,4095,625,2928,3296
3728,222,2750,4095,625,2935,3343
3676,218,2761,4095,692,2938,3276
3637,222,2752,4095,695,2935,3166
3696,225,2721,4095,702,2927,3141
3534,268,2725,4095,709,2935,3199
3357,279,2715,4095,710,2938,3185
3358,299,2710,4095,716,2944,3186
3408,304,2701,4095,718,2934,3129
3463,301,2717,4095,720,2940,3344
3541,283,2714,4095,720,2923,3434
3696,272,2717,4095,724,2925,3351
3639,283,2719,4095,745,2937,3184
3551,310,2711,4095,737,2939,3189
3513,319,2707,4095,728,2943,3170
3335,308,2703,4095,720,2943,3127
3305,304,2691,4095,693,2943,3187
3311,303,2690,4095,688,2937,3233
3270,315,2700,4095,693,2943,3258
3385,336,2704,4095,705,2942,3291
3500,353,2712,4095,734,2933,3341
3532,379,2694,4095,725,2929,3440
3575,382,2704,4095,749,2937,3445
3550,340,2709,4095,750,2937,3413
3659,333,2710,4095,725,2923,3542
3568,280,2732,4095,703,2925,3443
3571,256,2739,4095,693,2934,3478
3553,238,2730,4095,682,2934,3403
3366,204,2709,4095,596,2918,3259
3249,208,2708,4095,595,2926,3211
3325,231,2717,4095,591,2935,3314
3310,233,2713,4095,585,2929,3295
3408,233,2722,4095,592,2929,3277
3498,220,2731,4095,639,2914,3264
3505,206,2752,4095,640,2928,3263
3489,208,2743,4095,646,2926,3285
3469,208,2736,4095,653,2925,3121
3262,207,2709,4095,656,2915,3153
3249,210,2705,4095,677,2911,3136
3309,237,2713,4095,679,2925,3219
3309,243,2710,4095,683,2924,3219
3294,246,2703,4095,685,2906,3207
3375,247,2699,4095,698,2916,3234
3423,261,2710,4095,699,2925,3271
3417,293,2711,4095,707,2926,3300
3404,290,2698,4095,704,2915,3303
3417,276,2704,4095,704,2911,3318
3413,279,2710,4095,703,2924,3293
3397,273,2705,4095,703,2925,3318
3377,267,2702,4095,695,2912,3285
3376,280,2699,4095,695,2913,3293
3416,283,2709,4095,720,2925,3310
3408,284,2707,4095,721,2924,3312
3377,280,2701,4095,720,2913,3404
3376,279,2703,4095,722,2913,3399
3363,290,2695,4095,725,2909,3429
3365,293,2702,4095,734,2919,3406
3357,300,2695,4095,733,2911,3533
3344,304,2699,4095,731,2913,3492
3383,321,2707,4095,734,2923,3520
3423,310,2706,4095,731,2925,3515
3413,305,2691,4095,720,2906,3468
3395,304,2700,4095,720,2913,3351
3392,305,2695,4095,721,2906,3399
3382,304,2707,4095,727,2923,3454
3424,304,2699,4095,721,2909,3507
3398,304,2700,4095,719,2914,3519
3374,304,2694,4095,722,2913,3472
3389,290,2706,4095,739,2925,3467
3423,279,2689,4095,727,2916,3456
3392,298,2695,4095,740,2944,3478
3374,290,2702,4095,729,2917,3465
3373,290,2695,4095,738,2909,3427
3391,290,2699,4095,731,2942,3486
3407,278,2704,4095,712,2903,3553
3531,267,2712,4095,657,2912,3538
3417,240,2720,4095,658,2900,3594
3409,238,2723,4095,631,2921,3425
3485,222,2715,4095,635,2914,3468
3422,227,2714,4095,627,2918,3341
3376,256,2714,4095,701,2917,3317
3392,263,2712,4095,710,2919,3330
3385,282,2701,4095,707,2903,3249
3389,279,2710,4095,716,2918,3280
3401,289,2711,4095,720,2917,3267
3397,299,2707,4095,722,2919,3407
3374,298,2701,4095,726,2907,3491
3376,304,2709,4095,731,2918,3506
3351,304,2708,4095,735,2917,3521
3344,309,2707,4095,739,2915,3542
3376,303,2704,4095,742,2905,3518
3411,305,2709,4095,748,2922,3520
3423,304,2705,4095,749,2915,3533
3418,304,2709,4095,735,2917,3521
3386,276,2701,4095,715,2906,3489
3407,224,2704,4095,707,2908,3454
3487,205,2734,4095,715,2917,3494
3619,192,2747,4095,698,2919,3466
3556,192,2738,4095,695,2903,3333
3562,196,2730,4095,697,2903,3375
3538,212,2726,4095,709,2918,3408
3648,217,2726,4095,719,2916,3486
3551,214,2714,4095,717,2909,3491
3536,221,2709,4095,725,2902,3511
3514,229,2714,4095,723,2910,3456
3514,226,2711,4095,727,2906,3447
3489,230,2712,4095,727,2903,3469
3487,234,2707,4095,731,2903,3441
3493,224,2705,4095,726,2903,3438
3490,232,2704,4095,734,2907,3442
3467,240,2720,4095,741,2918,3475
3487,240,2717,4095,734,2917,3500
3454,242,2715,4095,747,2917,3514
3449,270,2715,4095,751,2917,3518
3422,267,2704,4095,739,2902,3471
3438,272,2704,4095,737,2901,3460
3449,272,2711,4095,743,2915,3472
3449,273,2711,4095,748,2917,3476
3442,275,2718,4095,751,2915,3470
3423,272,2701,4095,735,2899,3487
3441,274,2708,4095,742,2915,3523
3441,274,2714,4095,741,2916,3510
3436,272,2710,4095,739,2913,3504
3441,271,2698,4095,731,2906,3495
3429,247,2711,4095,731,2917,3505
3423,240,2710,4095,717,2915,3440
3419,221,2708,4095,711,2917,3472
3412,223,2698,4095,703,2906,3439
3437,235,2704,4095,705,2905,3421
3440,251,2703,4095,707,2902,3456
3440,257,2711,4095,715,2918,3459
3443,253,2698,4095,714,2903,3441
3478,256,2700,4095,716,2906,3440
3473,266,2709,4095,725,2916,3444
3449,257,2707,4095,731,2918,3443
3421,254,2699,4095,729,2901,3426
3425,256,2693,4095,721,2903,3429
3438,258,2707,4095,734,2915,3438
3437,256,2706,4095,732,2914,3415
3426,257,2698,4095,730,2901,3441
3427,258,2694,4095,720,2906,3462
3441,249,2706,4095,721,2917,3513
3515,254,2704,4095,723,2914,3663
3527,256,2698,4095,714,2900,3568
3485,246,2694,4095,711,2905,3551
3440,256,2704,4095,709,2915,3600
3513,239,2703,4095,692,2915,3600
3507,243,2691,4095,638,2901,3591
3567,256,2691,4095,587,2901,3680
3457,245,2694,4095,589,2908,3679
3338,240,2704,4095,587,2918,3637
3326,242,2688,4095,585,2906,3517
3510,262,2694,4095,591,2906,3602
3467,258,2699,4095,594,2898,3595
3477,237,2704,4095,598,2903,3472
3571,206,2707,4095,603,2897,3549
3389,3120,2465,4095,13,2837,4095
3429,3136,2474,4095,15,2833,3810
3473,3118,2471,4095,17,2832,3822
3335,3118,2451,4095,16,2816,3883
3327,3141,2467,4095,19,2823,3885
3349,4095,2463,4095,18,2816,3818
3402,3422,2469,4095,16,2830,3888
3421,3120,2464,4095,15,2816,3821
3408,3134,2471,4095,14,2827,4048
3379,3111,2459,4095,12,2807,3966
3366,3114,2468,4095,18,2823,4051
3322,3091,2464,4095,48,2821,4011
3351,3120,2469,4095,16,2824,4095
3318,3093,2457,4095,15,2805,4095
3371,3117,2467,4095,11,2819,4095
3395,3105,2454,4095,4,2807,4095
3373,3116,2453,4095,16,2811,3850
3392,3116,2453,4095,16,2812,3933
3366,3110,2450,4095,16,2801,4095
3369,3117,2455,4095,19,2803,4095
3347,3122,2467,4095,16,2818,4095
3329,3106,2451,4095,11,2809,4095
3397,3120,2469,4095,28,2830,4095
3361,3089,2455,4095,10,2806,4095
3423,3111,2464,4095,6,2813,4095
3367,3098,2465,4095,1,2821,4095
3385,3109,2467,4095,0,2819,4095
3377,3108,2460,4095,0,2815,4055
3356,3136,2487,4095,0,2839,4085
3379,3088,2462,4095,0,2809,4065
3360,3118,2477,4095,6,2815,3985
3419,3107,2470,4095,3,2822,3994
3427,3110,2474,4095,0,2828,4095
3440,3114,2467,4095,0,2831,4095
3393,3099,2449,4095,0,2818,4095
3344,3041,2475,4095,0,2825,4095
3370,3066,2471,4095,0,2823,4095
3329,3110,2465,4095,0,2835,4074
3312,3065,2462,4095,0,2815,4092
3353,3084,2462,4095,0,2830,4049
3423,3102,2448,4095,0,2816,4095
3475,3304,2462,4095,0,2832,4095
3546,3290,2448,4095,0,2819,4095
3505,3301,2459,4095,5,2828,4095
3523,3280,2445,4095,0,2817,4095
3505,3152,2453,4095,0,2830,4095
3501,3120,2449,4095,10,2821,4095
3527,3130,2454,4095,2,2842,4095
3539,3130,2439,4095,5,2821,4095
3515,3142,2458,4095,7,2831,4095
3499,3125,2450,4095,3,2813,4095
3534,3365,2458,4095,5,2832,4095
3493,4095,2443,4095,4,2777,4095
3513,4095,2448,4095,12,2826,4095
3473,4095,2462,4095,18,2762,4095
3495,4095,2453,4095,16,2823,4095
3474,3485,2459,4095,11,2814,4095
3504,3211,2453,4095,13,2823,4095
3485,3152,2432,4095,10,2811,4095
3488,3385,2450,4095,19,2818,4095
3529,3230,2437,4095,11,2815,4095
3551,3472,2453,4095,16,2828,4095
3501,4095,2439,4095,11,2811,4095
3504,4095,2443,4095,16,2814,4095
3472,4095,2462,4095,16,2813,4095
3495,4095,2450,4095,16,2826,4095
3521,4095,2445,4095,3,2805,4095
3531,4095,2450,4095,16,2828,4095
3551,4095,2448,4095,16,2826,4095
3549,4095,2448,4095,16,2827,4095
3521,4095,2451,4095,9,2826,4095
3561,3696,2451,4095,16,2832,4095
3567,3554,2448,4095,16,2831,4095
3582,3317,2450,4095,18,2831,4095
3566,3312,2437,4095,17,2832,4095
3600,4095,2448,4095,18,2832,4095
3617,4095,2448,4095,19,2832,4095
3567,4095,2402,4095,16,2829,4095
3595,3350,2448,4095,16,2828,4095
3615,4095,2441,4095,16,2816,4095
3571,4095,2448,4095,20,2832,4095
3557,4095,2447,4095,15,2818,4095
3604,4095,2438,4095,18,2821,4095
3577,4095,2450,4095,19,2834,4095
3579,4095,2448,4095,15,2832,4095
3563,4095,2447,4095,31,2832,4095
3598,4095,2448,4095,16,2835,4095
3582,4095,2446,4095,15,2815,4095
3605,4095,2449,4095,16,2830,4095
3564,4095,2442,4095,6,2819,4095
3569,4095,2467,4095,17,2832,4095
3537,4095,2431,4095,5,2822,4095
3545,4095,2451,4095,16,2831,4095
3520,4095,2435,4095,11,2821,4095
3565,3367,2461,4095,14,2830,4095
3543,3542,2439,4095,8,2825,4095
3635,4095,2448,4095,11,2832,4095
3581,4095,2442,4095,7,2816,4095
3621,4095,2454,4095,29,2832,4095
3652,4095,2447,4095,11,2816,4095
3579,4095,2444,4095,7,2803,4095
3500,3115,2450,4095,16,2830,4095
3453,2976,2439,4095,16,2811,4095
3431,2986,2460,4095,30,2826,4095
3419,2948,2447,4095,29,2814,4095
3440,2959,2446,4095,36,2823,4095
3671,3000,2458,4095,19,2817,4095
3626,3086,2449,4095,36,2831,4095
3633,3103,2423,4095,36,2823,4095
3642,3117,2448,4095,36,2830,4095
3619,3120,2451,4095,32,2830,4095
3600,3105,2449,4095,30,2832,4095
3527,3111,2448,4095,27,2837,4095
3518,3119,2450,4095,38,2833,4095
3444,3111,2450,4095,35,2836,4095
3442,3114,2439,4095,35,2832,4095
3423,3116,2450,4095,32,2830,4095
3440,3111,2454,4095,36,2832,4095
3443,3118,2448,4095,38,2809,4095
3447,3102,2439,4095,23,2825,4095
3438,3109,2449,4095,36,2830,4095
3440,3103,2437,4095,33,2811,4095
3601,3111,2445,4095,34,2835,4095
3574,3101,2438,4095,32,2817,4095
3558,3118,2448,4095,35,2829,4095
3535,3107,2441,4095,35,2815,4095
3591,3110,2449,4095,39,2827,4095
3504,3101,2441,4095,21,2822,4095
3536,3115,2448,4095,40,2828,4095
3537,3093,2436,4095,48,2813,4095
3517,3109,2448,4095,49,2826,4095
3456,2970,2445,4095,47,2813,4095
3490,2973,2451,4095,48,2831,4095
3471,2969,2438,4095,49,2821,4095
3462,2970,2449,4095,50,2821,4095
3424,2932,2452,4095,31,2813,4095
3422,2941,2454,4095,44,2816,4095
3402,2922,2449,4095,40,2813,4095
3312,2930,2458,4095,42,2825,4095
3345,2913,2434,4095,38,2814,4095
3386,2928,2459,4095,31,2827,4095
3389,2935,2448,4095,42,2816,4095
3376,2970,2448,4095,38,2812,4095
3408,2983,2451,4095,33,2826,4095
3426,3078,2452,4095,43,2817,4095
3709,3120,2459,4095,42,2818,4095
3669,3120,2462,4095,43,2815,4095
3666,3056,2480,4095,34,2832,4095
3657,3092,2469,4095,49,2830,4095
3551,3104,2455,4095,50,2816,4095
3567,3115,2466,4095,49,2826,4095
3592,3109,2465,4095,43,2826,4095
3509,3109,2459,4095,43,2823,4095
3504,3111,2464,4095,43,2822,4095
3520,3116,2473,4095,48,2824,4095
3605,3114,2464,4095,48,2829,4095
3523,3109,2463,4095,48,2827,4095
3471,3089,2448,4095,48,2815,4095
3474,3097,2450,4095,47,2811,4095
3454,3093,2447,4095,59,2816,4095
3467,3089,2448,4095,51,2817,4095
3463,3094,2452,4095,51,2811,4095
3474,3091,2450,4095,47,2813,4095
3465,3097,2452,4095,53,2817,4095
3489,3100,2450,4095,47,2817,4095
3473,3099,2454,4095,55,2827,4095
3472,3089,2455,4095,50,2813,4095
3498,3103,2462,4095,53,2822,4095
3536,3094,2451,4095,50,2815,4095
3495,3105,2451,4095,45,2835,4095
3451,3091,2461,4095,48,2813,4095
3465,3077,2463,4095,39,2832,4095
3441,3088,2437,4095,42,2831,4095
3538,3093,2462,4095,38,2873,4095
3531,3093,2455,4095,16,2835,4095
3596,3103,2462,4095,10,2839,4095
3550,3088,2391,4095,25,2855,4095
3521,3101,2466,4095,17,2836,4095
3504,3091,2455,4095,15,2818,4095
3572,3107,2469,4095,16,2833,4095
3645,3087,2455,4095,27,2838,4095
3611,3109,2480,4095,10,2829,4095
3562,3101,2464,4095,21,2821,4095
3531,3113,2485,4095,5,2829,4095
3540,3097,2479,4095,9,2819,4095
3519,3116,2497,4095,24,2802,4095
3664,3007,2479,4095,35,2798,4095
3632,3021,2465,4095,50,2816,4095
3536,3099,2477,4095,38,2790,4095
3535,2928,2487,4095,47,2804,4095
3615,2935,2458,4095,49,2806,4095
3558,2986,2462,4095,91,2802,4095
3419,2965,2453,4095,144,2791,4095
3405,2915,2461,4095,162,2805,4095
3433,2775,2451,4095,103,2804,4095
3634,2965,2448,4095,57,2812,4095
3564,3038,2448,4095,37,2800,4095
3542,3110,2448,4095,39,2802,4095
3683,3098,2445,4095,17,2811,4095
3367,2928,2455,4095,48,2816,4095
3610,295,2796,4095,29,3043,4095
3673,324,2837,4095,22,3046,4095
3638,336,2829,4095,34,3025,4095
3609,331,2800,4095,45,3002,4095
3648,328,2800,4095,38,3008,4095
3635,326,2803,4095,41,2999,4095
3665,331,2802,4095,39,2999,4095
3648,330,2800,4095,39,3017,4095
3647,305,2800,4095,48,3003,4095
3648,326,2798,4095,39,2998,4095
3655,320,2800,4095,44,3002,4095
3664,323,2800,4095,38,3008,4095
3676,326,2818,4095,43,3019,4095
3670,331,2810,4095,32,3008,4095
3664,323,2810,4095,45,3006,4095
3742,311,2793,4095,42,3002,4095
3671,318,2800,4095,42,2993,4095
3719,320,2832,4095,39,3023,4095
3631,324,2803,4095,44,2963,4095
3647,323,2833,4095,45,3037,4095
3670,321,2827,4095,48,3031,4095
3641,323,2834,4095,32,3025,4095
3629,323,2810,4095,39,3009,4095
3632,307,2796,4095,40,3003,4095
3641,319,2806,4095,39,2995,4095
3632,321,2799,4095,41,3003,4095
3628,320,2800,4095,43,2992,4095
3651,319,2799,4095,41,3001,4095
3683,321,2802,4095,39,2999,4095
3669,311,2830,4095,39,3007,4095
3662,326,2832,4095,49,3032,4095
3755,323,2826,4095,48,3025,4095
3691,325,2832,4095,48,3031,4095
3696,331,2835,4095,43,3031,4095
3678,319,2801,4095,45,3005,4095
3713,321,2832,4095,42,3027,4095
3686,322,2805,4095,42,3008,4095
3689,336,2800,4095,43,3002,4095
3656,337,2841,4095,48,3031,4095
3629,322,2801,4095,41,3005,4095
3647,328,2800,4095,39,2993,4095
3650,323,2832,4095,36,3018,4095
3615,323,2800,4095,42,3006,4095
3695,330,2803,4095,42,2997,4095
3699,336,2800,4095,42,3001,4095
3605,342,2794,4095,42,2999,4095
3603,343,2795,4095,41,3004,4095
3632,351,2818,4095,46,3011,4095
3626,352,2813,4095,46,3012,4095
3639,349,2816,4095,48,3013,4095
3639,347,2811,4095,47,3011,4095
3614,347,2816,4095,39,3009,4095
3629,347,2813,4095,48,3011,4095
3647,348,2814,4095,47,3013,4095
3600,343,2815,4095,47,3014,4095
3623,350,2813,4095,48,3009,4095
3643,352,2813,4095,45,3009,4095
3669,344,2801,4095,52,2995,4095
3700,337,2800,4095,45,2997,4095
3699,337,2805,4095,42,3013,4095
3735,347,2802,4095,42,2997,4095
3698,342,2800,4095,42,2992,4095
3708,347,2805,4095,42,3002,4095
3738,347,2798,4095,37,2995,4095
3699,346,2795,4095,41,2994,4095
3638,345,2799,4095,43,3003,4095
3696,349,2800,4095,38,3006,4095
3687,347,2816,4095,43,3021,4095
3664,354,2811,4095,47,3003,4095
3627,349,2811,4095,45,3010,4095
3681,349,2809,4095,43,3003,4095
3621,340,2799,4095,36,2995,4095
3651,339,2822,4095,37,3025,4095
3663,343,2802,4095,37,3025,4095
3656,338,2833,4095,41,3035,4095
3681,351,2828,4095,35,3025,4095
3679,351,2831,4095,47,3031,4095
3674,337,2804,4095,42,3009,4095
3746,333,2806,4095,42,2994,4095
3712,336,2800,4095,46,2997,4095
3677,336,2801,4095,39,3004,4095
3702,336,2799,4095,43,3004,4095
3679,338,2801,4095,47,2995,4095
3722,335,2787,4095,39,2997,4095
3713,340,2815,4095,44,3019,4095
3710,335,2795,4095,33,2998,4095
3710,341,2832,4095,49,3029,4095
3664,336,2800,4095,33,3008,4095
3648,331,2800,4095,35,3001,4095
3703,334,2795,4095,43,2999,4095
3682,299,2802,4095,35,3025,4095
3707,333,2795,4095,33,3002,4095
3651,336,2799,4095,33,3000,4095
3646,333,2791,4095,34,3003,4095
3693,330,2800,4095,33,2999,4095
3664,334,2800,4095,34,3006,4095
3650,329,2793,4095,34,2999,4095
3669,334,2814,4095,37,3010,4095
3658,334,2811,4095,35,3008,4095
3641,331,2816,4095,58,2998,4095
3616,333,2828,4095,42,3041,4095
3680,337,2799,4095,35,3005,4095
3663,336,2800,4095,39,2997,4095
3716,335,2800,4095,32,3007,4095
3650,341,2801,4095,37,2996,4095
3642,336,2802,4095,41,2992,4095
3766,336,2809,4095,39,2996,4095
3725,336,2795,4095,44,2999,4095
3741,336,2800,4095,46,3011,4095
3750,336,2798,4095,39,2995,4095
3746,336,2803,4095,37,3008,4095
3761,336,2810,4095,45,3010,4095
3686,339,2811,4095,43,3009,4095
3722,336,2802,4095,42,3006,4095
3760,351,2832,4095,32,3021,4095
3651,336,2804,4095,40,2997,4095
3654,336,2801,4095,48,3028,4095
3663,331,2827,4095,42,3029,4095
3686,337,2830,4095,42,3026,4095
3630,336,2805,4095,46,2992,4095
3648,339,2801,4095,39,2995,4095
3644,338,2800,4095,35,2995,4095
3685,336,2800,4095,41,2999,4095
3648,336,2801,4095,41,2995,4095
3657,334,2801,4095,41,3003,4095
3645,336,2800,4095,43,2996,4095
3627,336,2801,4095,42,2999,4095
3625,344,2791,4095,43,2995,4095
3659,334,2834,4095,44,3024,4095
3632,330,2801,4095,38,2996,4095
3636,334,2825,4095,39,2999,4095
3634,334,2800,4095,48,2987,4095
3627,331,2803,4095,39,3003,4095
3691,336,2804,4095,44,2993,4095
3646,341,2825,4095,44,3002,4095
3619,336,2799,4095,43,3003,4095
3630,338,2801,4095,44,3009,4095
3626,335,2803,4095,43,2994,4095
3632,323,2815,4095,45,3005,4095
3634,338,2814,4095,44,3008,4095
3647,333,2805,4095,45,3007,4095
3632,334,2797,4095,23,3013,4095
3643,334,2831,4095,41,3029,4095
3689,341,2800,4095,35,3000,4095
3667,339,2800,4095,32,2960,4095
3633,342,2797,4095,40,3001,4095
3651,342,2801,4095,42,2995,4095
3665,341,2793,4095,37,2994,4095
3632,342,2802,4095,37,2998,4095
3644,345,2802,4095,34,3014,4095
3653,339,2800,4095,39,2994,4095
3683,327,2827,4095,31,2995,4095
3733,336,2795,4095,41,2995,4095
3727,340,2800,4095,31,3005,4095
3702,341,2829,4095,33,3023,4095
3648,336,2795,4095,44,2983,4095
3643,343,2798,4095,36,2994,4095
3661,343,2803,4095,36,3000,4095
3627,340,2802,4095,34,2995,4095
3657,340,2802,4095,36,2992,4095
3627,338,2799,4095,36,2992,4095
3642,339,2800,4095,33,2994,4095
3643,335,2800,4095,34,3006,4095
3663,345,2810,4095,38,3008,4095
3655,339,2813,4095,37,3004,4095
3627,338,2795,4095,32,2981,4095
3705,349,2819,4095,46,3023,4095
3696,336,2798,4095,36,2992,4095
3750,349,2826,4095,35,3031,4095
3723,337,2803,4095,32,3012,4095
3702,337,2795,4095,37,3003,4095
3760,336,2793,4095,37,3010,4095
3695,338,2769,4095,35,2994,4095
3712,331,2794,4095,41,2994,4095
3719,336,2801,4095,40,2996,4095
3664,340,2798,4095,44,2992,4095
3696,336,2808,4095,43,2992,4095
3678,336,2799,4095,42,2981,4095
3679,343,2813,4095,44,3014,4095
3711,341,2793,4095,47,2999,4095
3759,337,2799,4095,35,2999,4095
3792,339,2800,4095,35,3007,4095
3760,336,2791,4095,36,2996,4095
3722,335,2800,4095,37,3003,4095
3730,336,2797,4095,37,3007,4095
3805,338,2799,4095,48,2998,4095
3750,336,2800,4095,41,2995,4095
3727,344,2798,4095,33,2998,4095
3745,340,2800,4095,43,2991,4095
3666,338,2795,4095,42,2990,4095
3675,336,2800,4095,37,3005,4095
3713,342,2765,4095,43,3007,4095
3695,343,2815,4095,44,3006,4095
3715,360,2803,4095,36,3014,4095
3766,340,2830,4095,39,3035,4095
3724,336,2800,4095,42,2992,4095
3753,341,2795,4095,39,2996,4095
3751,336,2804,4095,45,2943,4095
3735,334,2795,4095,38,2997,4095
3731,335,2803,4095,43,3008,4095
3740,341,2825,4095,36,2994,4095
3755,334,2788,4095,37,2995,4095
3725,336,2800,4095,38,3000,4095
3811,338,2828,4095,43,2992,4095
3725,338,2807,4095,43,3008,4095
3751,339,2811,4095,43,3009,4095
3767,339,2811,4095,45,3005,4095
3776,323,2794,4095,45,2998,4095
3760,336,2797,4095,80,2970,4095
3723,336,2768,4095,50,2999,4095
3793,351,2832,4095,47,3023,4095
3748,335,2797,4095,43,2996,4095
3742,336,2789,4095,37,2989,4095
3745,331,2792,4095,46,2986,4095
3754,336,2795,4095,44,2992,4095
3696,334,2798,4095,39,2998,4095
3728,336,2798,4095,46,2991,4095
3759,327,2801,4095,37,2993,4095
3735,337,2797,4095,41,2996,4095
3754,334,2805,4095,47,3006,4095
3766,337,2810,4095,46,2995,4095
3766,336,2807,4095,47,3015,4095
3760,336,2816,4095,46,3007,4095
3750,335,2791,4095,31,3004,4095
3706,337,2829,4095,33,3014,4095
3753,346,2822,4095,43,3020,4095
3759,331,2800,4095,41,2989,4095
3755,334,2797,4095,45,2999,4095
3714,335,2803,4095,43,2993,4095
3734,328,2798,4095,46,2990,4095
3759,333,2793,4095,45,2989,4095
3728,329,2800,4095,43,2991,4095
3730,330,2795,4095,43,2983,4095
3767,327,2799,4095,43,2993,4095
3739,327,2798,4095,41,2992,4095
3751,332,2811,4095,48,3008,4095
3781,336,2799,4095,47,3007,4095
3746,331,2804,4095,5,2992,4095
3815,339,2815,4095,38,3018,4095
3773,333,2800,4095,46,2998,4095
3762,335,2800,4095,42,2996,4095
3763,338,2800,4095,43,2991,4095
3762,331,2799,4095,48,2992,4095
3743,330,2798,4095,39,2994,4095
3760,320,2795,4095,45,2996,4095
3760,329,2800,4095,46,2998,4095
3760,327,2799,4095,60,3010,4095
3775,336,2807,4095,47,3009,4095
3779,335,2795,4095,48,3008,4095
3763,336,2809,4095,43,3003,4095
3797,336,2809,4095,48,3002,4095
3779,337,2806,4095,48,2999,4095
3760,360,2792,4095,31,2997,4095
3793,326,2794,4095,47,2992,4095
3790,327,2795,4095,43,2995,4095
3794,328,2798,4095,43,2992,4095
3763,335,2787,4095,43,2990,4095
3795,323,2797,4095,43,2992,4095
3764,346,2800,4095,45,2992,4095
3782,320,2800,4095,41,2992,4095
3814,324,2795,4095,47,2993,4095
3774,323,2800,4095,45,2994,4095
3783,320,2794,4095,39,3000,4095
3788,322,2800,4095,36,2994,4095
3792,320,2800,4095,52,2998,4095
3792,320,2815,4095,48,3008,4095
3776,309,2789,4095,48,2989,4095
3775,327,2828,4095,50,3023,4095
3750,319,2800,4095,50,2992,4095
3774,319,2797,4095,45,2992,4095
3796,320,2796,4095,37,2992,4095
3782,319,2791,4095,45,2992,4095
3765,319,2793,4095,45,2992,4095
3762,319,2803,4095,47,2992,4095
3742,320,2796,4095,44,2990,4095
3739,322,2795,4095,48,2993,4095
3760,326,2795,4095,48,2991,4095
3772,318,2786,4095,47,2988,4095
3779,326,2805,4095,47,2999,4095
3785,323,2805,4095,48,3007,4095
3773,328,2797,4095,48,2988,4095
3755,323,2800,4095,48,2992,4095
3782,322,2794,4095,47,2986,4095
3742,323,2798,4095,46,2993,4095
3760,329,2797,4095,48,2992,4095
3735,321,2797,4095,48,2994,4095
3742,340,2799,4095,48,2999,4095
3735,331,2790,4095,48,2991,4095
3715,322,2793,4095,47,2986,4095
3697,314,2800,4095,48,2992,4095
3759,321,2807,4095,48,3002,4095
3696,320,2794,4095,31,2984,4095
3722,325,2805,4095,48,2997,4095
3727,324,2809,4095,48,3003,4095
3715,322,2785,4095,47,2989,4095
3731,314,2797,4095,48,2991,4095
3727,320,2800,4095,47,2992,4095
3727,320,2793,4095,48,2993,4095
3730,318,2806,4095,45,2989,4095
3749,319,2802,4095,45,2983,4095
3728,320,2797,4095,48,2992,4095
3687,318,2800,4095,43,2991,4095
3712,320,2799,4095,48,2987,4095
3675,313,2791,4095,48,2991,4095
3694,309,2795,4095,48,2992,4095
3722,318,2801,4095,49,3001,4095
3695,327,2805,4095,51,3003,4095
3714,323,2802,4095,48,3003,4095
3691,309,2795,4095,48,2991,4095
3710,305,2795,4095,51,2994,4095
3737,305,2795,4095,48,2991,4095
3743,315,2810,4095,48,3006,4095
3727,311,2811,4095,48,3002,4095
3716,310,2806,4095,47,3001,4095
3735,307,2802,4095,48,2992,4095
3739,310,2803,4095,48,2992,4095
3735,309,2807,4095,48,2999,4095
3722,307,2804,4095,49,3002,4095
3726,310,2806,4095,48,3006,4095
3701,307,2800,4095,50,3004,4095
3728,314,2807,4095,48,2991,4095
3739,311,2803,4095,48,2997,4095
3709,304,2784,4095,48,2983,4095
3681,303,2797,4095,48,2991,4095
3713,303,2797,4095,48,2987,4095
3693,304,2794,4095,49,2996,4095
3710,304,2797,4095,46,2985,4095
3687,306,2800,4095,49,2989,4095
3703,305,2793,4095,46,2991,4095
3710,304,2787,4095,41,2981,4095
3693,306,2799,4095,48,2992,4095
3696,304,2766,4095,43,2997,4095
3700,315,2811,4095,48,3006,4095
3698,309,2804,4095,48,3003,4095
3719,304,2805,4095,48,2995,4095
3703,303,2803,4095,49,3002,4095
3714,306,2800,4095,48,2992,4095
3715,308,2824,4095,49,3019,4095
3728,303,2798,4095,45,2998,4095
3744,303,2832,4095,48,3020,4095
3707,306,2800,4095,49,2996,4095
3750,312,2816,4095,46,3030,4095
3744,307,2795,4095,48,2992,4095
3771,306,2800,4095,51,2991,4095
3788,307,2799,4095,48,2991,4095
3775,316,2793,4095,48,2980,4095
3712,299,2796,4095,48,2979,4095
3661,308,2795,4095,48,2992,4095
3725,305,2796,4095,48,2992,4095
3699,306,2800,4095,51,2998,4095
3691,306,2791,4095,47,2986,4095
3696,307,2814,4095,48,2995,4095
3669,308,2800,4095,45,2996,4095
3712,305,2800,4095,45,2987,4095
3705,314,2797,4095,48,2987,4095
3722,305,2795,4095,46,2992,4095
3722,306,2784,4095,50,2992,4095
3734,305,2791,4095,47,2992,4095
3760,303,2794,4095,47,2992,4095
3773,307,2794,4095,49,2992,4095
3802,312,2807,4095,50,3008,4095
3769,309,2801,4095,48,3003,4095
3792,307,2805,4095,48,2997,4095
3789,310,2798,4095,53,2999,4095
3796,304,2784,4095,43,2987,4095
3769,272,2805,4095,48,2992,4095
3811,305,2798,4095,48,2992,4095
3806,304,2802,4095,48,2992,4095
3794,304,2805,4095,48,2983,4095
3790,309,2789,4095,43,2983,4095
3818,303,2794,4095,48,2989,4095
3823,308,2798,4095,48,2991,4095
3831,304,2791,4095,48,2992,4095
3809,304,2798,4095,47,2991,4095
3853,307,2795,4095,55,2989,4095
3824,305,2791,4095,48,3022,4095
3846,310,2801,4095,50,3005,4095
3835,313,2801,4095,48,3001,4095
3782,306,2759,4095,44,2992,4095
3783,315,2822,4095,49,3019,4095
3802,304,2795,4095,50,2989,4095
3772,304,2832,4095,57,3022,4095
3796,318,2826,4095,48,3034,4095
3804,317,2816,4095,64,3021,4095
3776,305,2798,4095,48,2991,4095
3781,308,2799,4095,50,2992,4095
3786,305,2800,4095,48,2991,4095
3757,307,2795,4095,48,2993,4095
3760,310,2787,4095,48,2991,4095
3767,317,2800,4095,48,2992,4095
3782,307,2800,4095,48,2991,4095
3745,305,2798,4095,48,2991,4095
3770,303,2793,4095,48,2991,4095
3728,310,2796,4095,49,2986,4095
3725,310,2794,4095,47,2985,4095
3733,310,2791,4095,54,2990,4095
3713,310,2791,4095,50,2986,4095
3721,304,2795,4095,49,2991,4095
3735,305,2790,4095,51,2988,4095
3697,310,2797,4095,51,2993,4095
3706,304,2791,4095,49,2991,4095
3743,306,2771,4095,50,2993,4095
3735,320,2806,4095,51,3009,4095
3722,313,2804,4095,53,3011,4095
3747,309,2805,4095,50,2998,4095
3751,307,2801,4095,50,2999,4095
3758,287,2787,4095,49,2994,4095
3694,307,2795,4095,54,3007,4095
3723,307,2800,4095,49,2943,4095
3709,311,2790,4095,52,2992,4095
3711,303,2797,4095,54,2993,4095
3695,307,2789,4095,50,2979,4095
3713,321,2831,4095,55,2999,4095
3717,305,2787,4095,52,2989,4095
3696,312,2789,4095,51,2987,4095
3696,337,2800,4095,52,2985,4095
3718,305,2813,4095,53,3008,4095
3681,317,2805,4095,53,2994,4095
3697,320,2806,4095,54,3007,4095
3693,304,2806,4095,50,2994,4095
3686,304,2800,4095,49,2985,4095
3714,305,2785,4095,47,2989,4095
3718,306,2795,4095,49,2983,4095
3733,310,2800,4095,48,2990,4095
3715,314,2796,4095,45,2994,4095
3727,306,2789,4095,54,2989,4095
3760,310,2790,4095,52,2990,4095
3728,305,2796,4095,48,2995,4095
3744,307,2791,4095,48,2992,4095
3688,317,2821,4095,47,2991,4095
3727,315,2810,4095,51,3006,4095
3750,315,2805,4095,55,3008,4095
3733,307,2807,4095,52,2994,4095
3711,313,2803,4095,53,2998,4095
3714,306,2797,4095,53,2983,4095
3733,303,2783,4095,50,2987,4095
3721,312,2794,4095,53,2983,4095
3755,307,2794,4095,51,2992,4095
3730,304,2793,4095,53,2982,4095
3738,306,2798,4095,49,2990,4095
3756,306,2798,4095,55,2991,4095
3751,308,2800,4095,54,2991,4095
3747,288,2791,4095,52,2986,4095
3757,302,2795,4095,53,2987,4095
3750,304,2800,4095,51,2988,4095
3778,304,2805,4095,53,2997,4095
3767,307,2805,4095,55,2994,4095
3759,313,2807,4095,57,2997,4095
3754,306,2787,4095,51,2981,4095
3802,311,2826,4095,63,3029,4095
3810,304,2791,4095,48,3020,4095
3794,309,2793,4095,51,2990,4095
3795,312,2795,4095,60,2990,4095
3818,304,2795,4095,57,2987,4095
3820,304,2790,4095,58,2986,4095
3792,304,2799,4095,51,2990,4095
3803,304,2797,4095,54,2993,4095
3821,279,2810,4095,39,2961,4095
3785,308,2800,4095,58,2995,4095
3814,311,2811,4095,59,2999,4095
3824,313,2809,4095,59,2998,4095
3805,311,2807,4095,61,2999,4095
3792,303,2784,4095,40,3014,4095
3792,307,2795,4095,51,2989,4095
3803,304,2798,4095,57,2992,4095
3783,312,2796,4095,54,2987,4095
3805,306,2797,4095,59,2992,4095
3803,306,2799,4095,54,2987,4095
3778,304,2797,4095,51,2983,4095
3793,306,2795,4095,49,2999,4095
3808,310,2794,4095,52,2986,4095
3802,306,2798,4095,57,2989,4095
3822,311,2811,4095,59,3005,4095
3817,314,2807,4095,59,2993,4095
3760,306,2816,4095,59,2997,4095
3792,310,2810,4095,61,3001,4095
3785,304,2794,4095,54,2987,4095
3759,304,2803,4095,60,2986,4095
3752,307,2800,4095,55,2983,4095
3758,303,2786,4095,57,2990,4095
3731,304,2797,4095,49,2992,4095
3742,304,2795,4095,55,2992,4095
3769,308,2794,4095,54,2987,4095
3765,304,2800,4095,56,2989,4095
3737,304,2800,4095,62,2987,4095
3765,304,2800,4095,56,2986,4095
3776,302,2793,4095,57,2985,4095
3772,305,2806,4095,59,2993,4095
3776,305,2813,4095,57,2993,4095
3779,304,2801,4095,59,2995,4095
3744,279,2800,4095,49,2986,4095
3792,303,2800,4095,50,2986,4095
3792,299,2802,4095,55,2973,4095
3803,301,2799,4095,60,2989,4095
3780,299,2800,4095,58,2990,4095
3792,294,2798,4095,54,2991,4095
3786,299,2797,4095,60,2991,4095
3766,299,2798,4095,59,2987,4095
3748,292,2795,4095,60,2989,4095
3776,295,2797,4095,61,2999,4095
3773,305,2811,4095,58,3007,4095
3799,304,2811,4095,59,2995,4095
3811,304,2807,4095,59,2996,4095
3775,304,2813,4095,57,2993,4095
3749,302,2800,4095,55,2979,4095
3755,299,2800,4095,54,2989,4095
3745,303,2801,4095,58,2991,4095
3748,304,2801,4095,58,2987,4095
3760,289,2795,4095,55,2981,4095
3776,302,2800,4095,51,2993,4095
3777,302,2803,4095,59,2987,4095
3775,304,2800,4095,53,2985,4095
3815,297,2800,4095,66,2976,4095
3792,302,2800,4095,65,2992,4095
3830,304,2813,4095,61,3004,4095
3830,303,2807,4095,64,2994,4095
3811,310,2814,4095,59,3009,4095
3824,304,2812,4095,59,2996,4095
3837,306,2813,4095,69,2978,4095
3803,303,2799,4095,61,2985,4095
3812,303,2800,4095,55,2983,4095
3810,304,2800,4095,62,2989,4095
3856,317,2832,4095,53,2990,4095
3836,312,2797,4095,56,2992,4095
3810,301,2800,4095,53,2992,4095
3783,303,2800,4095,55,2988,4095
3792,303,2798,4095,55,2986,4095
3790,304,2798,4095,54,2997,4095
3830,305,2797,4095,55,2982,4095
3845,304,2800,4095,55,2985,4095
3822,304,2798,4095,58,2990,4095
3823,304,2795,4095,55,2991,4095
3867,304,2798,4095,51,2985,4095
3819,304,2799,4095,51,2992,4095
3830,304,2801,4095,57,2989,4095
3843,307,2800,4095,57,2987,4095
3847,304,2797,4095,61,2991,4095
3809,299,2799,4095,55,2992,4095
3838,304,2801,4095,57,2971,4095
3827,304,2797,4095,60,2985,4095
3855,306,2797,4095,57,2983,4095
3833,303,2815,4095,57,2979,4095
3866,306,2813,4095,61,3010,4095
3813,306,2810,4095,62,2992,4095
3837,307,2807,4095,59,2993,4095
3824,310,2806,4095,59,3003,4095
3821,303,2798,4095,57,2985,4095
3798,305,2797,4095,57,2990,4095
3839,313,2827,4095,62,3011,4095
3809,310,2822,4095,66,3012,4095
3788,307,2795,4095,41,2987,4095
3807,304,2798,4095,53,2990,4095
3824,309,2800,4095,51,2989,4095
3774,310,2800,4095,55,2986,4095
3783,310,2800,4095,58,2991,4095
3793,321,2796,4095,58,2993,4095
3775,305,2798,4095,55,2991,4095
3779,299,2790,4095,53,2986,4095
3818,305,2800,4095,59,2988,4095
3774,309,2796,4095,62,3002,4095
3737,320,2798,4095,47,2983,4095
3775,308,2790,4095,51,2989,4095
3757,311,2804,4095,54,2982,4095
3789,311,2800,4095,64,3009,4095
3806,311,2800,4095,62,2990,4095
3811,306,2799,4095,55,2989,4095
3835,311,2800,4095,57,2985,4095
3811,307,2803,4095,57,2981,4095
3779,304,2799,4095,59,2989,4095
3839,308,2800,4095,50,2983,4095
3805,310,2810,4095,62,2995,4095
3792,314,2810,4095,52,3003,4095
3781,312,2810,4095,59,3005,4095
3763,313,2802,4095,55,2995,4095
3768,321,2778,4095,54,2991,4095
3777,317,2804,4095,65,3002,4095
3792,311,2796,4095,51,3012,4095
3734,316,2789,4095,49,2980,4095
3764,318,2791,4095,53,2985,4095
3760,319,2793,4095,58,2982,4095
3729,314,2793,4095,59,2986,4095
3728,321,2796,4095,58,2979,4095
3728,318,2797,4095,61,2988,4095
3738,315,2800,4095,55,2992,4095
3738,305,2794,4095,51,2983,4095
3760,318,2802,4095,56,2979,4095
3764,321,2802,4095,61,2997,4095
3753,320,2814,4095,61,2986,4095
3761,319,2809,4095,59,2991,4095
3792,319,2802,4095,59,2995,4095
3719,315,2794,4095,58,2976,4095
3728,317,2827,4095,66,3006,4095
3762,332,2826,4095,61,3012,4095
3717,321,2795,4095,52,2983,4095
3731,313,2817,4095,62,3017,4095
3790,313,2833,4095,60,3024,4095
3724,315,2798,4095,53,2983,4095
3730,313,2800,4095,57,2967,4095
3751,314,2799,4095,54,2986,4095
3776,314,2791,4095,61,2987,4095
3740,318,2796,4095,54,2982,4095
3739,311,2792,4095,55,2985,4095
3741,313,2793,4095,58,2977,4095
3713,319,2794,4095,59,2984,4095
3804,314,2799,4095,61,2977,4095
3775,321,2830,4095,63,3009,4095
3791,313,2799,4095,56,2992,4095
3799,309,2800,4095,55,2992,4095
3810,313,2794,4095,55,2984,4095
3792,307,2791,4095,65,3015,4095
3775,316,2791,4095,58,3031,4095
3775,308,2798,4095,51,2985,4095
3804,311,2800,4095,55,2977,4095
3834,307,2797,4095,60,2981,4095
3765,311,2799,4095,54,2981,4095
3759,316,2795,4095,59,2975,4095
3762,321,2832,4095,63,3015,4095
3765,307,2800,4095,55,2979,4095
3769,309,2800,4095,49,2979,4095
3777,307,2793,4095,53,2983,4095
3755,314,2795,4095,55,2975,4095
3771,311,2797,4095,61,2978,4095
3776,310,2797,4095,59,2989,4095
3774,313,2800,4095,54,2992,4095
3745,341,2787,4095,58,2983,4095
3792,323,2829,4095,70,3015,4095
3834,318,2800,4095,54,2989,4095
3807,315,2794,4095,57,2973,4095
3843,307,2832,4095,63,3003,4095
3829,311,2798,4095,55,2987,4095
3808,309,2800,4095,55,2978,4095
3809,321,2793,4095,55,2997,4095
3788,319,2800,4095,38,2977,4095
3767,311,2790,4095,61,2983,4095
3773,305,2797,4095,57,2976,4095
3788,313,2827,4095,59,2997,4095
3809,319,2804,4095,64,2973,4095
3792,311,2796,4095,55,2980,4095
3770,311,2798,4095,59,2986,4095
3767,319,2797,4095,55,2976,4095
3770,317,2794,4095,59,2980,4095
3760,305,2791,4095,55,2976,4095
3776,308,2795,4095,55,2983,4095
3773,309,2799,4095,59,2965,4095
3760,304,2793,4095,62,2977,4095
3795,305,2806,4095,31,2985,4095
3779,305,2807,4095,62,2995,4095
3763,319,2789,4095,63,2965,4095
3771,310,2818,4095,54,3008,4095
3783,306,2800,4095,63,2975,4095
3770,304,2791,4095,64,2978,4095
3773,306,2795,4095,57,2979,4095
3767,307,2789,4095,61,2992,4095
3728,304,2802,4095,62,2996,4095
3728,308,2796,4095,58,2982,4095
3758,304,2800,4095,64,2980,4095
3727,304,2794,4095,59,2976,4095
3760,301,2793,4095,64,2978,4095
3760,302,2801,4095,58,2981,4095
3775,304,2804,4095,63,2990,4095
3747,303,2803,4095,61,2991,4095
3748,303,2794,4095,47,2967,4095
3746,309,2830,4095,59,3014,4095
3749,291,2799,4095,63,2979,4095
3762,299,2791,4095,64,3015,4095
3739,298,2795,4095,58,2987,4095
3773,291,2797,4095,57,2976,4095
3743,299,2796,4095,60,2987,4095
3762,298,2791,4095,59,2979,4095
3760,291,2795,4095,63,2989,4095
3740,291,2793,4095,63,2978,4095
3759,291,2789,4095,59,2978,4095
3773,289,2800,4095,59,2978,4095
3730,298,2805,4095,64,3002,4095
3751,297,2806,4095,64,2975,4095
3723,288,2787,4095,64,2975,4095
3753,288,2831,4095,62,3004,4095
3724,291,2795,4095,54,2971,4095
3735,287,2800,4095,59,2980,4095
3746,289,2797,4095,55,2971,4095
3760,284,2794,4095,51,2979,4095
3713,296,2795,4095,59,2992,4095
3735,286,2799,4095,55,2976,4095
3764,291,2789,4095,58,2975,4095
3728,287,2795,4095,62,2979,4095
3796,279,2807,4095,43,2993,4095
3756,291,2799,4095,59,2975,4095
3743,294,2810,4095,64,2991,4095
3735,294,2810,4095,65,2991,4095
3775,302,2783,4095,80,2971,4095
3744,299,2819,4095,65,3010,4095
3741,290,2784,4095,61,2980,4095
3764,291,2830,4095,64,3004,4095
3713,287,2794,4095,59,2978,4095
3755,293,2829,4095,60,3013,4095
3746,301,2801,4095,62,2982,4095
3718,290,2797,4095,61,2979,4095
3730,293,2794,4095,64,2973,4095
3732,291,2800,4095,55,2979,4095
3739,292,2804,4095,55,2994,4095
3728,291,2795,4095,64,2979,4095
3712,283,2791,4095,55,2974,4095
3760,291,2775,4095,55,2991,4095
3717,288,2813,4095,57,2960,4095
3760,304,2817,4095,64,3013,4095
3729,291,2795,4095,63,2981,4095
3715,293,2797,4095,61,2987,4095
3717,287,2798,4095,55,2982,4095
3727,294,2791,4095,63,2986,4095
3706,288,2800,4095,58,2979,4095
3688,267,2797,4095,39,2977,4095
3691,288,2800,4095,58,2972,4095
3695,290,2782,4095,64,2965,4095
3679,302,2793,4095,63,2959,4095
3697,294,2813,4095,63,2993,4095
3710,292,2807,4095,63,2992,4095
3686,297,2803,4095,61,2992,4095
3673,296,2791,4095,62,2976,4095
3682,283,2798,4095,55,2976,4095
3657,292,2805,4095,64,3010,4095
3696,267,2779,4095,55,3009,4095
3682,290,2799,4095,80,2981,4095
3715,294,2800,4095,57,2977,4095
3691,288,2802,4095,59,2985,4095
3724,290,2800,4095,54,2979,4095
3712,290,2787,4095,62,2977,4095
3712,293,2800,4095,60,2976,4095
3745,292,2795,4095,64,2979,4095
3728,294,2797,4095,55,2976,4095
3746,295,2809,4095,63,3007,4095
3739,296,2802,4095,62,2991,4095
3740,287,2800,4095,63,2971,4095
3729,289,2797,4095,32,2975,4095
3760,283,2775,4095,55,2971,4095
3749,283,2784,4095,57,2975,4095
3763,316,2817,4095,51,3007,4095
3696,289,2779,4095,54,2977,4095
3711,287,2784,4095,53,2974,4095
3773,288,2774,4095,53,2965,4095
3756,289,2786,4095,55,2973,4095
3742,284,2779,4095,57,2967,4095
3784,286,2775,4095,54,2979,4095
3806,286,2782,4095,57,2986,4095
3758,282,2774,4095,51,2971,4095
3792,286,2779,4095,61,2971,4095
3807,291,2791,4095,61,2988,4095
3714,304,2781,4095,69,2951,4095
3765,283,2777,4095,55,2974,4095
3773,283,2778,4095,58,2973,4095
3743,286,2778,4095,54,2977,4095
3760,291,2815,4095,60,3011,4095
3772,295,2815,4095,61,3004,4095
3728,288,2784,4095,60,2992,4095
3776,279,2816,4095,48,3024,4095
3789,291,2783,4095,55,2982,4095
3776,289,2782,4095,54,2973,4095
3761,279,2785,4095,53,2976,4095
3774,283,2779,4095,58,2983,4095
3791,288,2775,4095,53,2981,4095
3761,292,2775,4095,51,2973,4095
3762,284,2780,4095,56,2982,4095
3793,287,2815,4095,59,3019,4095
3732,287,2775,4095,55,2969,4095
3742,286,2785,4095,59,2982,4095
3705,282,2781,4095,60,2973,4095
3730,291,2782,4095,59,2979,4095
3728,287,2780,4095,63,2983,4095
3717,287,2786,4095,59,2961,4095
3728,286,2781,4095,55,2972,4095
3755,287,2781,4095,55,2967,4095
3715,286,2781,4095,64,2975,4095
3732,283,2771,4095,64,2971,4095
3741,288,2775,4095,55,2992,4095
3727,283,2791,4095,59,2987,4095
3728,288,2789,4095,64,2982,4095
3716,304,2755,4095,64,2993,4095
3728,287,2801,4095,59,3003,4095
3741,278,2777,4095,64,2974,4095
3746,286,2780,4095,62,2971,4095
3729,286,2774,4095,56,2972,4095
3715,278,2775,4095,64,2978,4095
3734,282,2773,4095,64,2973,4095
3710,281,2785,4095,67,2971,4095
3714,279,2774,4095,61,2973,4095
3766,283,2772,4095,62,2973,4095
3776,286,2786,4095,64,2974,4095
3777,283,2777,4095,61,2986,4095
3805,287,2790,4095,64,2978,4095
3756,288,2793,4095,65,2985,4095
3802,308,2774,4095,66,3009,4095
3796,277,2806,4095,62,3011,4095
3767,281,2775,4095,60,2967,4095
3765,278,2777,4095,63,2970,4095
3761,275,2773,4095,58,2977,4095
3751,279,2783,4095,64,2977,4095
3757,282,2780,4095,55,2970,4095
3764,279,2780,4095,59,2976,4095
3783,288,2779,4095,62,2969,4095
3776,285,2784,4095,61,2979,4095
3776,275,2783,4095,64,2974,4095
3763,275,2784,4095,59,2970,4095
3818,290,2789,4095,64,2988,4095
3829,287,2790,4095,62,2980,4095
3805,279,2777,4095,63,2962,4095
3852,282,2774,4095,58,2973,4095
3804,279,2764,4095,65,2998,4095
3807,281,2777,4095,59,2975,4095
3792,281,2770,4095,64,2977,4095
3780,281,2769,4095,59,2963,4095
3789,284,2780,4095,63,2975,4095
3813,280,2779,4095,58,2965,4095
3787,277,2775,4095,59,2986,4095
3796,279,2778,4095,63,2967,4095
3813,279,2779,4095,64,2965,4095
3813,288,2797,4095,62,2992,4095
3813,286,2791,4095,64,2986,4095
3847,286,2790,4095,64,2979,4095
3934,263,2768,4095,63,2994,4095
3810,284,2807,4095,64,3004,4095
3806,282,2773,4095,64,2993,4095
3806,280,2777,4095,58,2963,4095
3792,280,2777,4095,61,2976,4095
3805,282,2742,4095,64,2966,4095
3819,279,2773,4095,59,2977,4095
3777,282,2775,4095,61,2977,4095
3771,281,2774,4095,63,2974,4095
3792,276,2775,4095,59,2975,4095
3760,283,2774,4095,67,2986,4095
3792,283,2777,4095,61,2974,4095
3813,281,2787,4095,64,2982,4095
3771,283,2788,4095,64,2982,4095
3781,272,2785,4095,64,2983,4095
3745,271,2774,4095,60,2979,4095
3743,272,2778,4095,59,3009,4095
3743,272,2800,4095,61,2970,4095
3765,274,2816,4095,66,3007,4095
3790,284,2808,4095,66,2996,4095
3769,274,2782,4095,64,2971,4095
3781,273,2773,4095,63,2970,4095
3790,273,2775,4095,64,2970,4095
3789,274,2775,4095,59,2975,4095
3786,276,2777,4095,66,2970,4095
3801,273,2774,4095,66,2966,4095
3793,279,2775,4095,66,2975,4095
3813,279,2773,4095,64,2960,4095
3792,281,2787,4095,67,2987,4095
3739,263,2778,4095,50,2992,4095
3772,285,2805,4095,70,2994,4095
3792,285,2769,4095,61,2967,4095
3786,283,2778,4095,66,2975,4095
3777,283,2783,4095,64,2930,4095
3776,278,2775,4095,61,2961,4095
3799,279,2774,4095,64,2962,4095
3782,283,2773,4095,64,2975,4095
3811,276,2779,4095,59,2978,4095
3851,285,2771,4095,59,2966,4095
3870,284,2780,4095,64,2960,4095
3811,278,2779,4095,63,2962,4095
3824,286,2789,4095,65,2979,4095
3812,286,2790,4095,64,2981,4095
3783,288,2781,4095,64,2961,4095
3846,289,2800,4095,70,3008,4095
3856,286,2783,4095,64,2977,4095
3799,275,2768,4095,64,2944,4095
3853,278,2780,4095,64,2970,4095
3837,280,2771,4095,64,2965,4095
3842,279,2773,4095,64,2982,4095
3891,275,2781,4095,64,2979,4095
3879,273,2773,4095,63,2967,4095
3904,276,2811,4095,64,2972,4095
4003,272,2779,4095,45,2989,4095
3862,281,2794,4095,64,2985,4095
3883,275,2793,4095,73,2978,4095
3856,279,2786,4095,66,2983,4095
3798,277,2773,4095,65,2971,4095
3824,293,2805,4095,64,2999,4095
3805,287,2779,4095,66,2974,4095
3829,266,2816,4095,68,2977,4095
3827,291,2780,4095,63,2980,4095
3824,279,2775,4095,66,2976,4095
3777,282,2772,4095,63,2969,4095
3802,286,2783,4095,63,2982,4095
3792,287,2776,4095,63,2961,4095
3779,279,2779,4095,66,2965,4095
3803,277,2775,4095,66,2970,4095
3793,289,2791,4095,67,2979,4095
3830,287,2788,4095,65,2974,4095
3790,285,2785,4095,65,2983,4095
3810,278,2775,4095,64,2967,4095
3819,292,2807,4095,57,2995,4095
3760,282,2722,4095,64,3007,4095
3792,295,2806,4095,62,2996,4095
3776,283,2811,4095,71,3000,4095
3752,309,2778,4095,65,2975,4095
3811,283,2774,4095,64,2971,4095
3792,279,2775,4095,64,2971,4095
3792,282,2778,4095,66,2977,4095
3811,285,2775,4095,69,2964,4095
3791,284,2778,4095,67,2972,4095
3768,283,2778,4095,65,2969,4095
3831,273,2775,4095,67,2968,4095
3786,283,2782,4095,69,2971,4095
3735,282,2776,4095,68,3002,4095
3814,272,2779,4095,67,2974,4095
3765,272,2782,4095,68,2965,4095
3783,270,2805,4095,81,2966,4095
3811,270,2778,4095,65,2963,4095
3766,273,2775,4095,65,2976,4095
3823,272,2778,4095,72,2964,4095
3770,274,2778,4095,68,2960,4095
3802,271,2768,4095,64,2970,4095
3792,272,2771,4095,75,2963,4095
3731,267,2797,4095,80,2963,4095
3743,274,2779,4095,64,2959,4095
3775,272,2790,4095,69,2985,4095
3760,272,2768,4095,69,2965,4095
3753,279,2821,4095,68,2947,4095
3763,273,2778,4095,65,2976,4095
3741,276,2777,4095,64,2965,4095
3728,272,2768,4095,66,2973,4095
3713,275,2775,4095,65,2965,4095
3738,271,2774,4095,66,2964,4095
3725,272,2777,4095,67,2963,4095
3719,272,2773,4095,65,2978,4095
3744,274,2778,4095,66,2978,4095
3726,272,2773,4095,68,2966,4095
3731,290,2784,4095,78,2980,4095
3767,278,2795,4095,65,2983,4095
3784,283,2787,4095,70,2983,4095
3771,285,2786,4095,71,2981,4095
3747,273,2768,4095,67,2956,4095
3775,290,2800,4095,63,2992,4095
3766,279,2772,4095,71,2979,4095
3782,288,2778,4095,67,2970,4095
3781,279,2775,4095,68,2967,4095
3741,282,2779,4095,67,2974,4095
3754,288,2779,4095,67,2969,4095
3788,279,2775,4095,66,2981,4095
3785,281,2777,4095,65,2975,4095
3776,285,2779,4095,74,2960,4095
3801,289,2775,4095,68,2965,4095
3819,288,2778,4095,68,2966,4095
3796,286,2793,4095,70,2982,4095
3792,287,2787,4095,68,2985,4095
3808,271,2766,4095,65,2960,4095
3805,282,2807,4095,74,3002,4095
3804,295,2800,4095,76,3005,4095
3822,290,2800,4095,66,2992,4095
3859,298,2812,4095,75,3005,4095
3813,286,2784,4095,66,2970,4095
3809,279,2774,4095,64,2979,4095
3834,281,2783,4095,65,2967,4095
3847,272,2772,4095,64,2967,4095
3809,281,2782,4095,68,2978,4095
3830,281,2780,4095,79,2959,4095
3846,275,2781,4095,68,2967,4095
3795,278,2785,4095,72,2970,4095
3786,275,2768,4095,64,2944,4095
3783,277,2775,4095,65,2972,4095
3809,282,2806,4095,62,2997,4095
3840,282,2783,4095,64,2962,4095
3850,280,2825,4095,66,2998,4095
3815,289,2805,4095,71,3004,4095
3824,295,2803,4095,68,3009,4095
3776,290,2775,4095,64,2987,4095
3780,279,2782,4095,68,2961,4095
3804,281,2773,4095,66,2974,4095
3778,279,2775,4095,65,2959,4095
3792,275,2776,4095,64,2975,4095
3780,277,2775,4095,66,2972,4095
3794,279,2777,4095,69,2973,4095
3796,283,2787,4095,66,2976,4095
3798,254,2772,4095,64,2965,4095
3815,287,2803,4095,68,3000,4095
3824,291,2807,4095,83,2960,4095
3806,287,2800,4095,75,2990,4095
3825,283,2798,4095,74,3008,4095
3831,276,2807,4095,64,2998,4095
3847,282,2769,4095,69,2967,4095
3855,282,2772,4095,68,2971,4095
3834,280,2777,4095,65,2974,4095
3856,279,2775,4095,65,2973,4095
3857,285,2784,4095,66,2969,4095
3841,283,2800,4095,68,2966,4095
3838,278,2775,4095,71,2962,4095
3856,284,2772,4095,67,2966,4095
3855,285,2777,4095,64,2967,4095
3799,290,2807,4095,68,2992,4095
3825,282,2779,4095,66,2970,4095
3809,279,2771,4095,66,2961,4095
3809,282,2779,4095,64,2971,4095
3803,282,2778,4095,66,2970,4095
3773,286,2769,4095,65,2970,4095
3778,275,2781,4095,64,2976,4095
3825,274,2768,4095,66,2963,4095
3799,279,2773,4095,67,2973,4095
3914,280,2753,4095,67,2975,4095
3841,286,2788,4095,68,2976,4095
3831,286,2787,4095,69,2982,4095
3826,289,2787,4095,70,2956,4095
