4095,104,3149,4075,0,2989,4095
4095,83,3155,4006,0,2998,4095
4095,57,3156,3984,0,3001,4095
4095,64,3157,4017,0,3001,4095
4095,64,3154,3996,0,3008,4095
4095,64,3139,4021,0,2993,4095
4095,68,3143,4016,0,2998,4095
4095,75,3165,4080,0,3029,4095
4095,72,3146,4063,0,3003,4095
4095,73,3152,4047,0,3018,4095
4095,79,3151,4095,0,3013,4095
4095,75,3149,4095,0,3010,4095
4095,80,3151,4095,0,3007,4095
4095,80,3136,4095,0,2995,4095
4095,88,3135,4093,0,2991,4095
4095,95,3147,4095,0,2996,4095
4095,89,3145,4064,0,2995,4095
4095,81,3134,4060,0,2987,4095
4095,80,3136,4048,0,2990,4095
4095,87,3152,4016,0,2994,4095
4095,79,3141,3998,0,2993,4095
4095,85,3133,3973,0,2981,4095
4095,108,3125,3980,0,2995,4095
4095,112,3141,3994,0,2991,4095
4095,123,3139,4011,0,2990,4095
4095,129,3130,3974,0,2977,4095
4091,135,3136,3933,0,2971,4095
4095,147,3142,3966,0,2987,4095
4095,140,3141,3997,0,2986,4095
4095,144,3136,3995,0,2983,4095
4095,150,3121,3975,0,2976,4095
4095,146,3120,4013,0,2974,4095
4095,147,3134,4027,0,2989,4095
4095,157,3134,4074,0,2986,4095
4095,163,3120,4065,0,2969,4095
4095,171,3129,4059,0,2983,4095
4095,175,3127,4016,0,2983,4095
4095,161,3128,3995,0,2986,4095
4095,164,3119,3979,0,2969,4095
4095,150,3111,3985,0,2973,4095
4095,167,3132,3984,0,2986,4095
4095,187,3130,3984,0,2983,4095
4095,185,3120,4005,0,2977,4095
4095,205,3120,3993,0,2973,4095
4095,204,3113,4068,0,2971,4095
4095,197,3119,4083,0,2976,4095
4095,194,3119,4048,0,2971,4095
4095,191,3124,4038,0,2982,4095
4095,177,3126,4013,0,2985,4095
4095,159,3126,3997,0,2979,4095
4095,167,3120,4015,0,2967,4095
4095,184,3120,4045,0,2967,4095
4095,190,3129,4095,0,2983,4095
4095,193,3122,4082,0,2981,4095
4094,196,3123,4063,0,2968,4095
4095,202,3117,4035,0,2966,4095
4095,207,3126,4080,0,2983,4095
4095,208,3122,4090,0,2982,4095
4095,205,3115,4095,0,2970,4095
4095,208,3117,4077,0,2977,4095
4095,208,3125,4065,0,2982,4095
4095,199,3125,4041,0,2986,4095
4095,190,3113,4025,0,2970,4095
4094,190,3107,4003,0,2967,4095
4095,190,3121,4064,0,2976,4095
4095,148,3120,4095,0,2973,4095
4080,136,3136,4048,0,2955,4095
4092,114,3106,4090,0,2965,4095
4095,91,3121,4095,0,2969,4095
4095,80,3121,4035,0,2963,4095
4095,64,3119,4000,0,2931,4095
4095,64,3115,3969,0,2949,4095
4095,59,3134,3991,0,2960,4095
4095,66,3141,4017,0,2958,4095
4095,81,3166,4095,0,2960,4095
4095,75,3152,4095,0,2949,4095
4095,82,3157,4095,0,2960,4095
4095,93,3158,4095,0,2954,4095
4095,97,3151,4062,0,2954,4095
4095,96,3139,4073,0,2938,4095
4095,94,3152,4095,0,2954,4095
4095,92,3149,4095,0,2954,4095
4095,81,3151,4095,0,2949,4095
4095,80,3139,4095,0,2938,4095
4095,101,3147,4095,0,2951,4095
4095,112,3149,4089,0,2956,4095
4095,129,3146,4078,2,2955,4095
4095,128,3143,4095,0,2949,4095
4095,122,3149,4087,0,2960,4095
4095,90,3145,4095,0,2960,4095
4095,85,3146,4048,0,2960,4095
4095,81,3134,4006,0,2947,4095
4095,81,3146,4026,0,2960,4095
4095,80,3144,4024,0,2957,4095
4095,74,3135,4031,0,2949,4095
4095,71,3134,4058,0,2954,4095
4095,81,3149,4053,0,2960,4095
4095,95,3141,4095,0,2960,4095
4095,111,3142,4095,0,2960,4095
4095,112,3153,4095,0,2978,4095
4095,144,3146,4095,0,2879,4095
4095,119,3135,4095,0,2949,4095
4095,135,3144,4084,0,2962,4095
4095,144,3129,4095,0,2958,4095
4095,176,3138,4095,0,2960,4095
4095,195,3131,4095,0,2957,4095
4095,219,3130,4095,0,2955,4095
4095,231,3130,4079,0,2960,4095
4095,240,3131,4055,0,2960,4095
4095,241,3136,4074,0,2969,4095
4095,213,3136,4078,0,2962,4095
4095,151,3122,4048,0,2947,4095
4095,118,3125,4052,0,2951,4095
4095,89,3125,4045,0,2952,4095
4089,62,3123,4017,0,2943,4095
4078,52,3122,4015,0,2943,4095
4067,43,3133,4012,0,2944,4095
4093,36,3135,3949,0,2941,4095
4079,31,3137,3932,0,2940,4095
4095,30,3150,4019,0,2949,4095
4059,39,3135,3984,0,2934,4095
4087,49,3147,4012,0,2947,4095
4095,59,3150,4049,0,2944,4095
4095,64,3148,4033,0,2944,4095
4091,49,3167,4020,0,2961,4095
4095,35,3139,4078,0,2936,4095
4075,35,3152,4014,0,2950,4095
4032,26,3150,4061,0,2946,4095
4000,17,3136,4045,0,2935,4095
4027,20,3151,4030,0,2946,4095
4052,22,3152,4009,0,2942,4095
4095,27,3152,4031,0,2945,4095
4059,32,3136,3987,0,2932,4095
4070,31,3141,3999,0,2935,4095
4095,27,3142,4010,0,2934,4095
4094,33,3139,4031,0,2938,4095
4095,30,3143,4011,0,2935,4095
4070,26,3140,4022,0,2929,4095
4083,24,3146,4047,0,2931,4095
4092,19,3145,4048,0,2932,4095
4076,32,3149,4065,0,2931,4095
4080,27,3149,4083,0,2929,4095
4095,46,3155,4095,0,2946,4095
4095,58,3143,4014,0,2944,4095
4095,55,3152,4081,0,2945,4095
4095,50,3172,4032,0,2955,4095
4095,46,3184,4014,0,2976,4095
4095,26,3184,3953,0,2987,4095
4095,14,3166,3920,0,2985,4095
4069,10,3162,3954,0,3002,4095
4026,1,3152,4080,0,3005,4095
4095,5,3181,4048,0,3025,4095
4095,11,3184,3956,0,3021,4095
4095,27,3201,3879,0,3056,4095
4095,30,3177,3908,0,3045,4095
4095,37,3194,3893,0,3088,4095
4095,43,3190,3939,0,3110,4095
4095,34,3185,3930,0,3107,4095
4095,42,3186,3902,0,3126,4095
4095,48,3187,3947,0,3126,4095
4095,51,3182,3943,0,3123,4095
4095,51,3174,3890,0,3111,4095
4095,53,3172,3905,0,3101,4095
4095,58,3167,3886,0,3098,4095
4095,64,3171,3906,0,3107,4095
4095,59,3155,3894,0,3093,4095
4095,55,3155,3872,0,3091,4095
4095,63,3167,3890,0,3101,4095
4095,58,3167,3889,0,3098,4095
4095,58,3154,3895,0,3091,4095
4095,51,3156,3921,0,3088,4095
4095,59,3165,3958,0,3097,4095
4095,62,3166,3971,0,3096,4095
4095,65,3150,3965,0,3088,4095
4095,75,3153,3984,0,3079,4095
4095,83,3166,3981,0,3097,4095
4095,83,3162,3983,0,3088,4095
4095,76,3148,3994,0,3078,4095
4095,74,3149,3995,0,3082,4095
4095,78,3159,3990,0,3088,4095
4095,92,3155,3971,0,3088,4095
4095,87,3143,3947,0,3061,4095
4095,87,3152,3937,0,3079,4095
4089,97,3146,3923,0,3071,4095
4095,96,3158,3947,0,3083,4095
4095,95,3149,3937,0,3071,4095
4095,104,3157,3952,0,3088,4095
4095,112,3152,3953,0,3087,4095
4095,114,3154,3934,0,3085,4095
4095,113,3143,3941,0,3062,4095
4095,125,3141,3937,0,3067,4095
4095,129,3155,3955,0,3083,4095
4095,139,3155,3952,0,3083,4095
4095,139,3143,3926,0,3061,4095
4095,148,3143,3969,0,3062,4095
4095,151,3146,4013,0,3062,4095
4095,151,3137,4007,0,3063,4095
4095,161,3146,4034,0,3099,4095
4095,177,3155,4007,0,3082,4095
4095,181,3152,3989,0,3082,4095
4095,193,3152,3987,0,3078,4095
4095,220,3152,3988,0,3083,4095
4095,240,3152,4000,0,3079,4095
4095,255,3152,4046,0,3082,4095
4095,272,3152,4048,0,3082,4095
4095,282,3152,4021,0,3075,4095
4095,301,3136,4005,0,3062,4095
4095,247,3152,4016,0,3078,4095
4095,210,3152,4019,0,3078,4095
4095,218,3151,4006,0,3070,4095
4095,218,3138,3990,0,3054,4095
4095,232,3137,3999,0,3062,4095
4095,239,3141,3997,0,3063,4095
4095,292,3137,4020,0,3062,4095
4095,287,3169,4049,0,3097,4095
4095,297,3160,4035,0,3097,4095
4095,304,3161,4033,0,3095,4095
4093,308,3137,4018,0,3058,4095
4095,321,3139,4039,0,3058,4095
4095,364,3133,4013,0,3059,4095
4095,386,3130,4059,0,3056,4095
4095,400,3132,4023,0,3069,4095
4095,413,3135,4010,0,3063,4095
4095,518,3147,4065,0,3071,4095
4095,509,3143,4007,0,3071,4095
4095,591,3143,4049,0,3071,4095
4095,601,3127,4036,0,3057,4095
4095,611,3135,4022,0,3063,4095
4095,665,3131,3995,0,3056,4095
4095,753,3133,4048,0,3059,4095
4095,788,3131,3980,0,3061,4095
4095,814,3133,3998,0,3064,4095
4095,819,3132,3999,0,3065,4095
4095,903,3142,4012,0,3078,4095
4095,906,3123,3957,0,3065,4095
4095,902,3121,3959,0,3059,4095
4095,906,3127,4003,0,3067,4095
4095,896,3129,3931,0,3056,4095
4095,897,3127,3927,0,3056,4095
4095,923,3139,3923,0,3070,4095
4095,1045,3136,3921,0,3067,4095
4095,1227,3136,3938,0,3077,4095
4095,1229,3137,3952,0,3067,4095
4095,1227,3121,3975,0,3054,4095
4095,1225,3129,4007,0,3057,4095
4095,1238,3137,3999,0,3069,4095
4095,1279,3136,3997,0,3066,4095
4095,1270,3126,3966,0,3056,4095
4095,1291,3121,3964,0,3057,4095
4095,1299,3138,3967,0,3067,4095
4095,1305,3137,3961,0,3065,4095
4087,1296,3121,3961,0,3042,4095
4095,1302,3127,3957,0,3058,4095
4095,1309,3124,3952,0,3056,4095
4095,1313,3124,3947,0,3057,4095
4095,1325,3122,3942,0,3053,4095
4095,1346,3136,3949,0,3069,4095
4095,1342,3136,3958,0,3077,4095
4095,1342,3139,3959,0,3071,4095
4095,1340,3120,3954,0,3061,4095
4095,1339,3124,3968,0,3058,4095
4095,1343,3139,3979,0,3077,4095
4095,1326,3137,3977,0,3069,4095
4095,1323,3127,3937,0,3055,4095
4095,1009,3136,3952,0,3054,4095
4095,906,3145,3952,0,3071,4095
4095,878,3137,3920,0,3066,4095
4094,868,3127,3915,0,3055,4095
4095,875,3124,3893,0,3068,4095
4095,866,3134,3911,0,3083,4095
4095,837,3141,3921,0,3086,4095
4095,822,3130,3892,0,3081,4095
4095,816,3136,3927,0,3081,4095
4095,739,3142,3901,0,3095,4095
4095,777,3149,4047,0,3105,4095
4095,838,3140,4025,0,3095,4095
4095,810,3140,3931,0,3104,4095
4095,775,3133,3967,0,3091,4095
4095,811,3147,3954,0,3104,4095
4095,809,3133,3952,0,3088,4095
4095,815,3130,3990,0,3079,4095
4095,812,3138,4037,0,3088,4095
4095,807,3138,4012,0,3089,4095
4095,801,3121,4007,0,3071,4095
4095,805,3124,3995,0,3071,4095
4095,837,3136,3982,0,3083,4095
4095,848,3142,4004,0,3083,4095
4095,838,3135,3992,0,3083,4095
4095,799,3123,3979,0,3063,4095
4095,799,3136,3985,0,3077,4095
4095,768,3132,3995,0,3069,4095
4095,802,3146,3971,0,3091,4095
4095,802,3152,3971,0,3099,4095
4095,797,3120,3934,0,3056,4095
4095,817,3120,3920,0,3056,4095
4095,811,3121,3919,0,3061,4095
4095,798,3120,3943,0,3058,4095
4095,801,3123,3965,0,3056,4095
4095,763,3120,3956,0,3060,4095
4095,755,3117,3947,0,3057,4095
4095,757,3133,3933,0,3066,4095
4095,778,3132,3920,0,3063,4095
4095,790,3131,3904,0,3065,4095
4095,821,3131,3909,0,3063,4095
4095,812,3126,3879,0,3056,4095
4095,698,3119,3893,0,3055,4095
4095,640,3131,3888,0,3078,4095
4095,576,3130,3901,0,3084,4095
4095,496,3119,3926,0,3081,4095
4095,481,3120,3975,0,3086,4095
4095,459,3133,4032,0,3100,4095
4095,443,3129,3993,0,3098,4095
4095,430,3117,3989,0,3086,4095
4088,451,3120,3973,0,3082,4095
4095,542,3129,3971,0,3088,4095
4095,591,3128,3962,0,3086,4095
4043,592,3133,3936,0,3040,4095
4095,595,3111,3943,0,3056,4095
4095,618,3129,3952,0,3070,4095
4095,607,3127,3931,0,3079,4095
4095,608,3069,3920,0,3029,4095
4095,592,3115,3920,0,3056,4095
4095,592,3129,4001,0,3070,4095
4095,606,3124,3978,0,3067,4095
4095,626,3117,3952,0,3056,4095
4095,637,3116,3925,0,3056,4095
4095,656,3125,3970,0,3056,4095
4095,667,3126,4012,0,3054,4095
4095,666,3123,3977,0,3051,4095
4095,646,3109,3969,0,3041,4095
4095,603,3121,3945,0,3055,4095
4095,587,3125,3952,0,3058,4095
4095,567,3124,3946,0,3056,4095
4095,557,3117,3946,0,3046,4095
4095,560,3122,3947,0,3055,4095
4095,605,3120,3933,0,3051,4095
4095,634,3121,3920,0,3052,4095
4095,639,3110,3894,0,3034,4095
4095,654,3115,3893,0,3037,4095
4095,661,3112,3946,0,3031,4095
4095,662,3125,3935,0,3045,4095
4095,661,3123,3962,0,3038,4095
4095,604,3122,3948,0,3046,4095
4095,528,3122,3960,0,3042,4095
4095,544,3121,3957,0,3047,4095
4095,573,3107,3920,0,3029,4095
4095,576,3111,3898,0,3034,4095
4095,559,3121,3924,0,3042,4095
4095,561,3120,3921,0,3040,4095
4093,559,3148,3959,0,3028,4095
4095,543,3113,3905,0,3027,4095
4095,671,3121,3920,0,3042,4095
4095,689,3124,3922,0,3040,4095
4095,689,3113,3949,0,3024,4095
4095,693,3107,3943,0,3027,4095
4095,703,3122,4009,0,3040,4095
4095,704,3121,3998,0,3039,4095
4095,700,3109,4022,0,3033,4095
4095,688,3119,4027,0,3025,4095
4095,641,3121,4041,0,3043,4095
4095,627,3121,4048,0,3051,4095
4095,636,3114,3985,0,3045,4095
4095,631,3114,4016,0,3050,4095
4095,634,3105,4017,0,3051,4095
4095,634,3104,4004,0,3047,4095
4095,622,3115,3959,0,3043,4095
4095,606,3120,3988,0,3057,4095
4095,587,3120,3985,0,3087,4095
4095,535,3120,4048,0,3098,4095
4095,537,3122,4055,0,3085,4095
4095,526,3127,4006,0,3083,4095
4095,489,3138,4017,0,3099,4095
4095,503,3139,3988,0,3106,4095
4095,501,3137,3979,0,3109,4095
4095,613,3132,4001,0,3103,4095
4095,650,3145,4001,0,3109,4095
4095,661,3146,3965,0,3106,4095
4095,685,3143,3974,0,3111,4095
4089,674,3125,4009,0,3091,4095
4095,669,3136,4003,0,3106,4095
4095,671,3134,4005,0,3103,4095
4095,683,3133,4000,0,3097,4095
4095,674,3119,3963,0,3078,4095
4095,672,3132,3986,0,3086,4095
4095,650,3131,3969,0,3084,4095
4095,659,3146,3968,0,3109,4095
4095,669,3131,3939,0,3088,4095
4095,695,3121,3959,0,3071,4095
4095,715,3133,3953,0,3087,4095
4095,719,3133,3965,0,3087,4095
4095,718,3121,3961,0,3070,4095
4095,727,3120,3952,0,3064,4095
4095,725,3121,3964,0,3061,4095
4095,729,3118,3984,0,3056,4095
4095,725,3120,3987,0,3056,4095
4095,727,3122,3965,0,3054,4095
4095,739,3130,3986,0,3077,4095
4095,743,3131,4006,0,3067,4095
4095,743,3120,3998,0,3058,4095
4095,731,3120,4016,0,3056,4095
4095,734,3130,4018,0,3067,4095
4095,735,3126,4027,0,3068,4095
4095,737,3131,4017,0,3065,4095
4095,728,3123,4020,0,3066,4095
4095,720,3126,4022,0,3071,4095
4095,693,3126,4055,0,3083,4095
4095,681,3129,4045,0,3079,4095
4095,699,3127,4048,0,3068,4095
4095,771,3127,4091,0,3064,4095
4095,794,3129,4058,0,3065,4095
4095,798,3109,4002,0,3046,4095
4095,812,3116,4018,0,3055,4095
4095,847,3125,4064,0,3066,4095
4095,848,3128,4038,0,3060,4095
4095,845,3127,4016,0,3059,4095
4095,827,3119,4033,0,3051,4095
4095,833,3117,4020,0,3049,4095
4095,832,3130,4073,0,3061,4095
4095,825,3127,4012,0,3056,4095
4095,818,3119,4011,0,3043,4095
4095,720,3126,4018,0,3056,4095
4095,658,3127,4012,0,3056,4095
4095,628,3127,4018,0,3062,4095
4095,615,3120,4010,0,3057,4095
4095,592,3130,4011,0,3077,4095
4095,573,3129,3984,0,3083,4095
4095,570,3125,3964,0,3071,4095
4095,555,3111,3917,0,3069,4095
4095,548,3129,3918,0,3082,4095
4095,531,3125,3985,0,3087,4095
4095,527,3127,3982,0,3088,4095
4095,551,3131,3927,0,3085,4095
4095,560,3152,3891,0,3094,4095
4095,563,3154,3899,0,3099,4095
4095,534,3182,3958,0,3123,4095
4095,528,3148,3942,0,3088,4095
4095,543,3155,3947,0,3098,4095
4095,521,3152,3910,0,3092,4095
4095,531,3152,3888,0,3088,4095
4095,528,3152,3978,0,3088,4095
4095,535,3152,3905,0,3094,4095
4095,535,3152,3968,0,3093,4095
4095,535,3152,3931,0,3090,4095
4095,535,3145,3909,0,3081,4095
4095,530,3136,3939,0,3079,4095
4095,535,3152,3982,0,3091,4095
4095,535,3151,3993,0,3088,4095
4095,535,3139,3965,0,3069,4095
4095,546,3173,3943,0,3109,4095
4095,615,3157,3918,0,3093,4095
4095,595,3165,3886,0,3102,4095
4094,599,3138,3865,0,3070,4095
4095,612,3150,3891,0,3087,4095
4095,609,3149,3886,0,3086,4095
4095,615,3143,3888,0,3082,4095
4095,609,3150,3974,0,3084,4095
4095,636,3149,3998,0,3079,4095
4095,595,3150,3985,0,3085,4095
4095,595,3150,3972,0,3083,4095
4095,590,3147,3990,0,3085,4095
4095,577,3150,3967,0,3085,4095
4095,578,3161,4001,0,3085,4095
4093,631,3161,3967,0,3071,4095
4095,635,3158,3956,0,3071,4095
4095,667,3174,4015,0,3091,4095
4095,675,3171,4006,0,3090,4095
4095,685,3173,4003,0,3094,4095
4095,684,3166,4007,0,3088,4095
4095,681,3151,3970,0,3084,4095
4095,687,3150,3985,0,3088,4095
4095,692,3158,3991,0,3088,4095
4095,694,3153,3995,0,3088,4095
4095,694,3153,4005,0,3089,4095
4095,705,3155,4025,0,3089,4095
4095,714,3153,3999,0,3087,4095
4095,717,3152,4013,0,3081,4095
4095,762,3143,4001,0,3066,4095
4095,766,3139,3975,0,3070,4095
4095,769,3152,3981,0,3088,4095
4095,770,3152,3991,0,3082,4095
4095,768,3150,3986,0,3086,4095
4095,771,3142,3969,0,3087,4095
4095,769,3150,3997,0,3082,4095
4095,767,3151,3993,0,3082,4095
4095,769,3152,3985,0,3082,4095
4095,767,3151,3973,0,3078,4095
4095,770,3147,3954,0,3085,4095
4095,731,3149,3943,0,3083,4095
4095,643,3134,3924,0,3061,4095
4095,654,3132,3947,0,3058,4095
4095,751,3152,3926,0,3061,4095
4095,764,3134,3934,0,3056,4095
4095,777,3135,3888,0,3058,4095
4095,786,3146,3931,0,3069,4095
4095,784,3145,3923,0,3068,4095
4095,785,3141,3912,0,3067,4095
4095,779,3131,3888,0,3049,4095
4095,777,3136,3916,0,3051,4095
4095,784,3131,3911,0,3045,4095
4095,787,3142,3922,0,3059,4095
4095,49,3242,3067,1509,2886,2743
4095,55,3218,2912,1497,2809,2837
4095,62,3227,2937,1651,2820,2864
4095,79,3216,2966,1953,2811,2919
4095,93,3231,3043,2139,2847,2896
4095,129,3232,3169,1893,2864,2880
4095,143,3247,3184,1611,2971,2867
4095,144,3202,3151,1738,2806,2852
4095,144,3227,3307,1617,2827,2861
4095,149,3221,3218,1701,2960,2873
4095,162,3216,3131,1781,2809,2911
4095,167,3214,3096,2144,2800,2903
4095,166,3231,3151,1704,2813,2895
4095,163,3221,3109,1174,2807,2898
4095,167,3220,3071,1094,2813,2883
4095,157,3213,2990,957,2804,2894
4095,153,3237,2948,848,2803,2847
4095,169,3229,2947,771,2815,2870
4095,186,3227,2928,693,2816,2859
4095,195,3221,2953,714,2806,2897
4095,192,3243,2992,595,2811,2896
4095,202,3236,3021,503,2814,2907
4095,198,3225,3054,481,2813,2915
4095,198,3216,3019,577,2801,2886
4095,188,3187,3028,616,2800,2993
4095,189,3220,3027,621,2809,2976
4095,177,3221,3057,587,2811,3056
4095,172,3204,3050,555,2801,3141
4095,170,3214,2969,494,2811,3120
4095,165,3211,2981,579,2816,3157
4095,176,3216,2992,560,2826,3183
4095,176,3210,3023,608,2810,3199
4095,192,3197,3037,613,2806,3189
4095,208,3216,3091,651,2813,3173
4095,240,3217,3115,731,2810,3213
4095,272,3198,3100,682,2801,3125
4095,275,3206,3121,784,2793,3163
4095,299,3216,3121,853,2806,3151
4095,297,3205,3127,835,2806,3107
4093,342,3215,3083,577,2810,3098
4095,331,3206,2896,524,2800,2947
4095,343,3215,2931,635,2815,2943
4095,320,3212,2955,624,2813,2884
4095,336,3210,3141,583,2813,2981
4095,314,3194,3167,539,2800,3005
4095,314,3199,3189,620,2803,2969
4095,286,3209,3203,688,2809,2975
4095,263,3216,3194,762,2810,3106
4095,249,3200,3161,898,2800,3120
4095,254,3200,3158,815,2826,3095
4095,257,3210,3023,649,2833,3090
4095,263,3210,3146,817,2833,3078
4095,273,3202,3215,1435,2813,3097
4080,285,3188,3277,1907,2807,3013
4016,280,3195,3568,1574,2822,3013
4095,289,3204,3661,1891,2816,3023
4095,298,3200,3797,1871,2813,2934
4095,304,3190,3670,1809,2807,2943
4095,313,3209,4095,1789,2820,2994
4095,324,3200,3747,1968,2811,3043
4095,328,3187,3669,2324,2802,2988
4093,335,3197,3083,640,2801,2912
4095,323,3221,2954,596,2816,2823
4095,240,3213,2906,718,2815,2886
4095,175,3211,2917,631,2803,2802
4095,202,3228,2962,715,2828,2767
4095,217,3216,3035,750,2827,2720
4095,225,3200,3043,816,2835,2743
4095,206,3198,3042,923,2819,2703
4095,188,3200,3047,912,2818,2752
4095,219,3203,3090,984,2826,2853
4095,231,3190,3094,1039,2833,2784
4095,268,3184,3134,969,2809,2722
4095,259,3184,3045,901,2798,2646
4095,247,3198,3113,917,2816,2616
4095,243,3197,3059,909,2815,2640
4095,266,3188,3087,894,2810,2606
4095,257,3203,3078,890,2917,2509
4095,295,3218,2815,895,3045,2559
4095,293,3216,2810,912,3087,2575
4095,303,3216,2912,954,3047,2465
4095,343,3191,3039,970,2955,2533
4095,375,3198,3024,1023,2906,2602
4095,366,3191,3017,1009,2896,2611
4095,397,3184,2992,1290,2879,2651
4095,352,3152,3033,1647,2858,2607
4095,407,3191,3210,4095,2875,2660
4095,444,3194,3253,4095,2879,2619
4095,449,3179,3307,4095,2878,2609
4095,406,3174,3157,4095,2861,2576
4095,351,3167,3200,4095,2863,2625
4095,375,3173,3241,4095,2852,2674
4095,388,3177,3227,4095,2870,2722
4095,402,3166,3060,4095,2839,2695
4095,403,3183,3021,2117,2849,2726
4095,387,3165,3041,2191,2833,2703
4095,399,3188,3009,1660,2843,2709
4095,471,3169,3041,1857,2831,2779
4095,445,3172,2992,1666,2839,2756
4095,429,3174,2960,2209,2839,2758
4093,434,3167,2837,2011,2832,2689
4095,447,3166,2791,1834,2829,2674
4095,437,3170,2714,1345,2837,2599
4095,417,3184,2797,1265,2846,2606
4089,370,3165,2782,1162,2832,2672
4095,375,3182,2882,1184,2844,2627
4095,426,3184,2906,1743,2833,2661
4095,425,3179,2942,2080,2836,2640
4095,401,3176,2950,4095,2827,2633
4095,403,3155,2997,4095,2832,2609
4095,399,3167,2992,4095,2836,2579
4095,399,3172,2960,4095,2850,2576
4095,403,3149,2770,4095,2962,2553
4095,452,3181,2681,2170,3045,2512
4095,502,3183,2736,2183,3132,2576
4095,557,3164,2832,4095,3102,2714
4095,541,3151,2881,4095,2966,2706
4083,445,3153,2779,2287,2896,2660
4095,432,3170,2752,1462,2895,2683
4095,449,3174,2718,1168,2883,2641
4095,449,3159,2799,1136,2864,2640
4095,452,3183,2875,1191,2891,2692
4095,496,3152,2859,1305,2851,2674
4095,506,3154,2816,1314,2862,2672
4095,549,3167,2907,1588,2855,2730
4095,570,3152,2890,1503,2835,2715
4095,542,3158,2928,1503,2841,2702
4095,527,3167,2821,1769,2837,2692
4095,531,3184,2851,1607,2850,2721
4095,503,3181,2929,1763,2850,2736
4095,531,3184,2954,2365,2845,2771
4095,528,3182,2932,2642,2845,2731
4095,534,3173,2864,1858,2853,2602
4095,559,3191,2880,1661,2832,2546
4085,494,3157,2882,1407,2826,2567
4095,446,3171,2906,1419,2834,2850
4095,400,3155,2907,1664,2837,2918
4095,368,3158,2882,1621,2825,2990
4095,430,3154,2958,1451,2835,3017
4095,459,3169,3011,1783,2832,2918
4095,481,3175,3057,3122,2835,2903
4095,496,3159,3143,2505,2820,2943
4095,507,3169,3157,2277,2834,2973
4095,536,3168,3151,2495,2832,2886
4095,510,3163,3181,2689,2829,2984
4095,459,3137,3091,4076,2811,3069
4095,432,3153,3253,4095,2812,3120
4095,382,3158,3170,4095,2817,3153
4095,380,3167,3403,4095,2828,3202
4095,406,3154,3475,3938,2811,3032
4095,523,3165,3520,3712,2817,3024
4095,543,3155,3510,3029,2821,2849
4095,590,3158,3565,2366,2817,2902
4095,525,3153,3536,3003,2807,2999
4095,479,3145,4008,3214,2802,3053
4095,475,3162,3823,3344,2814,3131
4095,434,3162,3763,3328,2816,3015
4095,432,3129,3520,3847,2804,2950
4095,419,3127,3389,4095,2804,2845
4095,428,3148,3173,4095,2817,2877
4095,507,3149,3017,4095,2815,2774
4095,525,3128,2962,4095,2809,2742
4095,531,3129,2946,4095,2814,2841
4095,491,3136,3178,4095,2816,3018
4095,464,3135,3181,4095,2817,3015
4095,442,3123,3206,4095,2812,3050
4095,353,3139,3206,3152,2803,3008
4095,321,3147,3163,1575,2813,2879
4095,341,3166,3088,1063,2810,2880
4095,394,3156,3051,987,2813,2786
4095,432,3143,2994,1171,2795,2749
4095,465,3154,2955,1190,2825,2656
4095,490,3152,3071,1109,2836,2637
4095,498,3152,3395,1365,2867,2624
4095,464,3156,3328,1347,2864,2654
4095,466,3150,3248,1040,2869,2764
4095,454,3143,3280,1264,2859,2800
4095,491,3141,3259,1662,2851,2891
4095,464,3133,3219,1519,2834,2880
4095,483,3131,3215,1519,2823,2799
4095,498,3142,3262,1593,2835,2833
4095,481,3140,3157,1555,2831,2819
4095,455,3126,3323,1493,2814,2768
4095,413,3132,3380,1040,2825,2775
4095,397,3139,3299,960,2842,2784
4095,393,3136,3287,900,2847,2795
4095,382,3123,3204,882,2843,2787
4095,370,3132,3166,870,2855,2801
4095,367,3135,3091,869,2854,2807
4095,343,3134,3107,1015,2851,2924
4095,332,3124,3021,1010,2826,2947
4095,325,3140,2931,927,2818,2933
4095,334,3136,2870,954,2832,2960
4095,325,3136,2864,929,2827,2941
4095,319,3123,2826,912,2815,2893
4095,287,3145,2797,883,2829,2897
4095,219,3149,2784,913,2829,2813
4095,188,3155,2768,890,2828,2752
4095,172,3158,2716,874,2814,2738
3531,1708,3120,3775,783,3034,4041
3483,1694,3070,3753,778,3007,4039
3745,1694,3106,3759,777,3009,4032
3490,1662,3083,3697,768,3007,4035
3557,1482,3139,3625,518,3021,3991
3489,1445,3112,3571,523,2995,3965
3531,1472,3109,3595,522,2992,3956
3497,1475,3120,3605,499,2995,3967
3443,1488,3118,3632,506,2985,3971
3441,1489,3104,3575,519,2993,3953
3450,1489,3088,3611,530,2992,3941
3403,1491,3101,3621,519,2997,3978
3381,1495,3114,3590,537,2994,3971
3386,1518,3103,3595,542,2997,3975
3361,1535,3131,3604,567,2996,3981
3414,1510,3120,3600,571,2990,3986
3385,1503,3111,3674,563,2998,4009
3468,1488,3100,3622,592,2989,3957
3415,1523,3143,3707,596,3018,3952
3430,1531,3141,3709,592,3014,3972
3403,1520,3136,3711,582,3024,3973
3408,1531,3133,3701,597,3022,3968
3379,1522,3099,3655,575,2992,3945
3395,1514,3106,3681,584,2987,3950
3373,1521,3057,3643,569,2975,3935
3383,1547,3105,3651,549,2983,3953
3383,1579,3107,3636,529,2981,3941
3382,1617,3098,3649,525,2978,3981
3373,1661,3117,3623,521,2991,3978
3378,1729,3107,3619,510,2919,3979
3375,2106,3104,3728,393,2983,3920
3411,2119,3120,3729,392,2978,3917
3392,2109,3141,3766,400,3009,3924
3401,2093,3136,3735,388,3003,3897
3377,2066,3118,3739,384,2993,3909
3376,2031,3117,3750,391,2980,3909
3387,2021,3120,3750,384,2981,3952
3365,2006,3105,3765,388,2977,3954
3376,1994,3117,3764,392,2993,3923
3367,1979,3120,3721,393,2989,3877
3372,2005,3099,3723,384,2990,3888
3379,2000,3109,3709,390,2978,3859
3387,2018,3121,3727,407,3017,3847
3376,1967,3102,3774,400,3011,3887
3377,1964,3141,3823,400,3005,3934
3370,2018,3143,3794,400,3006,3856
3344,2033,3105,3673,459,2986,3927
3345,2032,3111,3649,462,2983,3927
3330,2032,3116,3664,455,2971,3900
3331,2032,3103,3666,459,2982,3904
3329,2018,3107,3667,455,2988,3920
3330,2030,3108,3671,459,2981,3920
3341,2064,3111,3728,458,2978,3924
3318,2160,3114,3696,455,2977,3921
3330,2254,3097,3704,457,2982,3917
3333,2235,3109,3769,449,2980,3935
3343,2186,3115,3743,459,2984,3909
3347,2214,3137,3761,453,2978,3891
3359,2246,3097,3730,451,3003,3965
3332,2412,3131,3779,470,3008,3952
3338,2444,3133,3762,471,3013,3955
3334,2463,3146,3773,464,3012,3977
3337,2368,3107,3685,462,2987,3947
3349,2362,3136,3727,470,2977,3920
3355,2353,3130,3743,476,3019,3978
3329,2334,3115,3684,474,2979,3963
3312,2389,3129,3722,493,3019,3964
3315,2439,3115,3685,505,2989,3989
3328,2441,3105,3696,499,2967,3931
3336,2496,3095,3723,497,2978,3935
3330,2531,3110,3694,496,2992,3917
3344,2536,3110,3697,499,2981,3951
3413,2928,3114,3785,624,2978,3952
3421,2934,3102,3834,624,2978,3991
3398,2949,3127,3839,634,3007,3974
3408,2943,3094,3813,624,2979,3964
3417,2919,3104,3818,624,2979,3979
3401,2944,3090,3761,624,2973,3975
3425,2962,3120,3789,624,3012,3970
3402,2930,3099,3754,624,2978,3974
3414,2914,3092,3776,623,2974,3966
3419,2930,3111,3730,623,2979,3965
3413,2962,3121,3776,644,2984,3996
3408,2938,3106,3750,625,2981,3969
3409,2928,3096,3760,624,2975,3968
3413,2927,3094,3772,627,2970,3973
3406,2955,3126,3808,636,2997,4033
3440,2962,3131,3786,625,3008,4011
3435,2933,3121,3829,650,2965,3982
3422,2906,3090,3843,649,2972,3984
3472,2947,3087,3826,656,2983,3977
3410,2923,3089,3840,651,2970,4000
3415,2915,3089,3824,649,2967,3982
3413,2926,3093,3807,653,2969,3984
3434,2937,3091,3844,647,2974,3984
3444,2932,3093,3856,650,2978,3993
3424,2941,3088,3819,646,2979,3977
3419,2934,3093,3845,651,2978,3978
3441,2954,3106,3839,654,2992,3981
3447,2953,3107,3838,653,2991,4046
3424,2954,3113,3853,656,2989,4005
3431,2941,3113,3862,648,2984,3977
3444,2959,3119,3856,656,3007,3995
3422,2930,3090,3869,646,2971,3994
3461,2934,3082,3832,641,2975,3990
3431,2931,3092,3835,647,2974,3985
3456,2930,3093,3842,647,2975,4014
3455,2946,3091,3809,643,2976,4008
3446,2943,3092,3825,652,2977,3963
3465,2935,3083,3873,654,2967,3997
3445,2938,3098,3813,642,2974,4014
3470,2954,3099,3853,653,2992,4013
3483,2949,3101,3841,651,2992,4016
3457,2963,3095,3854,647,2998,4021
3427,3011,3088,3787,657,2993,4095
3445,3041,3122,3792,666,2992,4095
3462,3025,3117,3824,650,2955,4095
3459,3008,3091,3807,655,2977,4095
3487,3058,3114,3816,655,2997,4095
3457,3019,3088,3778,662,2985,4095
3465,3006,3097,3789,655,2968,4095
3463,2960,3088,3787,651,2979,4095
3475,2949,3093,3811,659,2969,4095
3519,2955,3071,3792,659,2972,4095
3461,2957,3090,3760,669,2982,4095
3467,2949,3089,3767,667,2977,4094
3477,2960,3085,3743,678,2985,4048
3451,2970,3068,3770,675,2973,4001
3483,3025,3118,3764,671,3008,4012
3467,2992,3093,3753,660,2974,4020
3635,3037,3088,3808,787,3003,4095
3648,3068,3090,3776,799,3006,4095
3657,3037,3078,3811,773,2975,4095
3647,3045,3083,3799,736,2972,4095
3597,3046,3093,3825,771,2975,4095
3598,3046,3090,3783,759,2982,4095
3627,3046,3079,3767,764,2978,4095
3635,3028,3097,3769,767,2976,4095
3632,3054,3085,3759,764,2983,4095
3682,3041,3069,3776,763,2967,4095
3696,3057,3101,3818,761,2980,4095
3683,3046,3091,3760,767,2986,4095
3702,3046,3086,3820,770,2982,4095
3715,3004,3076,3750,736,3000,4095
3733,3068,3107,3742,785,2981,4095
3760,3057,3110,3757,786,3007,4095
3728,3033,3079,3719,800,2977,4095
3728,3059,3111,3754,805,3007,4095
3761,3079,3106,3772,809,3003,4095
3731,3040,3078,3693,814,2966,4095
3705,3048,3086,3709,818,2976,4095
3713,3042,3082,3704,819,2985,4095
3697,3045,3081,3762,815,2976,4095
3713,3053,3086,3728,825,2977,4095
3686,3056,3081,3745,835,2990,4095
3675,3027,3082,3777,837,2977,4095
3473,3087,3086,3892,815,3010,4095
3483,3120,3120,3891,804,3002,4095
3475,3132,3087,3907,820,2988,4095
3456,3164,3103,3855,768,3001,4095
3487,3220,3091,3894,752,2983,4095
3471,3536,3065,3885,733,2979,4095
3469,3408,3078,3881,729,2971,4095
3492,3425,3097,3818,725,2971,4095
3461,3579,3088,3868,748,2978,4095
3495,3454,3098,3914,738,3009,4095
3471,3279,3093,3855,730,2980,4095
3481,3311,3103,3824,720,3002,4095
3487,3815,3098,3942,706,2997,4095
3475,3768,3122,3924,691,2960,4095
3477,3854,3127,3905,707,2986,4095
3459,3766,3095,3866,706,2977,4095
3798,4011,3079,3946,733,2985,4095
3790,4017,3091,3969,735,3006,4095
3821,4052,3081,3975,731,2974,4095
3820,4003,3071,3929,738,2975,4095
3835,3978,3088,3949,744,2960,4095
3846,3953,3078,3934,720,2975,4095
3805,3933,3082,3962,740,2975,4095
3814,3945,3065,3946,727,2976,4095
3791,3930,3081,3967,738,2977,4095
3805,3903,3056,3970,734,2978,4095
3793,3904,3112,3993,749,2986,4095
3792,3901,3119,4003,745,2992,4095
3799,3583,3086,3998,739,2981,4095
3800,3461,3045,4004,725,2977,4095
3771,3456,3098,3990,739,2991,4095
3735,3376,3063,3984,713,2979,4095
3782,3235,3077,3983,711,2966,4095
3763,3246,3063,3978,695,2979,4095
3775,3162,3078,3939,709,2964,4095
3780,3175,3081,3955,710,2961,4095
3749,3682,3057,3936,704,2977,4095
3757,3713,3063,3938,710,2977,4095
3778,3713,3099,3961,730,2982,4095
3789,3710,3089,3939,755,2980,4095
3779,3664,3094,3927,749,2978,4095
3789,3799,3090,3927,752,2981,4095
4095,4095,3101,3980,719,2962,4095
4095,4095,3078,3979,713,2966,4095
4095,4095,3102,4017,720,2983,4095
4095,4095,3084,3967,713,2971,4095
4095,4095,3065,3953,704,2967,4095
4095,4095,3081,3999,689,2971,4095
4095,4095,3056,4011,703,2963,4095
4086,4095,3084,4015,703,2958,4095
4095,4095,3065,3998,690,2958,4095
4095,4095,3103,4023,720,2964,4095
4095,4095,3086,4042,706,2981,4095
4095,4095,3086,4039,705,2979,4095
4095,4095,3083,4069,704,2973,4095
4095,4095,3058,4093,699,2960,4095
4095,4095,3104,4095,705,2988,4095
4095,4095,3105,4095,713,2997,4095
4095,4095,3057,4027,704,2993,4095
4095,4095,3051,4083,702,2991,4095
4095,4095,3084,4081,710,2986,4095
4093,4095,3088,4025,699,2962,4095
4095,4095,3066,4038,707,2960,4095
4095,4095,3088,4055,705,2993,4095
4095,4095,3068,4054,704,2963,4095
4095,4095,3053,4039,727,2961,4095
4095,4095,3056,4095,707,2964,4095
4095,4095,3055,4032,714,2961,4095
4095,4095,3083,4064,714,2962,4095
4095,4095,3060,4044,721,2969,4095
4095,4095,3067,4073,731,2960,4095
4095,4095,3063,4049,735,2961,4095
4095,4095,3056,4065,752,2961,4095
4091,4095,3090,4063,738,2983,4095
4095,4095,3095,4075,752,2993,4095
4095,4095,3065,4053,762,2972,4095
4095,4095,3105,4089,758,2991,4095
4095,4095,3098,4079,758,3001,4095
4095,4095,3060,4037,755,2955,4095
4095,4095,3056,4029,753,2958,4095
4095,4095,3061,4048,758,2960,4095
4095,4095,3107,4052,766,2987,4095
4095,4095,3106,4046,772,2996,4095
4095,4095,3093,4082,775,2992,4095
4095,4095,3080,3999,785,2972,4095
4095,4095,3042,4015,784,2956,4095
4095,4095,3088,4028,805,2992,4095
4095,4095,3053,3984,723,2961,4095
4095,4095,3050,4021,726,2949,4095
4095,4095,3071,3989,726,2976,4095
4095,4095,3057,4001,738,2960,4095
4095,4095,3043,4009,722,2967,4095
4095,4095,3055,3986,735,2960,4095
4093,4095,3085,4000,722,2957,4095
4095,4095,3051,3989,724,2964,4095
4095,4095,3067,3994,718,2963,4095
4095,4095,3077,4013,730,2977,4095
4095,4095,3071,4005,738,2966,4095
4095,4095,3067,3997,739,2983,4095
4081,4095,3056,3971,759,2981,4095
4095,4095,3045,3989,743,2960,4095
4095,4095,3047,3986,759,2962,4095
4095,4095,3056,3991,752,2959,4095
4095,4095,3051,3989,759,2983,4095
4095,4095,3058,3991,756,2970,4095
4095,4095,3057,4021,752,2960,4095
4095,4095,3057,3984,739,2967,4095
4095,4095,3050,4005,739,2950,4095
4095,4095,3045,3999,738,2960,4095
4095,4095,3054,4007,742,2976,4095
4095,4095,3067,4015,739,2973,4095
4095,4095,3063,4014,747,2965,4095
4095,4095,3012,3991,764,2975,4095
4095,4095,3085,4015,752,2989,4095
4095,4095,3099,4032,735,2960,4095
4095,4095,3055,4014,706,2960,4095
4095,4095,3060,4014,707,2959,4095
4095,4095,3031,4042,710,2960,4095
4095,4095,3068,4037,711,2922,4095
4095,4095,3051,4014,707,2958,4095
4095,4095,3070,4015,716,2966,4095
4095,4095,3064,4041,705,2964,4095
4095,4095,3044,4048,715,2951,4095
4095,4095,3060,4048,721,2954,4095
4095,4095,3069,4042,742,2974,4095
4095,4095,3081,4045,752,2973,4095
4095,4095,3062,4051,752,2975,4095
4092,4095,3046,4019,750,2966,4095
4095,4095,3088,4050,752,2993,4095
4095,4095,3048,4039,752,2949,4095
4095,4095,3089,4069,763,2984,4095
4095,4095,3085,4040,758,2992,4095
4095,4095,3056,4025,747,2959,4095
4094,4095,3052,4035,749,2968,4095
4095,4095,3057,4035,752,2958,4095
4095,4095,3063,4025,748,2960,4095
4095,4095,3061,4019,750,2960,4095
4095,4095,3054,4019,743,2963,4095
4095,4095,3049,3993,754,2965,4095
4095,4095,3059,4045,737,2960,4095
4095,4095,3043,3998,768,2960,4095
4095,4095,3068,4007,770,2951,4095
4095,4095,3093,4035,807,2977,4095
4095,4095,3061,4013,790,2961,4095
4095,4095,2991,4025,790,2960,4095
4095,4095,3061,4054,790,2959,4095
4095,4095,3045,4025,783,2947,4095
4095,4095,3056,4019,800,2961,4095
4092,4095,3049,4023,796,2960,4095
4095,4095,3051,4042,799,2945,4095
4095,4095,3049,4047,795,2935,4095
4095,4095,3045,4030,776,2966,4095
4095,4095,3056,4030,781,2953,4095
4095,4095,3054,4032,780,2957,4095
4095,4095,3055,4067,782,2972,4095
4095,4095,3054,4077,777,2943,4095
4089,4095,3045,4089,764,2957,4095
4092,4095,3053,4082,759,2967,4095
4095,4095,3061,4071,775,2981,4095
4093,4095,3060,4074,770,2960,4095
4085,4095,3070,4077,765,2960,4095
4095,4095,3056,4066,759,2962,4095
4095,4095,3056,4095,761,2960,4095
4095,4095,3049,4089,758,2954,4095
4095,4095,3056,4075,765,2961,4095
4095,4095,3043,4083,759,2950,4095
4095,4095,3061,4070,767,2972,4095
4095,4095,3069,4095,762,2982,4095
4095,4095,3059,4066,763,2978,4095
4095,4095,3053,4070,754,2949,4095
4095,4095,3071,4091,784,2992,4095
4095,4095,3038,4047,759,2960,4095
4095,4095,3051,4039,749,2953,4095
4095,4095,3057,4068,752,2993,4095
4095,4095,3077,4095,764,2960,4095
4095,4095,3047,4080,757,2958,4095
4095,4095,3055,4079,750,2967,4095
4091,4095,3043,4053,760,2953,4095
4095,4095,3054,4095,755,2959,4095
4095,4095,3054,4048,763,2960,4095
4095,4095,3058,4063,770,2958,4095
4095,4095,3052,4055,763,2961,4095
4095,4095,3071,4066,779,2969,4095
4095,4095,3089,4057,752,2951,4095
4095,4095,3095,4065,784,2987,4095
4095,4095,3054,3981,751,2964,4095
4095,4095,3056,3980,750,2962,4095
4095,4095,3059,3997,752,2974,4095
4095,4095,3067,3997,753,2960,4095
4095,4095,3059,3972,752,2964,4095
4095,4095,3093,3981,749,2967,4095
4095,4095,3044,4030,749,2969,4095
4095,4095,3059,3985,759,2971,4095
4095,4095,3065,3988,745,2963,4095
4095,4095,3051,3990,742,2971,4095
4095,4095,3070,3984,741,2963,4095
4095,4095,3059,4005,735,2970,4095
4085,4095,3045,3988,764,2940,4095
4095,4095,3050,4045,723,2960,4095
4095,4095,3030,4059,728,2959,4095
4095,4095,3045,4045,726,2960,4095
4095,4095,3057,4033,723,2960,4095
4095,4095,3049,4059,722,2967,4095
4095,4095,3024,4037,722,2955,4095
4095,4095,3045,4035,723,2960,4095
4095,4095,3051,4033,727,2950,4095
4095,4095,3050,4058,734,2960,4095
4095,4095,3059,4061,742,2977,4095
4095,4095,3070,4033,752,2969,4095
4095,4095,3067,4043,752,2981,4095
4095,4095,3063,4048,769,2959,4095
4095,4095,3047,4014,811,2960,4095
4095,4095,3088,4078,812,2993,4095
4095,4095,3092,4070,815,2993,4095
4095,4095,3083,4056,825,2992,4095
4091,4095,3102,4032,816,2991,4095
4095,4095,3051,4043,803,2955,4095
4095,4095,3043,3991,811,2960,4095
4095,4095,3092,4049,823,2991,4095
4095,4095,3088,4012,812,2963,4095
4095,4095,3056,4016,811,2960,4095
4095,4095,3056,3987,791,2963,4095
4095,4095,3070,4031,787,2947,4095
4046,4095,3050,4095,759,2947,4095
4095,4095,3042,4017,774,2960,4095
4095,4095,3088,4070,754,2979,4095
4095,4095,3049,3999,720,2960,4095
4095,4095,3049,3999,784,2955,4095
4095,4095,3046,3983,784,2960,4095
4095,4095,3057,4016,782,2966,4095
4095,4095,3069,3949,799,2960,4095
4095,4095,3084,4028,752,2987,4095
4095,4095,3057,3999,741,2964,4095
4095,4095,3052,3991,746,2955,4095
4095,4095,3093,4015,757,2992,4095
4095,4095,3055,3984,741,2967,4095
4095,4095,3051,3989,741,2959,4095
4095,4095,3046,4013,737,2955,4095
4095,4095,3052,3990,730,2953,4095
4095,4095,3054,3985,731,2955,4095
4095,4095,3056,3983,735,2960,4095
4095,4095,3063,3956,740,2976,4095
4095,4095,3055,3984,731,2950,4095
4095,4095,3059,4019,718,2960,4095
4092,4095,3007,3992,736,2991,4095
4095,4095,3091,4015,747,2961,4095
4095,4095,3079,4028,736,2967,4095
4095,4095,3079,3998,733,2991,4095
4095,4095,3078,4001,723,2970,4095
4095,4095,3050,3986,731,2947,4095
4095,4095,3056,3976,731,2960,4095
4095,4095,3041,3985,724,2967,4095
4095,4095,3056,3974,730,2958,4095
4095,4095,3055,3991,721,2955,4095
4095,4095,3056,3973,729,2960,4095
4095,4095,3047,3968,726,2958,4095
4095,4095,3069,3981,730,2971,4095
4095,4095,3057,3997,723,2964,4095
4095,4095,3057,3981,725,2957,4095
4095,4095,3085,4002,748,2987,4095
4095,4095,3040,3984,725,2952,4095
4094,4095,3045,3982,727,2959,4095
4095,4095,3056,3991,733,2939,4095
4095,4095,3044,4002,732,2962,4095
4095,4095,3056,3987,725,2962,4095
4095,4095,3048,3989,727,2960,4095
4091,4095,3050,3951,731,2957,4095
4095,4095,3056,3959,729,2960,4095
4095,4095,3046,3971,723,2947,4095
4095,4095,3061,3998,726,2974,4095
4095,4095,3069,3967,724,2966,4095
4095,4095,3057,4005,725,2962,4095
4095,4095,3037,3968,716,2945,4095
4095,4095,3051,3983,719,2959,4095
4095,4095,3050,3983,720,2949,4095
4095,4095,3088,4005,720,2987,4095
4095,4095,3088,3989,726,2991,4095
4095,4095,3056,3982,720,2960,4095
4095,4095,3054,3967,716,2960,4095
4091,4095,3071,3997,720,2956,4095
4095,4095,3067,3989,718,2969,4095
4095,4095,3083,3952,720,2956,4095
4095,4095,3044,3982,720,2947,4095
4086,4095,3041,4006,729,2961,4095
4095,4095,3066,3982,730,2977,4095
4095,4095,3044,3968,720,2989,4095
4095,4095,3071,3984,722,2966,4095
4095,4095,3045,3990,721,2963,4095
4094,4095,3056,3967,719,2960,4095
4095,4095,3053,3993,711,2963,4095
4095,4095,3055,3995,720,2944,4095
4095,4095,3049,3984,720,2956,4095
4095,4095,3052,4014,723,2957,4095
4095,4095,3061,4000,722,2960,4095
4095,4095,3024,3998,688,2960,4095
4095,4095,3058,3986,720,2953,4095
4095,4095,3049,4011,723,2955,4095
4095,4095,3056,4034,723,2967,4095
4095,4095,3078,4025,730,2967,4095
4095,4095,3067,4027,727,2965,4095
4095,4095,3054,4001,722,2957,4095
4095,4095,3048,3984,720,2960,4095
4095,4095,3046,3998,730,2951,4095
4095,4095,3043,3984,721,2993,4095
4095,4095,3054,4012,725,2950,4095
4095,4095,3066,4017,738,2981,4095
4095,4095,3092,4016,747,2992,4095
4095,4095,3085,4010,739,2983,4095
4095,4095,3049,3984,723,2950,4095
4095,4095,3055,3994,723,2966,4095
4095,4095,3033,4011,731,2948,4095
4093,4095,3056,4012,722,2960,4095
4095,4095,3053,3993,721,2957,4095
4095,4095,3055,3982,723,2945,4095
4095,4095,3052,4000,726,2952,4095
4095,4095,3083,4001,734,2987,4095
4095,4095,3081,3994,739,2987,4095
4095,4095,3045,3959,736,2962,4095
4095,4095,3056,3973,735,2955,4095
4095,4095,3056,3999,732,2961,4095
4084,4095,3051,3984,735,2954,4095
4095,4095,3054,3958,745,2969,4095
4095,4095,3049,3974,732,2958,4095
4079,4095,3045,4008,739,2957,4095
4095,4095,3040,3994,727,2963,4095
4095,4095,3065,3979,741,2960,4095
4095,4095,3062,4033,742,2963,4095
4095,4095,3063,4009,741,2964,4095
4095,4095,3056,4000,737,2965,4095
4082,4095,3062,3961,734,2945,4095
4095,4095,3063,3962,727,2953,4095
4095,4095,3071,3984,737,2976,4095
4095,4095,3043,3990,725,2957,4095
4095,4095,3088,4005,746,2977,4095
4095,4095,3047,3981,730,2915,4095
4095,4095,3056,3967,734,2950,4095
4095,4095,3043,3963,730,2957,4095
4095,4095,3043,3997,726,2956,4095
4095,4095,3051,3954,720,2954,4095
4095,4095,3033,3954,730,2970,4095
4095,4095,3047,3975,723,2949,4095
4095,4095,3054,3996,723,2977,4095
4095,4095,3043,3993,723,2960,4095
4095,4095,3041,3952,719,2947,4095
4095,4095,3088,3984,736,2990,4095
4090,4095,3049,3975,726,2950,4095
4080,4095,3081,4032,727,2991,4095
4095,4095,3050,4021,720,2951,4095
4095,4095,3085,4062,736,2981,4095
4095,4095,3057,4005,727,2958,4095
4095,4095,3055,4004,721,2955,4095
4095,4095,3041,4017,730,2954,4095
4091,4095,3047,3991,734,2954,4095
4095,4095,3053,4010,727,2935,4095
4095,4095,3043,4022,727,2955,4095
4095,4095,3055,4009,725,2961,4095
4095,4095,3063,4011,733,2968,4095
4095,4095,3045,4037,737,2961,4095
4095,4095,3041,4021,725,2949,4095
4095,4095,3047,4001,732,2956,4095
4095,4095,3091,4011,739,2992,4095
4095,4095,3041,4032,727,2995,4095
4095,4095,3056,4021,734,2957,4095
4095,4095,3056,4013,733,2949,4095
4095,4095,3047,4009,723,2968,4095
4095,4095,3042,4006,734,2958,4095
4095,4095,3048,4009,727,2954,4095
4095,4095,3041,4021,727,2955,4095
4095,4095,3049,4001,731,2950,4095
4095,4095,3062,4000,736,2974,4095
4095,4095,3056,4019,727,2966,4095
4095,4095,3057,4016,726,2970,4095
4095,4095,3047,4016,721,2955,4095
4095,4095,3085,4021,737,2979,4095
4095,4095,3085,4033,737,2982,4095
4095,4095,3054,4025,734,2959,4095
4095,4095,3060,4029,726,2960,4095
4095,4095,3053,3998,730,2950,4095
4095,4095,3061,4041,724,2955,4095
4095,4095,3056,4013,725,2957,4095
4095,4095,3052,4033,736,2960,4095
4095,4095,3027,4016,726,2949,4095
4095,4095,3051,4037,730,2954,4095
4095,4095,3037,4015,730,2946,4095
4095,4095,3050,4025,723,2954,4095
4095,4095,3049,4048,735,2971,4095
4095,4095,3054,4047,734,2973,4095
4095,4095,3051,4016,721,2953,4095
4095,4095,3083,4037,735,2987,4095
4095,4095,3092,4048,749,2992,4095
4095,4095,3045,4025,727,2960,4095
4095,4095,3087,4064,737,2987,4095
4095,4095,3086,4052,746,2979,4095
4095,4095,3056,4027,727,2957,4095
4095,4095,3046,4007,731,2960,4095
4095,4095,3058,4032,723,2952,4095
4095,4095,3054,3996,727,2956,4095
4095,4095,3024,4048,734,2960,4095
4095,4095,3042,4013,723,2960,4095
4095,4095,3037,4043,725,2959,4095
4087,4095,3055,4031,731,2961,4095
4095,4095,3042,4037,721,2959,4095
4095,4095,3062,4038,720,2965,4095
4095,4095,3066,4069,720,2985,4095
4095,4095,3056,4034,715,2960,4095
4095,4095,3038,4016,722,2957,4095
4095,4095,3061,4048,717,2961,4095
4095,4095,3056,4042,717,2956,4095
4095,4095,3053,4039,718,2955,4095
4095,4095,3045,4031,720,2957,4095
4095,4095,3051,4063,721,2954,4095
4095,4095,3047,4049,721,2956,4095
4095,4095,3050,4035,715,2959,4095
4095,4095,3057,4048,722,2965,4095
4095,4095,3067,4048,722,2965,4095
4095,4095,3085,4065,726,2963,4095
4065,4095,3046,4095,714,2986,4095
4095,4095,3098,4080,721,2975,4095
4095,4095,3047,4054,720,2955,4095
4095,4095,3056,4057,717,2953,4095
4095,4095,3094,4080,723,2982,4095
4095,4095,3071,4088,723,2987,4095
4095,4095,3088,4095,720,2987,4095
4095,4095,3092,4079,731,2982,4095
4095,4095,3049,4043,720,2960,4095
4095,4095,3059,4075,715,2957,4095
4095,4095,3047,4046,717,2957,4095
4095,4095,3064,4062,717,2950,4095
4095,4095,3057,4048,714,2950,4095
4092,4095,3053,4057,715,2951,4095
4095,4095,3049,4042,726,2985,4095
4095,4095,3063,4083,718,2959,4095
4095,4095,3038,4050,716,2949,4095
4095,4095,3053,4080,715,2958,4095
4095,4095,3054,4089,714,2951,4095
4095,4095,3044,4053,714,2957,4095
4095,4095,3041,4064,715,2955,4095
4095,4095,3021,4079,718,2951,4095
4095,4095,3033,4095,715,2947,4095
4095,4095,3027,4095,709,2945,4095
4095,4095,3039,4070,712,2949,4095
4095,4095,3070,4083,720,2966,4095
4095,4095,3063,4065,718,2930,4095
4095,4095,3061,4064,715,2970,4095
4095,4095,3093,4074,720,2960,4095
4095,4095,3056,4053,716,2952,4095
4095,4095,3049,4058,720,2946,4095
4095,4095,3091,4095,725,2987,4095
4095,4095,3046,4047,709,2957,4095
4095,4095,3054,4065,715,2973,4095
4095,4095,3070,4062,720,2955,4095
4095,4095,3054,4042,711,2956,4095
4095,4095,3056,4033,714,2960,4095
4083,4095,3050,4048,719,2951,4095
4095,4095,3047,4048,720,2957,4095
4095,4095,3044,4057,720,2955,4095
4095,4095,3069,4063,715,2960,4095
4095,4095,3056,4055,719,2956,4095
4095,4095,3050,4075,710,2956,4095
4095,4095,3050,4050,709,2960,4095
4095,4095,3077,4053,726,2990,4095
4095,4095,3062,4095,729,2982,4095
4095,4095,3056,4061,717,2954,4095
4095,4095,3049,4065,719,2958,4095
4079,4095,3055,4071,720,2949,4095
4095,4095,3057,4063,721,2954,4095
4095,4095,3047,4066,718,2951,4095
4095,4095,3038,4095,720,2944,4095
4095,4095,3045,4045,716,2950,4095
4095,4095,3035,4083,727,2949,4095
4095,4095,3055,4095,720,2956,4095
4095,4095,3063,4090,723,2963,4095
4095,4095,3053,4090,727,2967,4095
4095,4095,3055,4085,726,2961,4095
4095,4095,3104,4095,720,2959,4095
4095,4095,3062,4095,742,2983,4095
4095,4095,3058,4094,721,2955,4095
4095,4095,3047,4082,719,2956,4095
4095,4095,3051,4068,719,2954,4095
4095,4095,3039,4081,707,2941,4095
4095,4095,3041,4095,720,2951,4095
4095,4095,3056,4095,722,2954,4095
4095,4095,3047,4067,720,2960,4095
4095,4095,3046,4095,722,2951,4095
4095,4095,3061,4095,719,2958,4095
4093,4095,3058,4090,720,2950,4095
4095,4095,3039,4095,719,2957,4095
4095,4095,3049,4095,720,2955,4095
4095,4095,3057,4092,723,2954,4095
4095,4095,3071,4095,739,2999,4095
4095,4095,3102,4095,749,2992,4095
4095,4095,3066,4065,735,2960,4095
4095,4095,3042,4095,734,2949,4095
4095,4095,3051,4095,727,2947,4095
4095,4095,3041,4095,731,2953,4095
4095,4095,3045,4095,725,2960,4095
4095,4095,3044,4095,731,2948,4095
4095,4095,3046,4095,731,2958,4095
4095,4095,3047,4095,732,2953,4095
4095,4095,3053,4095,735,2955,4095
4095,4095,3067,4095,739,2965,4095
4095,4095,3046,4095,738,2960,4095
4095,4095,3050,4095,741,2960,4095
4090,4095,3046,4095,731,2931,4095
4095,4095,3087,4095,735,2980,4095
4095,4095,3037,4095,723,2955,4095
4095,4095,3047,4095,729,2954,4095
4095,4095,3050,4095,736,2945,4095
4095,4095,3046,4095,735,2950,4095
4095,4095,3051,4095,731,2977,4095
4095,4095,3059,4095,735,2951,4095
4095,4095,3056,4095,738,2946,4095
4095,4095,3056,4095,743,2980,4095
4095,4095,3050,4095,731,2949,4095
4095,4095,3056,4095,734,2944,4095
4095,4095,3050,4095,740,2950,4095
4095,4095,3056,4095,737,2958,4095
4095,4095,3056,4095,734,2983,4095
4095,4095,3067,4095,754,2979,4095
4095,4095,3088,4095,732,2982,4095
4071,4095,3046,4095,728,2958,4095
4095,4095,3053,4095,730,2951,4095
4093,4095,3043,4095,732,2943,4095
4095,4095,3049,4095,727,2951,4095
4095,4095,3031,4095,725,2946,4095
4086,4095,3046,4095,726,2948,4095
4095,4095,3056,4095,731,2941,4095
4095,4095,3056,4095,725,2944,4095
4095,4095,3056,4095,733,2953,4095
4095,4095,3063,4095,745,2968,4095
4095,4095,3062,4095,730,2960,4095
4095,4095,3050,4095,739,2960,4095
4065,4095,3084,4090,736,2957,4095
4095,4095,3071,4095,750,2977,4095
4095,4095,3093,4095,734,2978,4095
4095,4095,3063,4095,735,2969,4095
4095,4095,3085,4095,725,2976,4095
4095,4095,3038,4095,720,2945,4095
4095,4095,3058,4091,737,2953,4095
4095,4095,3042,4095,727,2951,4095
4095,4095,3038,4095,727,2955,4095
4095,4095,3044,4095,734,2942,4095
4095,4095,3061,4095,728,2948,4095
4095,4095,3046,4095,721,2949,4095
4095,4095,3045,4095,724,2960,4095
4095,4095,3065,4095,732,2963,4095
4095,4095,3054,4095,723,2939,4095
4095,4095,3087,4095,731,2975,4095
4095,4095,3071,4095,736,2947,4095
4095,4095,3051,4095,720,2951,4095
4095,4095,3046,4095,721,2951,4095
4095,4095,3047,4095,705,2978,4095
4095,4095,3054,4095,725,2950,4095
4095,4095,3039,4095,722,2954,4095
4095,4095,3052,4085,718,2933,4095
4095,4095,3037,4095,723,2954,4095
4095,4095,3058,4095,722,2953,4095
4095,4095,3063,4095,727,2960,4095
4095,4095,3067,4095,725,2961,4095
4095,4095,3061,4095,733,2960,4095
4095,4095,3015,4095,736,2947,4095
4095,4095,3089,4095,737,2983,4095
4095,4095,3059,4086,723,2949,4095
4095,4095,3083,4095,722,2978,4095
4095,4095,3088,4095,737,2983,4095
4095,4095,3067,4095,726,2981,4095
4095,4095,3056,4091,720,2939,4095
4095,4095,3093,4095,731,2973,4095
4095,4095,3046,4041,723,2958,4095
4095,4095,3086,4095,726,2987,4095
4095,4095,3086,4095,722,2981,4095
4095,4095,3079,4095,740,3003,4095
4095,4095,3088,4095,746,2986,4095
4095,4095,3088,4095,731,2983,4095
4095,4095,3050,4037,735,2957,4095
4095,4095,3054,4086,758,2953,4095
4095,4095,3046,4083,766,2959,4095
4095,4095,3057,4095,754,2948,4095
4095,4095,3038,4095,759,2945,4095
4095,4095,3039,4087,758,2948,4095
4095,4095,3053,4095,767,2957,4095
4095,4095,3055,4095,763,2951,4095
4069,4095,3058,4095,768,2960,4095
4095,4095,3047,4095,766,2955,4095
4095,4095,3056,4095,767,2964,4095
4095,4095,3051,4095,769,2961,4095
4095,4095,3061,4095,771,2961,4095
4095,4095,3039,4052,764,2965,4095
4095,4095,3087,4095,772,2983,4095
4095,4095,3045,4073,778,2971,4095
4095,4095,3081,4093,786,2976,4095
4095,4095,3052,4084,782,2951,4095
4091,4095,3051,4063,780,2958,4095
4095,4095,3050,4083,779,2948,4095
4095,4095,3050,4095,778,2961,4095
4095,4095,3054,4094,782,2955,4095
4095,4095,3040,4083,776,2951,4095
4095,4095,3045,4093,784,2943,4095
4095,4095,3055,4095,783,2960,4095
4095,4095,3056,4085,784,2973,4095
4095,4095,3057,4095,783,2963,4095
4095,4095,3045,4095,781,2949,4095
4089,4095,3021,4067,775,2955,4095
4087,4095,3067,4095,791,2982,4095
4095,4095,3087,4095,783,2990,4095
4095,4095,3039,4095,771,2955,4095
4087,4095,3051,4095,771,2949,4095
4095,4095,3045,4095,777,2955,4095
4095,4095,3051,4095,775,2986,4095
4095,4095,3042,4095,771,3013,4095
4095,4095,3050,4095,774,2968,4095
4095,4095,3048,4095,765,2958,4095
4095,4095,3038,4095,774,2945,4095
4095,4095,3053,4087,774,2951,4095
4095,4095,3046,4094,776,2950,4095
4095,4095,3022,4079,776,2959,4095
4095,4095,3081,4095,786,2990,4095
4095,4095,3037,4090,774,2958,4095
4095,4095,3039,4093,769,2954,4095
4095,4095,3050,4095,778,2960,4095
4095,4095,3056,4095,777,2965,4095
4095,4095,3040,4095,775,2961,4095
4095,4095,3057,4095,774,2963,4095
4095,4095,3056,4082,782,2965,4095
4095,4095,3052,4095,776,2963,4095
4095,4095,3053,4095,769,2965,4095
4095,4095,3056,4095,775,2963,4095
4095,4095,3056,4095,778,2969,4095
4095,4095,3055,4095,773,2965,4095
4095,4095,3056,4095,782,2966,4095
4023,4095,3042,4095,760,2946,4095
4095,4095,3070,4091,785,2955,4095
4095,4095,3037,4095,784,2945,4095
4095,4095,3052,4095,775,2958,4095
4095,4095,3041,4095,783,2954,4095
4095,4095,3042,4095,784,2953,4095
4095,4095,3029,4090,784,2950,4095
4095,4095,3028,4095,784,2941,4095
4095,4095,3045,4071,783,2947,4095
4095,4095,3058,4095,784,2954,4095
4095,4095,3050,4095,792,2948,4095
4095,4095,3067,4095,798,2957,4095
4095,4095,3046,4095,799,2965,4095
4095,4095,3056,4095,791,2962,4095
4094,4095,3018,4095,781,2951,4095
4095,4095,3086,4095,787,2982,4095
4095,4095,3079,4095,787,2987,4095
4095,4095,3071,4095,777,2993,4095
4095,4095,3081,4095,785,2977,4095
4095,4095,3060,4095,771,2947,4095
4095,4095,3045,4095,774,2956,4095
4095,4095,3054,4095,767,2949,4095
4087,4095,3043,4095,771,2950,4095
4095,4095,3053,4094,777,2947,4095
4095,4095,3037,4095,770,2941,4095
4095,4095,3055,4095,769,2954,4095
4095,4095,3029,4095,769,2959,4095
4095,4095,3062,4095,780,2969,4095
4095,4095,3050,4095,796,2961,4095
4095,4095,3058,4095,787,2979,4095
4095,4095,3046,4079,769,2958,4095
4095,4095,3037,4095,772,2951,4095
4095,4095,3083,4095,779,2988,4095
4095,4095,3062,4095,784,2967,4095
4095,4095,3053,4095,763,2954,4095
4095,4095,3046,4086,767,2955,4095
4095,4095,3041,4095,769,2955,4095
4089,4095,3044,4044,757,2955,4095
4095,4095,3050,4090,769,2949,4095
4095,4095,3044,4095,771,2954,4095
4095,4095,3049,4092,769,2951,4095
4095,4095,3024,4095,766,2950,4095
4095,4095,3043,4074,765,2958,4095
4095,4095,3053,4095,766,2952,4095
4095,4095,3043,4090,767,2948,4095
4095,4095,3044,4091,769,2944,4095
4095,4095,3056,4087,758,2944,4095
4095,4095,3035,3983,762,2959,4095
4095,4095,3059,4093,771,2960,4095
4095,4095,3057,4095,784,2953,4095
4095,4095,3046,4068,771,2965,4095
4095,4095,3077,4078,768,2965,4095
4095,4095,3043,4080,752,2956,4095
4095,4095,3098,4095,752,2977,4095
4095,4095,3071,4095,763,2982,4095
4095,4095,3061,4095,757,2958,4095
4095,4095,3077,4091,759,2978,4095
4095,4095,3083,4095,761,2945,4095
4095,4095,3068,4092,751,2958,4095
4095,4095,3044,4048,748,2945,4095
4095,4095,3050,4061,750,2960,4095
4095,4095,3061,4080,761,2981,4095
4095,4095,3082,4095,754,2988,4095
4095,4095,3056,4080,759,2989,4095
4095,4095,3071,4095,754,2986,4095
4095,4095,3055,4080,752,2960,4095
4095,4095,3069,4095,755,2985,4095
4095,4095,3057,4095,765,2983,4095
4095,4095,3053,4095,752,2952,4095
4095,4095,3047,4073,760,2954,4095
4095,4095,3037,4095,765,2954,4095
4095,4095,3041,4094,753,2961,4095
4095,4095,3044,4081,759,2951,4095
4095,4095,3037,4095,757,2951,4095
4095,4095,3050,4095,757,2939,4095
4095,4095,3038,4095,757,2953,4095
4095,4095,3056,4095,741,2954,4095
4095,4095,3056,4095,762,2965,4095
4095,4095,3061,4095,768,2957,4095
4095,4095,3058,4085,773,2960,4095
4095,4095,3043,4081,762,2949,4095
4095,4095,3053,4045,746,2947,4095
4095,4095,3047,4069,747,2949,4095
4095,4095,3043,4080,742,2947,4095
4081,4095,3044,4067,751,2947,4095
4095,4095,3046,4095,752,2960,4095
4095,4095,3035,4078,752,2958,4095
4084,4095,3044,4064,753,2943,4095
4095,4095,3054,4080,755,2937,4095
4095,4095,3049,4095,752,2951,4095
4095,4095,3056,4085,758,2963,4095
4095,4095,3058,4087,754,2962,4095
4095,4095,3060,4087,753,2960,4095
4093,4095,3048,4081,749,2956,4095
4094,4095,3063,4091,767,2977,4095
4095,4095,3050,4095,768,2960,4095
4095,4095,3024,4095,771,2944,4095
4095,4095,3033,4083,767,2950,4095
4095,4095,3046,4086,768,2956,4095
4095,4095,3042,4066,767,2957,4095
4095,4095,3043,4078,767,2956,4095
4095,4095,3047,4090,765,2947,4095
4095,4095,3056,4095,752,2954,4095
4095,4095,3052,4091,757,2950,4095
4095,4095,3051,4095,756,2961,4095
4095,4095,3057,4095,748,2966,4095
4095,4095,3042,4095,762,2950,4095
4045,4095,3045,4095,751,2952,4095
4095,4095,3077,4081,757,2983,4095
4095,4095,3029,4095,853,2944,4095
4095,4095,3056,4095,867,2979,4095
4086,4095,3024,4095,858,2960,4095
4095,4095,3029,4095,864,2946,4095
4095,4095,3036,4095,853,2952,4095
4087,4095,3028,4095,859,2944,4095
4095,4095,3035,4095,869,2955,4095
4095,4095,3044,4095,851,2955,4095
4095,4095,3033,4095,848,2955,4095
4095,4095,3046,4095,850,2957,4095
4095,4095,3037,4095,840,2918,4095
4095,4095,3031,4095,848,2961,4095
4095,4095,3051,4095,857,2959,4095
4095,4095,3027,4095,849,2945,4095
4095,4095,3055,4095,835,2976,4095
4095,4095,3051,4095,855,2977,4095
4095,4095,3034,4095,847,2949,4095
4095,4095,3071,4095,855,2981,4095
4095,4095,3042,4095,856,2951,4095
4095,4095,3056,4095,848,2982,4095
4094,4095,3057,4095,851,2974,4095
4095,4095,3036,4095,846,2947,4095
4095,4095,3027,4095,837,2960,4095
4093,4095,3043,4095,839,2945,4095
4095,4095,3037,4095,839,2947,4095
4095,4095,3024,4095,842,2946,4095
4095,4095,3030,4095,843,2951,4095
4095,4095,3031,4095,839,2947,4095
4095,4095,3038,4095,835,2947,4095
4095,4095,3029,4062,720,2956,4095
4095,4095,3024,4072,720,2946,4095
4095,4095,3035,4080,719,2945,4095
4095,4095,3029,4078,715,2954,4095
4095,4095,3029,4090,715,2943,4095
4095,4095,3027,4064,720,2952,4095
4095,4095,3035,4081,716,2941,4095
4095,4095,3027,4054,719,2927,4095
4095,4095,3032,4057,715,2944,4095
4095,4095,3039,4076,718,2942,4095
4095,4095,3056,4063,720,2959,4095
4095,4095,3039,4080,723,2955,4095
4095,4095,3046,4061,721,2960,4095
4095,4095,3024,4061,709,2953,4095
4095,4095,3054,4077,721,2945,4095
4095,4095,3043,4061,715,2957,4095
4095,4095,3032,4043,720,2955,4095
4095,4095,3027,4091,721,2943,4095
4095,4095,3022,4079,722,2945,4095
4095,4095,3029,4049,727,2950,4095
4095,4095,3031,4078,755,2950,4095
4085,4095,3014,4077,754,2950,4095
4095,4095,3031,4042,760,2946,4095
4095,4095,3033,4057,757,2947,4095
4095,4095,3053,4093,771,2960,4095
4095,4095,3043,4062,771,2960,4095
4095,4095,3039,4068,776,2955,4095
4095,4095,3023,4059,784,2935,4095
4095,4095,3063,4084,787,2979,4095
4095,4095,3047,4065,833,2978,4095
4095,4095,3038,4095,823,2976,4095
4095,4095,3021,4057,810,2944,4095
4095,4095,3018,4095,812,2941,4095
4095,4095,3026,4068,809,2955,4095
4095,4095,3024,4048,807,2943,4095
4095,4095,3025,4061,793,2953,4095
4095,4095,3030,4071,787,2945,4095
4095,4095,3024,4069,775,2946,4095
4095,4095,3039,4081,775,2961,4095
4095,4095,3047,4065,761,2966,4095
4095,4095,3045,4080,771,2965,4095
4095,4095,3053,4087,764,2960,4095
4095,4095,3023,4038,755,2951,4095
4095,4095,3024,4087,758,2945,4095
4095,4095,3030,4052,758,2949,4095
4095,4095,3031,4073,755,2949,4095
4095,4095,3057,4087,772,2983,4095
4095,4095,3049,4095,753,2965,4095
4095,4095,3071,4081,752,2983,4095
4095,4095,3031,4069,742,2951,4095
4095,4095,3024,4080,735,2948,4095
4095,4095,3024,4055,727,2934,4095
4095,4095,3025,4059,731,2946,4095
4095,4095,3026,4051,733,2943,4095
4095,4095,3030,4089,737,2947,4095
4095,4095,3026,4057,739,2948,4095
4095,4095,3029,4075,747,2954,4095
4095,4095,3024,4081,737,2953,4095
4095,4095,3054,4071,764,2975,4095
4095,4095,3058,4082,762,2973,4095
4095,4095,3041,4095,761,2920,4095
4095,4095,3029,4045,791,2944,4095
4095,4095,3011,4069,806,2941,4095
4095,4095,3027,4048,807,2947,4095
4095,4095,3039,4044,804,2947,4095
4095,4095,3024,4050,790,2949,4095
4095,4095,3029,4063,784,2944,4095
4095,4095,3023,4042,804,2943,4095
4095,4095,3049,4080,811,2956,4095
4095,4095,3030,4073,795,2960,4095
4095,4095,3045,4057,800,2953,4095
4095,4095,3027,3939,822,2944,4095
4095,4095,3069,4094,806,2989,4095
4095,4095,3024,4064,791,2943,4095
4095,4095,3071,4095,800,2971,4095
4095,4095,3027,4095,784,2944,4095
