4095,1318,2789,4095,140,3579,4095
4064,832,2752,3791,106,3623,4077
3133,826,2750,3664,105,3626,4095
3008,839,2759,3852,107,3636,4095
2951,848,2763,4095,112,3634,4095
2606,1057,2763,4095,124,3634,4095
2247,1063,2771,4095,153,3633,4095
2177,1101,2753,4095,156,3617,4095
2099,1118,2768,4095,158,3633,4095
2095,1118,2767,4095,160,3634,4095
2355,1180,2766,4095,176,3629,4095
3376,2438,2780,4095,176,3627,4095
4095,4095,2815,4095,233,3632,4000
4095,4095,2960,4095,256,3633,3611
4093,4095,3028,4095,269,3632,3499
2485,4095,3049,4095,153,3617,3521
1649,4095,3080,4095,81,3626,3488
1433,4095,3089,4095,65,3639,3681
1363,4095,3100,4095,48,3639,3770
1359,2039,3121,4095,23,3634,3551
1264,2032,3138,4095,21,3649,3313
1186,1953,3151,4095,16,3655,3105
1167,2089,3156,4095,26,3664,3104
1186,2032,3137,4095,27,3671,3105
1278,2011,3129,4095,34,3666,3191
1351,2026,3126,4095,46,3663,3309
1407,2063,3125,4095,48,3663,3492
1646,2085,3105,4095,48,3649,3721
1744,2064,3103,4095,49,3658,3795
1862,2082,3088,4095,61,3651,3791
2133,4095,3084,4095,65,3649,3869
2384,4095,3064,4095,67,3637,3893
2531,4095,3045,4095,78,3635,3913
2602,4095,3056,4095,80,3642,3900
2471,4095,3065,4095,85,3638,3889
2483,4095,3071,4095,79,3632,3937
2402,3015,3086,4095,70,3632,3911
2387,2132,3101,4095,70,3645,3905
2374,2032,3109,4095,64,3647,3934
2288,1947,3136,4095,48,3639,3766
2173,1870,3100,4095,48,3640,3782
2153,1808,3111,4095,39,3649,3792
2059,1807,3117,4095,41,3648,3790
2043,1793,3136,4095,17,3641,3833
2121,1881,3099,4095,38,3637,3803
2150,2023,3114,4095,48,3648,3786
2167,2025,3107,4095,48,3645,3799
2288,2031,3088,4095,48,3629,3804
2302,2039,3086,4095,55,3632,3815
2349,2085,3090,4095,65,3638,3950
2358,2169,3087,4095,65,3638,3933
2416,2290,3086,4095,70,3635,3995
2400,2289,3071,4095,72,3625,3991
2416,4095,3086,4095,79,3635,3990
2398,4095,3082,4095,73,3639,3979
2425,4095,3082,4095,71,3645,3987
2386,4095,3057,4095,70,3622,3982
2416,4095,3078,4095,65,3638,3970
2445,4095,3071,4095,66,3636,3986
2442,4095,3077,4095,69,3634,3975
2402,4095,3056,4095,64,3641,3988
2433,4095,3056,4095,66,3623,3983
2405,4095,3054,4095,67,3630,3968
2473,4095,3059,4095,80,3639,3966
2471,4095,3056,4095,81,3633,3978
2459,4095,3052,4095,80,3634,3988
2462,4095,3046,4095,81,3633,3984
2503,4095,3050,4095,81,3635,3981
2427,4095,3030,4095,95,3600,3932
2461,4095,3027,4095,80,3623,3952
2453,4095,3027,4095,78,3635,3971
2454,4095,3039,4095,79,3633,3968
2473,4095,3042,4095,80,3635,3970
2495,4095,3040,4095,80,3632,3971
2471,4095,3040,4095,85,3632,4003
2464,4095,3040,4095,85,3633,3997
2457,4095,3039,4095,82,3632,3984
2430,4095,3038,4095,82,3633,3984
2448,4095,3037,4095,80,3632,3971
2435,4095,3035,4095,80,3633,3984
2454,4095,3038,4095,80,3632,3973
2426,4095,3037,4095,81,3632,3984
2471,4095,3056,4095,74,3638,4005
2451,4095,3024,4095,78,3622,3977
2443,4095,3034,4095,80,3632,3961
2453,4095,3036,4095,80,3632,4001
2473,4095,3033,4095,80,3634,3998
2480,4095,3027,4095,81,3633,4020
2475,4095,3022,4095,86,3618,4019
2470,4095,3031,4095,83,3635,3998
2482,4095,3031,4095,83,3631,3985
2491,4095,3030,4095,80,3633,3997
2496,4095,3030,4095,76,3632,3994
2487,4095,3031,4095,73,3629,3999
2479,4095,3030,4095,73,3632,4010
2480,4095,3027,4095,75,3627,3991
2495,4095,3053,4095,76,3644,3978
2513,4095,3049,4095,67,3626,3965
2475,4095,3030,4095,74,3632,3993
2451,4095,3030,4095,80,3630,3999
2461,4095,3027,4095,78,3627,3977
2451,4095,3018,4095,74,3627,3963
2475,4095,3029,4095,74,3629,3959
2475,4095,3025,4095,79,3632,3955
2453,4095,3029,4095,77,3629,3955
2454,4095,3027,4095,70,3632,3955
2452,4095,3034,4095,66,3629,3966
2450,4095,3026,4095,65,3626,4011
2483,4095,3027,4095,69,3632,3953
2574,4095,3013,4095,66,3613,3994
2545,4095,3013,4095,67,3613,3963
2539,4095,3024,4095,71,3631,3985
2551,4095,3021,4095,67,3631,3993
2515,4095,3008,4095,67,3625,3997
2514,4095,3011,4095,64,3621,4012
2512,4095,3024,4095,66,3631,4000
2496,4095,3024,4095,64,3632,3985
2521,4095,3036,4095,59,3625,3998
2482,4095,3011,4095,59,3611,3973
2512,4095,3023,4095,67,3632,4045
2484,4095,3020,4095,65,3629,4047
2498,4095,3008,4095,63,3620,4032
2493,4095,3014,4095,62,3612,4034
2491,4095,3020,4095,65,3629,4031
2507,4095,3022,4095,67,3632,4034
2485,4095,3006,4095,64,3623,4032
2486,4095,3010,4095,70,3618,4028
2502,4095,3023,4095,68,3632,4043
2494,4095,3024,4095,67,3632,4048
2480,4095,3017,4095,63,3551,4024
2480,4095,3008,4095,64,3625,4022
2492,4095,3024,4095,64,3632,4033
2465,4095,3022,4095,64,3632,4015
2452,4095,2999,4095,55,3629,4011
2451,4095,3014,4095,61,3611,4011
2477,4095,3007,4095,55,3612,4001
2490,4095,3023,4095,65,3629,4048
2497,4095,3021,4095,64,3628,4025
2480,4095,3010,4095,64,3614,4009
2459,4095,3007,4095,64,3619,4001
2480,4095,3020,4095,66,3632,4014
2463,4095,3021,4095,64,3632,4000
2476,4095,3010,4095,58,3621,3995
2486,4095,3021,4095,64,3632,3994
2469,4095,3024,4095,65,3630,3995
2467,4095,3021,4095,65,3630,4016
2449,4095,3007,4095,63,3614,3980
2461,4095,3021,4095,64,3631,3995
2459,4095,3019,4095,65,3632,4003
2461,4095,3021,4095,63,3632,3985
2467,4095,3043,4095,68,3638,3987
2435,4095,3008,4095,64,3618,3966
2454,4095,3023,4095,63,3633,3973
2448,4095,3019,4095,64,3629,3980
2443,4095,3007,4095,64,3611,3959
2426,4095,3009,4095,58,3616,3967
2448,4095,3019,4095,63,3632,3965
2400,4095,3017,4095,60,3628,3971
2389,4095,3010,4095,55,3622,3968
2416,4095,3011,4095,49,3621,3991
2416,4095,3021,4095,54,3630,4016
2432,4095,3018,4095,56,3632,4013
2439,4095,3007,4095,60,3627,3997
2447,4095,3011,4095,54,3618,4002
2496,4095,3018,4095,59,3629,4040
2490,4095,3018,4095,63,3627,4017
2474,4095,3003,4095,59,3618,4017
2463,4095,3010,4095,62,3620,4015
2509,4095,3019,4095,64,3625,4019
2493,4095,3022,4095,66,3625,4030
2476,4095,3026,4095,62,3617,4011
2486,4095,3008,4095,65,3609,4007
2479,4095,3022,4095,69,3631,4026
2477,4095,3021,4095,72,3632,4020
2445,4095,3009,4095,70,3617,4011
2431,4095,3008,4095,66,3618,4010
2431,4095,3018,4095,64,3631,4017
2422,4095,3019,4095,66,3626,4015
2428,4095,3018,4095,65,3627,4014
2420,4095,3008,4095,61,3611,4013
2406,4095,3003,4095,63,3613,4013
2413,4095,3021,4095,64,3627,4012
2416,4095,3019,4095,64,3629,4010
2403,4095,3011,4095,61,3611,3986
2399,4095,3017,4095,62,3629,4007
2378,4095,3019,4095,63,3631,4017
2384,4095,3019,4095,61,3631,4007
2382,4095,3003,4095,59,3615,4003
2381,4095,3019,4095,60,3622,4006
2384,4095,3019,4095,64,3628,4015
2389,4095,3017,4095,64,3631,4015
2370,4095,3003,4095,55,3613,3987
2397,4095,3015,4095,63,3629,3991
2391,4095,3018,4095,63,3629,3997
2378,4095,3014,4095,62,3627,3995
2367,4095,3003,4095,59,3609,3981
2355,4095,2997,4095,61,3614,3983
2371,4095,3011,4095,62,3630,3980
2369,4095,3014,4095,64,3628,3979
2355,4095,2997,4095,55,3610,3967
2349,4095,3006,4095,48,3615,3954
2363,4095,3015,4095,49,3631,3968
2371,4095,3015,4095,48,3630,3993
2352,4095,3005,4095,41,3630,3983
2337,4095,3023,4095,35,3634,4002
2309,4095,3017,4095,31,3632,3984
2291,4095,3017,4095,29,3632,3973
2272,4095,3005,4095,27,3626,3972
2283,4095,3007,4095,30,3626,3955
2255,2243,3005,4095,33,3626,3901
2253,2087,3014,4095,34,3633,3934
2210,2055,3003,4095,31,3621,3915
2214,2059,3003,4095,34,3627,3952
2225,2064,3019,4095,39,3635,3959
2234,2105,3013,4095,47,3632,3952
2256,4095,3001,4095,48,3619,3959
2245,4095,2995,4095,48,3619,3949
2263,4095,2993,4095,50,3629,3956
2269,4095,2995,4095,58,3632,3968
2253,4095,2967,4095,51,3616,3965
2311,4095,3009,4095,49,3631,3988
2307,4095,3008,4095,57,3629,3985
2302,4095,3009,4095,59,3626,4004
2307,4095,3011,4095,59,3631,4004
2311,4095,3002,4095,58,3623,4020
2313,4095,3004,4095,57,3605,3982
2320,4095,3012,4095,59,3622,3985
2288,4095,3010,4095,58,3630,3984
2277,4095,3002,4095,55,3620,3973
2282,4095,3013,4095,54,3632,3971
2272,4095,3011,4095,53,3627,3970
2288,4095,3008,4095,51,3632,3957
2276,4095,3001,4095,48,3618,3950
2300,4095,3008,4095,50,3630,3967
2306,4095,3010,4095,51,3632,3966
2316,4095,3010,4095,50,3632,3970
2301,4095,3000,4095,41,3621,3967
2315,4095,3010,4095,50,3629,3984
2311,4095,3008,4095,50,3628,3982
2320,4095,3011,4095,49,3629,3980
2325,4095,3003,4095,48,3613,3970
2320,4095,2994,4095,48,3611,3975
2335,4095,3009,4095,50,3623,3982
2354,4095,3009,4095,50,3629,3974
2349,4095,2997,4095,51,3615,3969
2367,4095,2999,4095,49,3606,3983
2432,4095,3011,4095,55,3627,4016
2388,4095,3010,4095,54,3624,4016
2373,4095,2997,4095,52,3613,3987
2347,4095,2997,4095,49,3620,3990
2364,4095,3011,4095,53,3629,3986
2370,4095,3014,4095,49,3623,3999
2370,4095,2998,4095,49,3617,4006
2376,4095,3002,4095,48,3614,3997
2390,4095,2997,4095,51,3621,3984
2386,4095,3010,4095,51,3623,4000
2394,4095,3003,4095,51,3616,4002
2416,4095,3006,4095,55,3623,4006
2431,4095,3015,4095,57,3627,4013
2400,4095,3015,4095,54,3625,3984
2358,2204,3003,4095,43,3616,3965
2323,2059,3010,4095,44,3619,3952
2323,2055,3020,4095,46,3629,3984
2349,2064,3015,4095,48,3626,3967
2362,2074,3017,4095,48,3631,3968
2367,2206,3010,4095,43,3617,3973
2368,4081,3019,4095,48,3627,3990
2381,4095,3011,4095,49,3623,4004
2361,4095,3005,4095,59,3627,4009
2351,4095,2996,4095,53,3613,3984
2357,4095,2990,4095,59,3621,3986
2379,4095,3006,4095,59,3627,3988
2386,4095,3005,4095,59,3624,3989
2376,4095,2991,4095,58,3609,3981
2377,4095,3002,4095,61,3633,3985
2366,4095,3003,4095,57,3621,3994
2355,4095,3003,4095,56,3620,3985
2369,4095,2991,4095,50,3610,3971
2370,4095,3003,4095,61,3626,3990
2372,4095,3001,4095,58,3625,3986
2368,4095,3001,4095,60,3626,3984
2347,4095,2991,4095,58,3611,3967
2339,4095,2988,4095,58,3619,3967
2345,4095,2987,4095,64,3606,3973
2353,4095,2983,4095,57,3613,3965
2347,4095,2990,4095,59,3617,3972
2352,4095,2983,4095,51,3615,3968
2384,4095,2997,4095,59,3626,3983
2383,4095,2997,4095,55,3626,3984
2372,4095,2983,4095,51,3621,3971
2399,4095,2983,4095,56,3611,3969
2433,4095,2999,4095,59,3632,3984
2406,4095,2999,4095,61,3630,3980
2369,4095,2990,4095,55,3617,3965
2346,4095,2990,4095,59,3609,3971
2362,4095,2994,4095,59,3627,3981
2366,4095,2997,4095,60,3621,3981
2309,4095,2985,4095,58,3616,3977
2354,4095,2991,4095,55,3614,3984
2366,4095,2996,4095,57,3622,3985
2371,4095,2997,4095,57,3623,3987
2363,4095,2983,4095,57,3613,3968
2378,4095,2988,4095,62,3611,3973
2418,4095,2992,4095,63,3626,3997
2422,4095,2995,4095,62,3622,3995
2385,4095,2997,4095,62,3622,3987
2370,4095,2992,4095,55,3619,3973
2369,4095,2995,4095,63,3629,3983
2379,4095,2995,4095,64,3622,3984
2385,4095,2996,4095,64,3625,3981
2360,4095,2983,4095,61,3613,3975
2352,4095,2997,4095,59,3625,3973
2352,4095,2998,4095,58,3622,3985
2350,4095,3001,4095,54,3622,3979
2331,4095,2992,4095,43,3610,3949
2320,4095,3002,4095,48,3627,3984
2288,4095,2999,4095,48,3627,4007
2258,4095,2999,4095,47,3631,4003
2254,4095,2990,4095,43,3619,3965
2256,4095,2990,4095,35,3619,3985
2260,4095,2998,4095,43,3630,3984
2249,4095,2995,4095,47,3623,3959
2247,4095,2988,4095,48,3630,3953
2272,4095,2986,4095,46,3610,3967
2277,4095,2997,4095,43,3631,3970
2234,4095,2993,4095,42,3630,3971
2194,4095,2986,4095,37,3625,3975
2215,4095,2994,4095,38,3632,3959
2197,4048,2993,4095,34,3632,3953
2202,3240,2992,4095,35,3629,3950
2197,2559,2978,4095,35,3619,3947
2238,2384,2992,4095,33,3632,3952
2224,2325,2994,4095,37,3632,3954
2224,2297,2992,4095,35,3631,3953
2214,2454,2982,4095,33,3622,3942
2224,2437,2983,4095,36,3621,3962
2239,2623,2989,4095,25,3635,3958
2224,2619,2992,4095,37,3629,3969
2224,2611,2983,4095,31,3623,3950
2227,2405,2979,4095,38,3619,3949
2226,2415,2993,4095,38,3630,3955
2226,3184,2994,4095,41,3630,3973
2218,3129,2993,4095,35,3618,3973
2224,3056,2986,4095,33,3612,3952
2224,2634,2999,4095,42,3630,3982
2221,2873,2995,4095,43,3630,3985
2199,2868,2985,4095,46,3615,3957
2223,2159,2991,4095,45,3625,3995
2219,2064,2998,4095,40,3617,3962
2238,2065,3011,4095,48,3630,3984
2230,2096,3008,4095,48,3627,3989
2237,2113,2997,4095,44,3616,3981
2237,2141,3009,4095,50,3621,3969
2248,2320,3007,4095,51,3626,3984
2244,2320,3009,4095,54,3629,3979
2242,2300,2995,4095,48,3614,3963
2243,2304,3008,4095,51,3627,3979
2231,2288,3008,4095,48,3630,3952
2229,2281,3003,4095,48,3621,3965
2224,2183,2994,4095,47,3615,3952
2229,2183,3002,4095,48,3629,3939
2213,2141,3003,4095,45,3629,3932
2202,2056,3010,4095,45,3632,4011
2128,2084,3015,4095,57,3619,3968
2114,2088,3011,4095,59,3622,3953
2128,2173,3023,4095,58,3629,3955
2139,2208,3015,4095,59,3631,3970
2164,2272,2996,4095,51,3627,3947
2225,2448,3014,4095,55,3631,3957
2226,4095,3011,4095,55,3629,3952
2224,4095,3008,4095,53,3623,3997
2247,4095,2993,4095,49,3610,3990
2256,4095,3013,4095,53,3623,4002
2256,4095,3014,4095,59,3625,4006
2247,4095,3010,4095,62,3625,3995
2223,4095,2995,4095,59,3606,3970
2208,4095,2997,4095,58,3626,3970
2185,4095,3011,4095,55,3632,3991
2133,3334,3010,4095,57,3646,4010
2100,2631,3004,4095,58,3637,3994
2085,2535,2998,4095,63,3640,3996
2112,2141,3030,4095,63,3662,4008
2068,2001,3003,4095,52,3642,3962
2059,2006,3015,4095,49,3649,3954
2043,1936,3017,4095,51,3646,3952
2068,1915,3015,4095,53,3644,3952
2084,1921,3018,4095,50,3647,3952
2077,1984,3001,4095,48,3632,3934
2112,1994,3001,4095,54,3627,3931
2111,1987,3011,4095,53,3640,3948
2125,1997,3013,4095,61,3636,3936
2130,2002,3011,4095,63,3638,3930
2127,1989,3002,4095,57,3632,3926
2128,1988,3005,4095,59,3627,3936
2142,2000,3011,4095,59,3642,3939
2149,1923,3008,4095,62,3646,3917
2158,1933,3031,4095,68,3664,3953
2134,1883,3008,4095,51,3651,3956
2132,1759,3003,4095,50,3657,3959
2139,1714,3015,4095,53,3664,3958
2135,1695,3018,4095,54,3667,3964
2141,1641,3015,4095,58,3664,3949
2138,1630,3019,4095,64,3666,3967
2144,1575,3018,4095,71,3670,3949
2132,1563,3005,4095,70,3657,3962
2139,1573,3003,4095,65,3658,3931
2151,1579,3007,4095,72,3663,3927
2160,1574,3007,4095,64,3654,3967
2193,1687,3034,4095,67,3659,3943
2158,1773,3010,4095,66,3653,3954
2158,1746,3006,4095,62,3650,3958
2177,1776,3013,4095,64,3658,3981
2186,1739,3004,4095,59,3639,3951
2193,1738,2999,4095,61,3648,3985
2211,1744,3011,4095,58,3657,3992
2211,1728,3012,4095,51,3654,3982
2208,1695,3004,4095,57,3648,3969
2195,1691,3001,4095,48,3648,3952
2210,1699,3013,4095,51,3654,3967
2208,1719,3011,4095,54,3654,3955
2189,1712,2967,4095,48,3638,3936
2176,1691,2993,4095,47,3653,3945
2180,1708,3009,4095,48,3648,3935
2176,1718,3008,4095,48,3654,3930
2160,1770,2992,4095,48,3643,3916
2157,1875,2995,4095,48,3635,3926
2163,2002,3009,4095,47,3653,3920
2161,1987,3005,4095,45,3653,3938
2155,2002,2992,4095,39,3657,3937
2174,1981,2994,4095,39,3646,3984
2164,2005,3007,4095,44,3657,4007
2160,2010,3008,4095,44,3651,3991
2157,1972,2987,4095,35,3648,3984
2166,1911,2998,4095,33,3645,4013
2164,1808,2996,4095,34,3646,3984
2185,1841,3009,4095,35,3658,3966
2186,1998,3007,4095,35,3655,3988
2196,2031,3021,4095,37,3616,3935
2170,2000,2997,4095,36,3647,3968
2179,1990,3005,4095,37,3658,3982
2173,2016,3007,4095,40,3654,3978
2146,1996,2995,4095,33,3647,3968
2128,1734,2995,4095,32,3637,3957
2119,1667,2992,4095,30,3638,3977
2117,1658,3007,4095,33,3652,3950
2127,1867,3005,4095,34,3646,3954
2123,1859,3002,4095,35,3647,3968
2123,1963,3003,4095,42,3648,3945
2125,1810,2997,4095,46,3643,3963
2110,1774,2990,4095,42,3639,3954
2112,1770,2992,4095,37,3632,3939
2128,1786,3003,4095,44,3643,3939
2127,1715,3004,4095,47,3644,3943
2126,1738,3002,4095,48,3641,3937
2132,1731,3000,4095,46,3643,3939
2129,1718,3000,4095,50,3639,3940
2129,1709,3003,4095,46,3641,3940
2128,1709,2999,4095,45,3647,3938
2126,1705,2998,4095,44,3641,3931
2125,1706,2999,4095,43,3642,3928
2119,1699,3004,4095,43,3644,3911
2128,1599,2998,4095,43,3643,3903
2133,1545,3001,4095,47,3643,3897
2117,1488,2992,4095,39,3634,3937
2125,1483,3006,4095,48,3645,3973
2113,1386,2995,4095,48,3632,3969
2111,1394,2995,4095,48,3632,3952
2119,1483,3005,4095,48,3645,3961
2125,1488,3007,4095,48,3646,3961
2122,1547,3007,4095,48,3638,3978
2116,1554,3004,4095,48,3641,3963
2115,1562,3005,4095,49,3639,3963
2113,1553,3006,4095,48,3643,3963
2102,1562,2989,4095,50,3630,3949
2127,1582,3004,4095,53,3641,3971
2127,1575,3001,4095,51,3638,3981
2128,1567,3003,4095,50,3638,3965
2133,1572,2993,4095,48,3631,3938
2128,1582,2992,4095,50,3626,3946
2127,1589,3006,4095,52,3638,3943
2122,1582,3005,4095,51,3641,3925
2128,1589,3004,4095,51,3639,3923
2143,1584,3006,4095,49,3637,3950
2160,1583,3005,4095,47,3638,3973
2165,1571,3007,4095,48,3637,3999
2175,1553,3005,4095,48,3635,4025
2176,1555,3007,4095,48,3638,4006
2192,1579,3007,4095,51,3638,4003
2194,1575,3005,4095,50,3639,4007
2207,1584,3005,4095,52,3639,4020
2210,1569,2992,4095,50,3629,4013
2222,1585,2997,4095,48,3631,4031
2230,1605,3005,4095,53,3639,4035
2227,1630,3006,4095,55,3637,4027
2211,1611,2994,4095,51,3623,3993
2209,1616,2994,4095,48,3632,4005
2213,1614,3006,4095,53,3633,4006
2218,1614,3001,4095,53,3635,4014
2187,1610,2992,4095,49,3619,3987
2199,1616,3005,4095,51,3637,4011
3173,2139,2768,4095,347,3619,3651
3099,2103,2761,4095,334,3616,3825
3213,2107,2766,4095,329,3619,3714
3175,2138,2767,4095,325,3614,3729
3130,2078,2768,4091,336,3593,3677
3167,2081,2768,4095,322,3614,3647
3168,2090,2768,4048,331,3598,3701
3148,2109,2755,4011,303,3615,3555
3136,2113,2761,4095,334,3613,3521
3092,2129,2768,4095,330,3627,3825
3121,2245,2786,4095,327,3625,3913
3099,2298,2747,4095,299,3632,3959
3110,2295,2749,4095,303,3623,3526
3113,2302,2764,4095,263,3643,3491
3114,2296,2758,4095,263,3645,3483
3175,2281,2760,4095,266,3649,3485
3286,2302,2741,4095,301,3656,3447
3334,2320,2755,4095,368,3661,3362
3297,2306,2761,4095,353,3671,3222
3267,2314,2754,4095,351,3691,3137
3279,2320,2752,4095,341,3669,3067
3291,2449,2766,4095,367,3698,3009
3285,2480,2758,4095,362,3684,2992
3251,4095,2720,4095,347,3693,2912
3226,4095,2736,4095,347,3680,2911
3216,4095,2755,4016,339,3695,2910
3187,4095,2749,3830,368,3696,2818
3125,4095,2751,3855,393,3709,2855
3117,4095,2737,3794,419,3676,2843
2986,4095,2767,3807,438,3696,2887
2959,4095,2767,3825,464,3697,2835
2971,4095,2761,3828,490,3694,2765
3104,4095,2747,3823,531,3693,2688
3157,4095,2755,3856,590,3701,2704
3229,4095,2773,3794,1003,3695,2672
3405,4095,2771,3806,1165,3697,2726
3449,4095,2751,3853,917,3679,2786
3450,4095,2745,3851,832,3678,2843
3535,4095,2757,4076,816,3689,2822
3418,4095,2749,3964,971,3682,2831
3403,4095,2739,4095,1014,3690,2835
3333,4095,2723,4095,1233,3674,2874
3331,4095,2764,4095,1291,3686,2848
3375,4095,2767,4095,1423,3665,2832
3408,4095,2810,3934,1345,3674,2843
3362,4095,2770,3909,1328,3670,2864
3497,4095,2786,3822,1313,3687,2890
3453,4095,2774,3919,1085,3682,2956
3533,4095,2758,3877,923,3679,2897
3536,4095,2763,3939,932,3664,2949
3717,4095,2773,3874,853,3654,3003
3791,4095,2764,3920,805,3674,3029
3660,4095,2757,3920,727,3689,3019
3410,4095,2763,3923,734,3659,3017
3325,4095,2759,3877,753,3666,2987
3326,4095,2773,3892,750,3677,3010
3349,4095,2751,3888,734,3653,3008
3440,4095,2758,3895,730,3664,3067
3536,4095,2781,3856,860,3651,2993
3707,4095,2768,3817,854,3671,3088
3381,4095,2779,3877,900,3670,3022
3338,4095,2773,3967,896,3662,3028
3361,4095,2782,4095,854,3664,3120
3451,4095,2777,4095,541,3673,3181
3441,4095,2773,4095,586,3668,3133
3411,4095,2759,4095,613,3652,3106
3448,4095,2768,4095,618,3670,3103
3378,4095,2761,4095,610,3664,3087
3271,4095,2763,4095,623,3666,2997
3265,4095,2750,4095,598,3655,3018
3307,4095,2768,4095,612,3661,3063
3314,4095,2764,3970,785,3669,3031
3307,4095,2773,3722,816,3670,3047
3293,4095,2752,3652,818,3654,3091
3305,4095,2771,3713,788,3664,3248
3305,4095,2779,3669,813,3666,3170
3314,4095,2783,3821,739,3670,3215
3320,4095,2782,3634,793,3661,3141
3345,4095,2806,3583,749,3663,3139
3350,4095,2813,3559,782,3674,3084
3347,4095,2802,3542,773,3665,3082
3330,4095,2800,3474,764,3663,3017
3357,4095,2817,3429,779,3691,3059
3355,4095,2802,3481,734,3670,3086
3343,4095,2800,3566,737,3664,3130
3239,4095,2791,3614,766,3664,3311
3194,2976,2795,3415,960,3703,3443
3177,2881,2811,3421,1085,3664,3535
3229,3011,2815,3440,1104,3664,3539
3309,3834,2800,3350,1057,3643,3504
3457,4095,2789,3431,919,3648,3439
3443,4095,2797,3526,858,3659,3459
3343,4095,2787,3690,868,3625,3456
3201,2908,2779,3780,794,3657,3677
2998,2635,2816,3583,774,3665,3675
2944,2417,2802,3492,766,3662,3721
3033,2630,2813,3545,755,3658,3696
3223,3791,2798,3634,737,3655,3737
3441,4095,2791,3669,739,3594,3671
3484,4095,2799,3759,720,3651,3691
4095,4095,2816,4095,687,3661,3730
4095,4095,2826,4095,702,3667,3525
4095,4095,2858,4095,688,3662,3377
4095,4095,2854,4095,643,3660,3335
4095,4095,2866,4095,529,3660,3198
4095,4095,2868,4095,506,3651,3145
4095,4095,2871,4095,606,3661,3152
4095,4095,2871,4095,531,3664,3200
4095,4095,2861,4095,592,3663,3286
4095,4095,2845,4095,593,3667,3256
4095,4095,2861,4095,674,3673,3273
4095,4095,2854,4095,619,3663,3245
4027,4095,2861,4095,624,3661,3195
4011,4095,2863,4095,637,3661,3171
4015,4095,2880,4095,636,3666,3149
3911,4095,2885,4095,665,3662,3113
3700,4095,2888,4095,702,3664,3082
3280,4095,2881,4095,753,3650,3110
3011,4095,2893,4095,735,3689,3066
2881,4095,2869,4095,763,3643,3039
2903,4095,2890,4095,769,3664,3093
2894,4095,2878,4095,705,3648,3088
2848,4095,2875,4095,684,3648,3056
2805,4095,2871,4095,676,3664,3053
2803,4095,2886,4095,703,3657,3068
2847,4095,2870,4095,674,3655,3019
2815,4095,2865,4095,688,3643,3011
2816,4095,2878,4095,703,3655,3019
2688,4095,2875,4095,743,3650,3055
2623,3441,2864,4095,749,3642,3065
2640,2800,2851,4095,755,3648,3104
2615,2759,2867,4095,759,3663,3120
2624,2758,2864,4095,749,3657,3088
2624,2654,2846,4095,739,3655,3127
2651,2550,2851,4095,663,3651,3120
2742,2594,2869,4095,677,3657,3172
2877,2640,2855,4095,712,3660,3311
2974,2675,2843,4095,707,3644,3298
3342,4095,2839,4095,685,3649,3306
3350,4095,2855,4095,690,3657,3285
3481,4095,2851,4095,663,3664,3280
3394,4095,2839,4095,640,3654,3289
3455,4095,2832,4095,646,3641,3313
3434,4095,2828,4095,631,3644,3408
3723,4095,2842,4095,640,3649,3527
4095,4095,2834,4095,656,3648,3635
4095,4095,2801,4095,620,3635,3733
4095,4095,2797,4095,631,3649,3858
4095,4095,2800,4095,607,3652,3839
4095,4095,2774,4095,654,3649,3845
4095,4095,2787,4095,672,3623,3908
4095,4095,2780,4095,707,3649,4080
4095,4095,2793,4095,714,3648,3955
4095,4095,2791,4095,734,3647,4095
4095,4095,2775,4095,658,3636,4095
4095,4095,2779,4095,611,3632,4095
4095,4095,2769,4095,646,3650,4095
4095,4095,2788,4095,630,3645,4095
4095,3278,2764,4095,616,3645,4095
4095,3309,2768,4095,664,3634,4095
4095,3462,2755,4095,795,3647,4095
4095,3536,2757,4095,797,3643,4095
4095,4095,2741,4095,811,3635,4095
4095,4095,2753,4095,823,3647,4095
3165,3218,2756,4095,846,3643,4095
2837,2167,2770,4095,863,3643,3953
2801,2000,2768,4095,834,3638,3850
2806,1893,2763,4095,784,3643,3860
2832,2058,2775,4095,823,3649,3888
2813,2107,2770,4095,868,3648,3908
2961,2178,2768,4095,932,3637,3903
3339,2642,2851,4095,814,3648,3431
3091,2525,2853,4095,791,3639,3423
3053,2265,2848,4095,774,3648,3238
3039,1967,2847,4095,769,3649,3223
3142,1927,2832,4095,814,3639,3327
4095,2672,2807,4095,926,3634,3811
4095,4095,2827,4095,1035,3642,3866
4095,4095,2826,4095,1637,3638,4048
4095,4095,2811,4095,1712,3625,3971
4095,4095,2800,4095,1575,3632,4095
4095,4095,2798,4095,1425,3631,4095
4095,4095,2798,4095,1200,3625,4035
4095,4095,2786,4095,983,3621,3834
4090,4095,2799,4095,871,3632,3842
4095,4095,2790,4095,832,3631,3755
3567,4095,2793,4095,779,3631,3793
3025,3440,2797,4095,816,3640,3627
2912,2954,2791,4095,765,3641,3685
2884,2662,2774,4095,737,3636,3646
2847,2543,2770,4095,735,3631,3630
2830,2480,2799,4095,672,3642,3669
2866,2288,2789,4095,662,3642,3826
2909,2175,2763,4095,662,3626,3878
2977,2132,2762,4095,679,3634,4043
2978,2103,2765,4095,665,3637,4019
2945,2063,2771,4095,679,3635,4020
2928,1938,2756,4095,667,3632,4010
2905,1616,2764,4095,672,3629,4023
4069,550,2883,3737,1043,3663,4050
4058,531,2869,3749,1091,3635,4058
4009,543,2895,3787,1088,3663,4095
4018,543,2880,3773,1226,3663,4095
4061,548,2851,3767,1187,3644,4095
4047,539,2834,3807,1220,3650,4095
4095,555,2864,3776,1267,3651,4095
4087,549,2821,3824,1279,3629,4095
4055,557,2821,3830,1245,3630,4095
4089,561,2825,3752,1232,3620,4095
4095,577,2809,3738,1189,3627,4095
4095,571,2807,3794,1169,3622,4095
4085,576,2810,3798,1177,3632,4095
4095,601,2813,3710,1170,3616,4095
4095,621,2831,3730,1171,3629,4095
3711,751,2869,3711,1325,3634,4095
3744,754,2892,3735,1333,3667,4095
3731,743,2909,3733,1334,3664,4095
3696,751,2911,3755,1346,3673,4095
3689,751,2890,3758,1341,3649,4095
3598,743,2885,3723,1328,3654,4095
3634,755,2894,3751,1287,3646,4095
3582,768,2898,3749,1296,3654,4095
3628,759,2887,3712,1264,3658,4095
3680,797,2890,3717,1262,3648,4095
3635,814,2895,3715,1219,3664,4095
3627,862,2907,3745,1195,3666,4095
3708,827,2901,3696,1150,3664,4095
3589,896,2883,3702,1139,3672,4095
3696,892,2918,3707,1181,3669,4095
4046,1106,2807,4095,1253,3650,4095
4031,1088,2766,4095,1215,3632,4095
4068,1099,2769,4095,1228,3633,4095
4069,1218,2758,4095,1185,3656,4095
4081,1232,2761,4095,1191,3621,4095
4080,1254,2762,4095,1186,3631,4095
4089,1216,2765,4095,1184,3622,4095
4095,1201,2757,4095,1183,3621,4095
4095,1187,2757,4095,1211,3608,4095
4095,1241,2769,4095,1207,3632,4095
4095,1200,2768,4095,1200,3619,4095
4095,1264,2768,4095,1181,3609,4095
4095,1197,2763,4095,1202,3637,4095
4033,1210,2695,4095,1201,3618,4095
4095,1458,2783,4095,1200,3595,4095
4095,1481,2785,4095,1168,3600,4095
4095,1434,2769,4095,1174,3581,4095
4095,1517,2775,4095,1163,3602,4095
4095,1490,2776,4095,1165,3600,4095
4095,1512,2752,4095,1134,3573,4095
4095,1702,2779,4095,1168,3599,4095
4095,1620,2753,4095,1207,3598,4095
4079,1754,2781,4095,1213,3590,4095
4095,1744,2781,4095,1238,3595,4095
4095,1734,2746,4095,1209,3553,4095
4095,1735,2739,4095,1200,3569,4095
4095,1741,2771,4095,1207,3519,4095
4095,1317,2793,4095,1328,3652,4070
4095,1339,2787,4095,1333,3656,4049
4095,1297,2778,4095,1326,3660,4048
4095,1307,2747,4095,1348,3651,4022
4094,1328,2754,4095,1300,3642,3999
4095,1339,2764,4095,1283,3652,3991
4095,1339,2745,4095,1323,3650,4012
4095,1319,2762,4095,1296,3639,4011
4095,1299,2757,4095,1316,3651,4029
4095,1303,2756,4095,1307,3641,4060
4095,1296,2751,4095,1323,3665,4041
4095,1328,2773,4095,1296,3664,3874
4095,1412,2768,4095,1290,3662,3835
4095,1375,2758,4095,1296,3662,3888
4095,1398,2780,4095,1303,3664,3898
4095,1514,2775,4095,1291,3674,4095
4095,1520,2773,4095,1333,3664,4095
4095,1680,2768,4095,1381,3632,4095
4095,1619,2735,4095,1291,3635,4095
4095,1712,2736,4095,1344,3630,4095
4095,1814,2737,4095,1362,3635,4095
4095,1919,2743,4095,1360,3638,4095
4091,1927,2744,4095,1354,3639,4095
4095,2251,2738,4095,1346,3633,4095
4087,2424,2737,4095,1345,3633,4095
4095,2378,2757,4095,1353,3658,4095
4025,2287,2753,4095,1356,3639,4095
4054,2278,2746,4095,1359,3661,4095
4080,2215,2727,4095,1423,3623,4095
4045,2262,2765,4095,1428,3658,4095
3981,2097,2771,4095,1470,3662,4095
4066,2128,2747,4095,1571,3647,4095
3987,1958,2752,4095,1811,3648,4095
3986,1920,2780,4095,1989,3661,4095
3929,1944,2760,4095,2253,3643,4095
3920,1936,2758,4095,3254,3655,4095
3901,1884,2765,4095,2944,3649,4095
3885,2032,2768,4095,4095,3661,4095
3943,2168,2770,4095,4095,3643,4095
3957,2041,2773,4095,4095,3645,4095
4005,1959,2784,4095,4095,3653,4095
3920,1887,2786,4095,4095,3648,4095
3690,2839,2880,4095,1346,3687,4095
3727,2841,2877,4095,1357,3654,4095
3712,2821,2817,4095,1373,3651,4095
3792,2553,2831,4095,1377,3649,4095
3802,2540,2832,4095,1395,3647,4095
3775,2429,2847,4095,1379,3645,4095
3765,2378,2875,4095,1415,3662,4095
3854,2226,2839,4095,1366,3657,4095
3849,2289,2836,4095,1283,3654,4095
3605,2180,2832,4078,1168,3642,4095
3701,2075,2832,4095,1168,3639,4095
3440,2041,2833,4080,1119,3642,4095
3374,1855,2832,4054,1138,3645,4095
3291,1903,2838,4082,1195,3648,4095
3271,1887,2870,4022,1189,3665,4095
2603,3029,2902,4095,1007,3670,4020
2597,3034,2864,4095,993,3645,4040
2631,3040,2879,4095,1007,3641,4034
2672,3044,2871,4095,1007,3648,4039
2736,3059,2870,4095,975,3648,4032
2878,3124,2882,4095,1022,3639,4035
2939,3182,2867,4095,1029,3633,4035
2978,3214,2864,4095,1043,3653,4048
2958,3293,2869,4095,1053,3652,4021
2976,3327,2889,4095,1088,3664,4006
2983,3260,2888,4095,1090,3658,4028
2960,3267,2886,4095,1086,3633,4022
2759,3281,2880,4095,1095,3645,4058
2767,3240,2864,4095,1097,3645,4026
2779,3315,2913,4095,1105,3648,4017
2898,3277,2873,4095,1094,3649,4025
2975,3294,2874,4095,1104,3649,3978
2965,3271,2877,4095,1104,3660,3959
2870,3321,2864,4095,1095,3637,3978
2820,3203,2868,4095,1093,3659,4019
2769,3162,2880,4095,1085,3639,4095
2711,3189,2876,4095,1077,3642,4027
2663,3185,2891,4095,1068,3655,4048
2651,3195,2882,4095,1068,3665,3984
2647,3216,2883,4095,1058,3649,3984
2639,3216,2893,4095,1051,3659,3973
2627,3229,2887,4095,1047,3651,3977
2657,3363,2874,4095,973,3635,3895
2655,3371,2882,4095,961,3649,3891
2655,3376,2871,4095,975,3649,3903
2647,3593,2901,4095,987,3669,3933
2617,3633,2902,4095,978,3666,3921
2649,3711,2887,4095,981,3673,3957
2647,4021,2896,4095,960,3673,3920
2568,4095,2873,4095,958,3655,3876
2590,4095,2868,4095,967,3639,3899
2576,4095,2867,4095,954,3649,3888
2582,4095,2871,4095,944,3650,3903
2571,4095,2865,4095,920,3642,3955
2559,4095,2867,4095,961,3657,3886
2574,4095,2865,4095,931,3664,3962
2571,4095,2867,4095,959,3661,3949
2557,3903,2832,4095,886,3629,3879
2556,3864,2817,4095,906,3662,3837
2555,3840,2835,4095,883,3677,3837
2559,3814,2831,4095,880,3664,3856
2550,3845,2829,4095,881,3661,3837
2559,3761,2838,4095,883,3661,3851
2570,3754,2834,4095,888,3678,3838
2559,3760,2832,4095,886,3666,3854
2528,4053,2839,4095,894,3711,3851
2559,3990,2859,4095,883,3685,3867
2551,3979,2848,4095,882,3685,3880
2540,4095,2850,4095,881,3697,3872
2534,4095,2848,4095,891,3681,3866
2535,4095,2833,4095,861,3680,3888
2527,4095,2832,4095,863,3666,3868
2529,4095,2838,4095,880,3677,3867
2536,4095,2832,4095,869,3687,3901
2579,4095,2864,4095,896,3693,3907
2576,4095,2864,4095,896,3687,3888
2553,4095,2866,4095,880,3691,3886
2555,4095,2851,4095,871,3683,3887
2551,4095,2850,4095,882,3677,3851
2537,4095,2833,4095,874,3687,3860
2551,4095,2847,4095,876,3673,3887
2542,4095,2832,4095,865,3667,3884
2519,4095,2836,4095,865,3664,3898
2513,4095,2843,4095,863,3674,3875
2582,4095,2829,4095,874,3661,3888
2624,4095,2851,4095,886,3685,3910
2589,4095,2862,4095,882,3690,3901
2544,4095,2824,4095,884,3717,3887
2547,4095,2825,4095,882,3683,3888
2570,4095,2828,4095,880,3652,3856
2517,4095,2825,4095,880,3678,3877
2538,4095,2823,4095,894,3666,3863
2512,4095,2827,4095,880,3679,3887
2524,4095,2823,4095,895,3671,3914
2512,4095,2825,4095,894,3676,3860
2512,4095,2825,4095,880,3664,3888
2522,4095,2835,4095,886,3677,3919
2507,4095,2829,4095,849,3664,3903
2542,4095,2853,4095,897,3673,3959
2590,4095,2850,4095,961,3650,3998
2576,4095,2839,4095,962,3654,4018
2578,4095,2845,4095,963,3650,4010
2573,4095,2839,4095,966,3659,3962
2569,4095,2851,4095,965,3645,3947
2572,4095,2855,4095,961,3654,3988
2574,4095,2864,4095,961,3622,3970
2557,4095,2866,4095,963,3655,3975
2559,4095,2864,4095,962,3651,3984
2536,4095,2865,4095,950,3633,3967
2583,4095,2875,4095,973,3658,3969
2577,4095,2877,4095,963,3661,3978
2576,4095,2879,4095,971,3649,3964
2574,4095,2843,4095,996,3572,3965
2533,4095,2879,4095,960,3681,3925
2547,4095,2858,4095,974,3654,3963
2554,4095,2860,4095,975,3645,3936
2599,4095,2885,4095,991,3675,3979
2613,4095,2890,4095,981,3682,3970
2581,4095,2899,4095,994,3661,3965
2536,4095,2862,4095,976,3645,3926
2547,4095,2854,4095,977,3647,3955
2526,4095,2864,4095,976,3647,3954
2531,4095,2849,4095,985,3642,3936
2543,4095,2864,4095,977,3648,3945
2537,4095,2857,4095,976,3622,3946
2517,4095,2861,4095,971,3643,3962
2524,4095,2841,4095,958,3632,3933
2513,4095,2849,4095,960,3644,3939
2523,4095,2839,4095,970,3654,3947
2576,4095,2868,4095,974,3650,3965
2514,4095,2844,4095,944,3648,3963
2512,4095,2847,4095,957,3644,3951
2505,4095,2846,4095,963,3638,3943
2513,4095,2843,4095,960,3633,3947
2515,4095,2842,4095,944,3643,3957
2526,4095,2838,4095,944,3637,3975
2525,4095,2847,4095,940,3639,4001
2512,4095,2839,4095,931,3644,3973
2531,4095,2862,4095,943,3653,3997
2510,4095,2842,4095,907,3659,3989
2559,4095,2875,4095,917,3641,3997
2031,4095,2838,4095,834,3650,3780
2047,4095,2881,4095,833,3644,3773
2016,4095,2835,4095,832,3638,3834
2032,4095,2846,4095,830,3639,3830
2021,4095,2835,4095,830,3642,3856
1991,4095,2841,4095,830,3635,3841
1987,4095,2855,4095,834,3636,3854
1942,4095,2839,4095,832,3632,3854
1954,4095,2843,4095,827,3605,3839
1915,4095,2858,4095,838,3636,3851
1890,4095,2862,4095,830,3639,3858
1876,4095,2843,4095,838,3650,3856
1861,4095,2863,4095,833,3646,3843
1859,4095,2831,4095,830,3642,3851
1888,4095,2875,4095,834,3663,3837
1850,4095,2846,4095,832,3649,3839
1856,4095,2835,4095,827,3634,3847
1863,4068,2845,4095,819,3650,3856
1872,4095,2853,4095,828,3639,3842
1835,4095,2850,4095,827,3657,3853
1834,4095,2847,4095,825,3637,3824
1829,4095,2841,4095,822,3641,3858
1831,4095,2862,4095,830,3649,3863
1830,4095,2858,4095,829,3648,3855
1818,4095,2833,4095,821,3644,3845
1824,4095,2858,4095,831,3646,3868
1813,4095,2863,4095,826,3649,3855
1780,4095,2832,4095,830,3632,3798
1809,4095,2871,4095,816,3658,3830
1808,4095,2864,4095,833,3663,3835
1802,4095,2846,4095,823,3635,3824
1827,4095,2879,4095,831,3654,3824
1838,4095,2875,4095,839,3662,3835
1821,4095,2847,4095,823,3614,3841
1840,4095,2869,4095,824,3647,3841
1823,4095,2839,4095,818,3649,3829
1821,4095,2837,4095,816,3635,3812
1840,4095,2843,4095,805,3645,3853
1835,4095,2835,4095,811,3617,3836
1830,4095,2834,4095,813,3632,3819
1814,4095,2846,4095,816,3648,3831
1834,4095,2864,4095,827,3650,3856
1846,4095,2842,4095,816,3654,3793
1872,4095,2848,4095,791,3619,3792
1870,4095,2881,4095,818,3654,3835
1835,4095,2844,4095,813,3634,3807
1827,4095,2836,4095,809,3631,3787
1819,4095,2842,4095,814,3658,3796
1808,4095,2843,4095,803,3634,3794
1819,4095,2839,4095,802,3641,3796
1811,4095,2838,4095,805,3639,3799
1805,4095,2836,4095,819,3559,3750
1807,4095,2857,4095,816,3649,3808
1808,4095,2849,4095,812,3644,3797
1809,4095,2854,4095,801,3652,3793
1800,4095,2838,4095,803,3633,3773
1808,4095,2865,4095,819,3653,3806
1803,4095,2837,4095,809,3646,3783
1815,4095,2875,4095,816,3658,3815
1814,4095,2838,4095,811,3634,3785
1840,4095,2876,4095,810,3662,3808
1819,4095,2845,4095,812,3643,3792
1824,4095,2875,4095,817,3660,3819
1829,4095,2875,4095,821,3661,3812
1799,4095,2847,4095,807,3635,3791
1822,4095,2880,4095,823,3657,3794
1822,4095,2878,4095,828,3665,3810
1816,4095,2832,4095,811,3639,3792
1825,4095,2838,4095,812,3645,3826
1935,4095,2874,4095,862,3658,3861
1954,4095,2867,4095,861,3679,3872
1956,4095,2839,4095,848,3637,3855
1971,4095,2840,4095,847,3647,3871
1983,4095,2875,4095,855,3664,3892
1959,4095,2842,4095,850,3642,3898
1959,4095,2846,4095,848,3635,3879
1968,4095,2844,4095,846,3632,3875
1966,4095,2842,4095,847,3633,3891
1972,4095,2833,4095,846,3621,3907
1968,4095,2832,4095,848,3634,3910
1971,4095,2832,4095,843,3635,3885
1981,4095,2837,4095,850,3661,3869
2015,4095,2818,4095,853,3658,3876
2000,4095,2865,4095,866,3670,3897
1979,4095,2832,4095,839,3632,3901
1979,4095,2820,4095,845,3632,3910
1983,4095,2837,4095,850,3626,3927
1983,4095,2838,4095,832,3632,3894
1975,4095,2834,4095,848,3627,3889
1983,4095,2841,4095,845,3621,3898
1985,4095,2832,4095,847,3638,3917
1990,4095,2842,4095,843,3632,3920
1991,4095,2835,4095,847,3650,3917
1998,4095,2827,4095,864,3648,3885
2026,4095,2855,4095,857,3644,3918
2035,4095,2853,4095,855,3638,3925
2041,4095,2851,4095,855,3649,3931
2035,4095,2863,4095,864,3626,3939
2069,4095,2865,4095,865,3652,3953
2061,4095,2861,4095,837,3665,3951
2065,4095,2867,4095,854,3654,3939
2063,4095,2875,4095,858,3667,3954
2035,4095,2845,4095,848,3649,3914
2064,4095,2877,4095,862,3664,3967
2037,4095,2835,4095,847,3641,3956
2033,4095,2841,4095,845,3629,3968
2037,4095,2843,4095,847,3661,3950
2055,4095,2842,4095,848,3632,3952
2052,4095,2834,4095,847,3638,3952
2045,4095,2837,4095,843,3646,3980
2059,4095,2834,4095,849,3638,3952
2082,4095,2836,4095,859,3663,3965
2096,4095,2876,4095,851,3651,3943
2096,4095,2868,4095,855,3657,3949
2070,4095,2834,4095,848,3635,3947
2084,4095,2865,4095,851,3656,3923
2084,4095,2877,4095,854,3663,3973
2053,4095,2842,4095,833,3638,3955
2058,4095,2839,4095,832,3645,3963
2046,4095,2834,4095,835,3632,3952
2035,4095,2832,4095,833,3642,3954
2036,4095,2846,4095,843,3635,3946
2043,4095,2846,4095,831,3632,3915
2030,4095,2837,4095,816,3639,3915
2035,4095,2836,4095,832,3629,3937
2087,4095,2874,4095,851,3661,3940
2057,4095,2857,4095,845,3627,3959
2043,4095,2832,4095,848,3648,3956
2047,4095,2845,4095,846,3638,3974
2046,4095,2832,4095,843,3635,3952
2047,4095,2835,4095,839,3629,3936
2047,4095,2845,4095,841,3660,3952
2044,4095,2834,4095,846,3648,3967
2043,4095,2848,4095,844,3632,3973
2083,4095,2875,4095,849,3627,3978
2069,4095,2839,4095,843,3633,4005
2065,4095,2837,4095,848,3637,4007
2072,4095,2853,4095,847,3663,4011
2069,4095,2847,4095,848,3639,4027
2058,4095,2837,4095,819,3659,3991
2064,4095,2848,4095,843,3644,3980
2045,4095,2827,4095,843,3635,3974
2055,4095,2849,4095,844,3632,3967
2042,4095,2843,4095,843,3648,3969
2064,4095,2835,4095,843,3643,3975
2059,4095,2835,4095,847,3637,3945
2071,4095,2833,4095,843,3621,3964
2064,4095,2841,4095,843,3634,3953
2074,4095,2842,4095,847,3643,3929
2058,4095,2834,4095,843,3632,3956
2064,4095,2850,4095,850,3650,3977
2064,4095,2854,4095,845,3658,3974
2058,4095,2850,4095,848,3648,3967
2027,4095,2892,4095,842,3632,3999
1995,4095,2835,4095,843,3582,3963
2022,4095,2866,4095,848,3670,3975
2009,4095,2834,4095,832,3645,3958
2004,4095,2845,4095,846,3632,3984
2031,4095,2837,4095,832,3635,3978
2000,4095,2847,4095,835,3632,3984
2007,4095,2835,4095,833,3648,3975
2012,4095,2832,4095,832,3636,3970
2008,4095,2837,4095,827,3639,3970
2014,4095,2845,4095,839,3646,3987
2013,4095,2851,4095,843,3639,3981
2000,4095,2849,4095,832,3653,3994
2000,4095,2840,4095,821,3632,3952
2004,4095,2873,4095,845,3659,3979
1994,4095,2859,4095,829,3638,3975
2001,4095,2864,4095,833,3650,3968
1982,4095,2832,4095,819,3632,3957
1975,4095,2833,4095,821,3628,3945
1957,4095,2836,4095,822,3622,3958
1968,4095,2835,4095,819,3647,3957
1966,4095,2832,4095,829,3637,3959
1963,4095,2834,4095,821,3633,3949
1959,4095,2841,4095,818,3635,3970
1951,4095,2833,4095,827,3643,3939
1962,4095,2855,4095,831,3653,3988
1969,4095,2849,4095,822,3653,3941
1962,4095,2852,4095,821,3648,3969
1950,4095,2844,4095,819,3633,3968
1979,4095,2870,4095,830,3649,3953
1960,4095,2833,4095,816,3632,3939
1975,4095,2837,4095,815,3643,3926
1965,4095,2835,4095,822,3634,3953
1951,4095,2844,4095,811,3634,3955
1954,4095,2842,4095,816,3643,3943
1957,4095,2837,4095,820,3634,3933
1952,4095,2839,4095,817,3632,3946
1906,4095,2854,4095,825,3648,3974
1915,4095,2851,4095,819,3641,3953
1901,4095,2851,4095,826,3646,3932
1889,4095,2849,4095,826,3637,3953
1883,4095,2849,4095,819,3648,3941
1816,4095,2837,4095,816,3632,3903
1824,4095,2841,4095,818,3636,3888
1847,4095,2864,4095,832,3650,3930
1823,4095,2838,4095,819,3631,3912
1819,4095,2845,4095,818,3632,3915
1840,4095,2864,4095,833,3664,3930
1827,4095,2873,4095,834,3664,3939
1829,4095,2833,4095,824,3632,3913
1856,4095,2862,4095,835,3654,3947
1829,4095,2839,4095,817,3643,3919
1808,4095,2832,4095,819,3636,3931
1815,4095,2832,4095,820,3645,3909
1820,4095,2834,4095,818,3632,3930
1827,4095,2839,4095,822,3636,3907
1853,4095,2876,4095,828,3658,3938
1809,4095,2829,4095,818,3600,3937
1787,4095,2836,4095,816,3634,3933
1841,4095,2864,4095,831,3628,3921
1808,4095,2832,4095,813,3635,3938
1801,4095,2834,4095,816,3637,3925
1793,4095,2833,4095,815,3635,3931
1796,4095,2835,4095,816,3631,3941
1805,4095,2832,4095,815,3637,3920
1789,4095,2837,4095,816,3632,3929
1788,4095,2845,4095,813,3633,3911
1793,4095,2851,4095,823,3651,3946
1789,4095,2842,4095,816,3639,3917
1798,4095,2851,4095,822,3645,3948
1787,4095,2832,4095,816,3632,3953
1822,4095,2862,4095,821,3638,3917
1794,4095,2833,4095,818,3632,3916
1792,4095,2837,4095,820,3633,3936
1793,4095,2832,4095,815,3643,3924
1787,4095,2837,4095,815,3648,3920
1793,4095,2841,4095,817,3629,3938
1783,4095,2835,4095,818,3632,3927
1779,4095,2835,4095,817,3627,3920
1793,4095,2854,4095,818,3648,3941
1804,4095,2845,4095,827,3642,3937
1791,4095,2848,4095,823,3648,3958
1795,4095,2845,4095,813,3645,3953
1782,4095,2853,4095,821,3648,3952
1775,4095,2847,4095,820,3616,3935
1779,4095,2869,4095,818,3648,3921
1795,4095,2875,4095,843,3647,3937
1799,4095,2875,4095,831,3655,3948
1808,4095,2864,4095,831,3654,3932
1789,4095,2839,4095,822,3632,3947
1784,4095,2833,4095,814,3627,3954
1769,4095,2836,4095,816,3637,3965
1790,4095,2833,4095,818,3627,3959
1783,4095,2829,4095,816,3627,3972
1790,4095,2841,4095,805,3609,3966
1782,4095,2827,4095,822,3635,4015
1776,4095,2836,4095,816,3628,3995
1781,4095,2832,4095,819,3635,3987
1779,4095,2842,4095,817,3637,4001
1839,4095,2832,4095,816,3631,4011
1843,4095,2834,4095,816,3629,4010
1840,4095,2834,4095,816,3638,3998
1849,4095,2835,4095,814,3632,3969
1856,4095,2836,4095,814,3629,3981
1857,4095,2833,4095,809,3630,3969
1842,4095,2833,4095,816,3629,3995
1846,4095,2832,4095,818,3623,3987
1844,4095,2832,4095,821,3635,3982
1841,4095,2838,4095,816,3632,3993
1856,4095,2809,4095,852,3642,3987
1855,4095,2850,4095,819,3645,3993
1856,4095,2851,4095,819,3646,3989
1837,4095,2824,4095,818,3632,3967
1867,4095,2853,4095,821,3655,4007
1873,4095,2864,4095,825,3660,3973
1867,4095,2868,4095,831,3642,3998
1842,4095,2835,4095,824,3637,3975
1849,4095,2844,4095,819,3637,3974
1840,4095,2833,4095,824,3647,3970
1835,4095,2838,4095,819,3627,3965
1838,4095,2832,4095,807,3636,3964
1830,4095,2835,4095,821,3648,3981
1830,4095,2837,4095,818,3626,3968
1824,4095,2834,4095,819,3634,3968
1839,4095,2849,4095,827,3657,3996
1837,4095,2853,4095,827,3641,3990
1838,4095,2837,4095,822,3639,4041
1837,4095,2838,4095,833,3637,4095
1841,4095,2866,4095,822,3649,4095
1870,4095,2865,4095,837,3667,4095
1827,4095,2838,4095,819,3636,4095
1855,4095,2870,4095,823,3641,4047
1858,4095,2869,4095,835,3666,4095
1844,4095,2832,4095,823,3632,4095
1835,4095,2839,4095,827,3632,4095
1830,4095,2832,4095,825,3627,4095
1821,4095,2842,4095,836,3632,4080
1840,4095,2837,4095,817,3622,4095
1840,4095,2829,4095,823,3642,4095
1866,4095,2841,4095,822,3632,4095
1866,4095,2864,4095,831,3671,4095
1872,4095,2851,4095,842,3651,4095
1843,4095,2833,4095,829,3631,4095
1841,4095,2837,4095,828,3631,4095
1837,4095,2832,4095,831,3632,4095
1837,4095,2833,4095,831,3632,4095
1843,4095,2833,4095,832,3642,4095
1837,4095,2835,4095,832,3643,4095
1840,4095,2845,4095,832,3643,4095
1837,4095,2834,4095,832,3642,4095
1840,4095,2839,4095,852,3696,4095
1862,4095,2861,4095,839,3644,4095
1861,4095,2849,4095,837,3638,4095
1867,4095,2851,4095,830,3659,4095
1853,4095,2832,4095,838,3628,4095
1879,4095,2870,4095,847,3639,4095
1859,4095,2842,4095,833,3621,4095
1872,4095,2866,4095,842,3653,4095
1879,4095,2880,4095,829,3662,4095
1858,4095,2831,4095,832,3635,4095
1855,4095,2837,4095,832,3637,4095
1856,4095,2832,4095,834,3625,4095
1863,4095,2842,4095,834,3631,4095
1861,4095,2833,4095,834,3631,4095
1856,4095,2841,4095,834,3632,4095
1856,4095,2834,4095,827,3627,4095
1858,4095,2829,4095,832,3636,4095
1856,4095,2850,4095,839,3650,4095
1834,4095,2832,4095,830,3632,4095
1829,4095,2805,4095,839,3650,4095
1854,4095,2865,4095,843,3659,4095
1857,4095,2866,4095,832,3648,4095
1855,4095,2867,4095,841,3664,4095
1871,4095,2869,4095,836,3648,4095
1845,4095,2833,4095,828,3631,4095
1863,4095,2875,4095,841,3645,4095
1871,4095,2864,4095,848,3649,4095
1872,4095,2866,4095,835,3656,4095
1842,4095,2842,4095,825,3637,4095
1845,4095,2837,4095,827,3632,4095
1856,4095,2842,4095,826,3635,4095
1856,4095,2873,4095,840,3651,4095
1840,4095,2834,4095,829,3639,4095
1876,4095,2832,4095,818,3632,4095
1866,4095,2831,4095,827,3629,4095
1882,4095,2833,4095,834,3632,4095
1869,4095,2832,4095,827,3625,4095
1872,4095,2833,4095,828,3631,4095
1863,4095,2832,4095,827,3622,4095
1857,4095,2828,4095,828,3642,4095
1855,4095,2839,4095,823,3631,4095
1868,4095,2849,4095,827,3632,4095
1855,4095,2843,4095,828,3627,4095
1859,4095,2839,4095,831,3649,4095
1857,4095,2849,4095,832,3643,4095
1856,4095,2843,4095,831,3644,4095
1848,4095,2832,4095,819,3638,4095
1865,4095,2865,4095,842,3627,4095
1884,4095,2869,4095,843,3649,4095
1877,4095,2869,4095,832,3659,4095
1863,4095,2872,4095,831,3662,4095
1840,4095,2834,4095,824,3641,4095
1834,4095,2832,4095,823,3633,4095
1850,4095,2832,4095,817,3622,4095
1843,4095,2843,4095,821,3631,4095
1846,4095,2836,4095,816,3632,4095
1831,4095,2833,4095,827,3631,4095
1838,4095,2835,4095,816,3630,4095
1837,4095,2836,4095,816,3633,4095
1836,4095,2834,4095,816,3629,4095
1776,4095,2837,4095,821,3648,4028
1810,4095,2870,4095,829,3654,4042
1801,4095,2866,4095,819,3664,4027
1782,4095,2864,4095,834,3657,4023
1795,4095,2862,4095,831,3647,4044
1786,4095,2870,4095,817,3648,4051
1807,4095,2864,4095,819,3664,4054
1808,4095,2879,4095,818,3657,4045
1776,4095,2823,4095,818,3642,4016
1779,4095,2832,4095,815,3646,3998
1787,4095,2842,4095,815,3641,4031
1795,4095,2837,4095,816,3648,4001
1777,4095,2836,4095,816,3632,3985
1781,4095,2832,4095,818,3632,4009
1791,4095,2852,4095,820,3628,3995
1755,4095,2832,4095,801,3631,3984
1754,4095,2833,4095,819,3631,3998
1747,4095,2834,4095,815,3638,3987
1759,4095,2836,4095,818,3635,3989
1761,4095,2842,4095,813,3623,3974
1755,4095,2838,4095,815,3633,3975
1751,4095,2833,4095,817,3641,4011
1743,4095,2835,4095,815,3632,3999
1740,4095,2832,4095,816,3641,4022
1757,4095,2863,4095,819,3647,4028
1758,4095,2846,4095,816,3650,4042
1746,4095,2847,4095,814,3641,3992
1745,4095,2833,4095,810,3629,4019
1766,4095,2864,4095,821,3664,3995
1748,4095,2840,4095,793,3633,4013
1759,4095,2866,4095,805,3655,4012
1759,4095,2877,4095,797,3649,4017
1754,4095,2871,4095,816,3655,4048
1744,4095,2841,4095,790,3633,4016
1740,4095,2832,4095,784,3632,4039
1739,4095,2835,4095,785,3632,4041
1739,4095,2841,4095,784,3648,4049
1736,4095,2835,4095,784,3635,4045
1744,4095,2835,4095,784,3628,4012
1744,4095,2837,4095,784,3634,4017
1758,4095,2852,4095,787,3641,3990
1761,4095,2834,4095,784,3632,3997
1751,4095,2843,4095,797,3638,3994
1728,4095,2829,4095,806,3619,4003
1758,4095,2842,4095,805,3646,4009
1747,4095,2833,4095,799,3632,4003
1748,4095,2839,4095,803,3632,3988
1744,4095,2838,4095,800,3638,4005
1739,4095,2833,4095,801,3632,4009
1747,4095,2833,4095,792,3632,4014
1744,4095,2842,4095,784,3642,4014
1744,4095,2832,4095,781,3635,3995
1738,4095,2807,4095,816,3654,4033
1755,4095,2851,4095,782,3639,4030
1744,4095,2833,4095,773,3604,4080
1778,4095,2867,4095,789,3646,4020
1804,4095,2864,4095,761,3655,4017
1792,4095,2835,4095,746,3632,3972
1802,4095,2834,4095,752,3649,3984
1803,4095,2833,4095,747,3635,3977
1799,4095,2835,4095,752,3630,3983
1802,4095,2829,4095,749,3627,3959
1799,4095,2836,4095,747,3639,3984
1805,4095,2838,4095,747,3628,3993
1789,4095,2864,4095,750,3635,4005
1809,4095,2857,4095,752,3648,4002
1805,4095,2850,4095,752,3649,3985
1811,4095,2851,4095,751,3645,4001
1809,4095,2849,4095,752,3648,4006
1790,4095,2831,4095,737,3599,3985
1818,4095,2867,4095,755,3662,3967
1808,4095,2863,4095,752,3645,3995
1819,4095,2874,4095,761,3651,3984
1827,4095,2875,4095,763,3644,4007
1799,4095,2837,4095,743,3636,3967
1799,4095,2843,4095,743,3631,3975
1791,4095,2835,4095,746,3634,3968
1801,4095,2832,4095,752,3629,3963
1795,4095,2841,4095,744,3641,3956
1797,4095,2837,4095,745,3638,3970
1798,4095,2835,4095,745,3637,3993
1808,4095,2857,4095,752,3642,3984
1803,4095,2858,4095,752,3648,3982
1825,4095,2864,4095,740,3641,3962
1818,4095,2861,4095,751,3668,4009
1842,4095,2875,4095,762,3650,4036
1794,4095,2832,4095,743,3640,4032
1811,4095,2833,4095,749,3633,4026
1808,4095,2837,4095,751,3644,4016
1803,4095,2840,4095,749,3635,4017
1799,4095,2834,4095,748,3632,4016
1807,4095,2834,4095,745,3634,4031
1806,4095,2835,4095,745,3640,4032
1806,4095,2829,4095,755,3639,4047
1805,4095,2835,4095,753,3634,4017
1823,4095,2847,4095,758,3648,4028
1823,4095,2846,4095,758,3645,4043
1818,4095,2847,4095,752,3647,3983
1808,4095,2832,4095,751,3631,4021
1805,4095,2831,4095,788,3625,4080
1826,4095,2882,4095,763,3644,4049
1825,4095,2864,4095,755,3648,4063
1814,4095,2840,4095,752,3646,4045
1838,4095,2874,4095,756,3663,4027
1840,4095,2849,4095,752,3636,4048
1802,4095,2842,4095,752,3639,4095
1802,4095,2832,4095,755,3641,4095
1807,4095,2840,4095,752,3634,4095
1805,4095,2827,4095,752,3633,4095
1799,4095,2836,4095,760,3630,4095
1786,4095,2833,4095,752,3643,4069
1808,4095,2837,4095,752,3631,4051
1797,4095,2846,4095,752,3616,4042
1826,4095,2865,4095,765,3637,4050
1821,4095,2832,4095,768,3652,4095
1826,4095,2838,4095,753,3632,4095
1826,4095,2844,4095,762,3631,4095
1834,4095,2833,4095,763,3632,4095
1828,4095,2839,4095,759,3631,4095
1814,4095,2841,4095,763,3632,4095
1816,4095,2837,4095,763,3631,4095
1818,4095,2845,4095,757,3634,4095
1808,4095,2824,4095,752,3695,4095
1825,4095,2853,4095,769,3653,4095
1822,4095,2858,4095,767,3646,4095
1808,4095,2849,4095,765,3625,4095
1814,4095,2848,4095,770,3639,4095
1805,4095,2831,4095,763,3632,4095
1853,4095,2886,4095,773,3632,4095
1824,4095,2870,4095,769,3660,4095
1840,4095,2868,4095,768,3648,4095
1824,4095,2874,4095,776,3663,4095
1810,4095,2844,4095,768,3633,4095
1812,4095,2835,4095,757,3632,4095
1807,4095,2835,4095,762,3637,4095
1808,4095,2836,4095,756,3627,4095
1811,4095,2835,4095,766,3626,4095
1810,4095,2829,4095,755,3641,4095
1803,4095,2837,4095,757,3631,4095
1834,4095,2853,4095,761,3646,4095
1833,4095,2847,4095,765,3642,4095
1815,4095,2831,4095,763,3630,4095
1841,4095,2864,4095,770,3653,4095
1851,4095,2842,4095,751,3637,4095
1846,4095,2837,4095,757,3633,4092
1867,4095,2864,4095,774,3651,4095
1843,4095,2833,4095,757,3631,4086
1823,4095,2833,4095,762,3626,4048
1840,4095,2834,4095,761,3630,4038
1841,4095,2838,4095,759,3632,4016
1837,4095,2830,4095,759,3632,4048
1811,4095,2838,4095,757,3632,4009
1841,4095,2846,4095,753,3633,4015
1833,4095,2828,4095,762,3636,4045
1847,4095,2849,4095,758,3641,4030
1840,4095,2833,4095,765,3645,4033
1836,4095,2816,4095,750,3711,3972
1824,4095,2839,4095,760,3625,4016
1842,4095,2867,4095,777,3650,4040
1840,4095,2880,4095,771,3645,4055
1825,4095,2842,4095,761,3632,4046
1850,4095,2867,4095,774,3657,4033
1847,4095,2877,4095,779,3653,4053
1862,4095,2869,4095,782,3658,4051
1841,4095,2837,4095,757,3638,4040
1837,4095,2866,4095,762,3627,4034
1831,4095,2835,4095,759,3634,4025
1838,4095,2835,4095,764,3633,4029
1838,4095,2833,4095,766,3642,4036
1829,4095,2841,4095,763,3630,4015
1834,4095,2841,4095,763,3630,4034
1865,4095,2869,4095,775,3659,4031
1821,4095,2833,4095,784,3633,4045
1825,4095,2837,4095,784,3629,4018
1817,4095,2833,4095,781,3629,4029
1817,4095,2834,4095,784,3633,4017
1822,4095,2837,4095,785,3637,4006
1819,4095,2838,4095,775,3602,4000
1822,4095,2836,4095,781,3613,4028
1822,4095,2837,4095,779,3623,4044
1824,4095,2844,4095,784,3637,4053
1823,4095,2832,4095,791,3630,4043
1827,4095,2835,4095,785,3631,4068
1839,4095,2849,4095,793,3648,4080
1840,4095,2847,4095,790,3643,4085
1824,4095,2830,4095,795,3630,4095
1837,4095,2835,4095,781,3630,4095
1843,4095,2857,4095,797,3667,4095
1839,4095,2835,4095,787,3647,4095
1832,4095,2841,4095,794,3603,4095
1831,4095,2834,4095,789,3627,4095
1827,4095,2832,4095,798,3634,4095
1827,4095,2833,4095,793,3628,4095
1831,4095,2821,4095,797,3627,4095
1836,4095,2839,4095,795,3664,4095
1840,4095,2859,4095,800,3637,4095
1839,4095,2854,4095,800,3648,4095
1840,4095,2854,4095,800,3645,4095
1839,4095,2852,4095,803,3639,4095
1835,4095,2819,4095,777,3645,4095
1842,4095,2871,4095,813,3649,4095
1814,4095,2836,4095,785,3632,4095
1816,4095,2836,4095,804,3631,4095
1815,4095,2831,4095,791,3600,4095
1810,4095,2833,4095,787,3636,4095
1820,4095,2832,4095,793,3638,4095
1830,4095,2832,4095,797,3633,4095
1821,4095,2832,4095,787,3635,4095
1823,4095,2842,4095,793,3622,4092
1823,4095,2837,4095,793,3630,4095
1812,4095,2832,4095,792,3650,4095
1834,4095,2850,4095,798,3642,4095
1831,4095,2851,4095,794,3641,4095
1834,4095,2843,4095,781,3647,4095
1826,4095,2869,4095,791,3631,4095
1836,4095,2864,4095,795,3650,4095
1831,4095,2842,4095,787,3620,4095
1826,4095,2832,4095,784,3623,4091
1827,4095,2832,4095,787,3643,4095
1830,4095,2846,4095,784,3633,4095
1827,4095,2832,4095,794,3632,4095
1820,4095,2837,4095,794,3609,4095
1825,4095,2831,4095,794,3633,4095
1827,4095,2850,4095,799,3648,4095
1835,4095,2850,4095,795,3649,4095
1837,4095,2852,4095,800,3645,4095
1835,4095,2846,4095,797,3634,4085
1831,4095,2848,4095,794,3638,4095
1843,4095,2867,4095,792,3664,4095
1830,4095,2869,4095,786,3648,4095
1815,4095,2838,4095,786,3626,4095
1821,4095,2835,4095,779,3632,4095
1811,4095,2837,4095,789,3632,4089
1804,4095,2833,4095,785,3631,4095
1815,4095,2837,4095,785,3632,4093
1821,4095,2837,4095,787,3629,4095
1816,4095,2832,4095,784,3627,4095
1810,4095,2827,4095,784,3632,4095
1808,4095,2834,4095,781,3635,4095
1825,4095,2854,4095,787,3641,4095
1828,4095,2845,4095,789,3659,4095
1822,4095,2849,4095,787,3648,4095
1795,4095,2833,4095,800,3623,4095
1821,4095,2839,4095,798,3632,4095
1817,4095,2835,4095,786,3638,4095
1824,4095,2837,4095,787,3627,4095
1823,4095,2833,4095,791,3632,4095
1819,4095,2843,4095,794,3632,4095
1837,4095,2848,4095,790,3631,4095
1823,4095,2838,4095,795,3644,4095
1826,4095,2834,4095,792,3630,4095
1823,4095,2833,4095,787,3632,4095
1822,4095,2837,4095,789,3633,4095
1830,4095,2844,4095,801,3642,4095
1840,4095,2850,4095,795,3647,4095
1837,4095,2847,4095,794,3637,4095
1823,4095,2809,4095,799,3622,4095
1847,4095,2880,4095,798,3648,4095
1840,4095,2867,4095,795,3647,4095
1826,4095,2841,4095,794,3641,4095
1804,4095,2816,4095,791,3632,4095
1841,4095,2870,4095,804,3649,4095
1840,4095,2839,4095,796,3628,4095
1826,4095,2836,4095,787,3634,4095
1811,4095,2837,4095,789,3612,4095
1822,4095,2848,4095,793,3598,4095
1817,4095,2834,4095,786,3623,4095
1816,4095,2836,4095,793,3629,4095
1815,4095,2829,4095,789,3639,4095
1818,4095,2835,4095,787,3621,4095
1827,4095,2871,4095,800,3655,4095
1840,4095,2870,4095,794,3655,4095
1811,4095,2875,4095,787,3644,4095
1815,4095,2835,4095,785,3632,4095
1834,4095,2864,4095,804,3644,4095
1823,4095,2832,4095,790,3636,4095
1822,4095,2839,4095,788,3637,4095
1807,4095,2839,4095,789,3632,4095
1815,4095,2838,4095,786,3632,4095
1813,4095,2833,4095,787,3630,4095
1809,4095,2832,4095,784,3628,4095
1808,4095,2834,4095,787,3634,4095
1808,4095,2835,4095,784,3637,4095
1821,4095,2857,4095,790,3644,4095
1822,4095,2851,4095,795,3647,4095
1811,4095,2832,4095,787,3632,4095
1822,4095,2870,4095,797,3655,4095
1807,4095,2870,4095,799,3644,4095
1805,4095,2838,4095,800,3633,4095
1836,4095,2864,4095,805,3653,4095
1810,4095,2834,4095,785,3641,4095
1803,4095,2842,4095,787,3632,4095
1802,4095,2832,4095,786,3632,4095
1808,4095,2838,4095,784,3641,4095
1815,4095,2835,4095,784,3631,4095
1817,4095,2836,4095,790,3631,4095
1810,4095,2839,4095,786,3633,4095
1813,4095,2833,4095,784,3633,4095
1826,4095,2850,4095,795,3642,4095
1813,4095,2832,4095,787,3627,4095
1814,4095,2835,4095,785,3611,4095
1843,4095,2867,4095,795,3649,4095
1811,4095,2832,4095,786,3627,4095
1818,4095,2846,4095,784,3636,4095
1823,4095,2837,4095,794,3635,4095
1827,4095,2839,4095,783,3631,4095
1821,4095,2832,4095,790,3638,4095
1824,4095,2835,4095,784,3634,4095
1826,4095,2815,4095,784,3629,4095
1826,4095,2843,4095,783,3631,4095
1838,4095,2858,4095,794,3637,4095
1839,4095,2857,4095,787,3639,4095
1833,4095,2845,4095,783,3649,4095
1824,4095,2849,4095,793,3639,4095
1821,4095,2843,4095,788,3634,4095
1828,4095,2833,4095,784,3638,4091
1851,4095,2862,4095,804,3649,4095
1854,4095,2864,4095,800,3658,4095
1842,4095,2860,4095,783,3649,4095
1837,4095,2866,4095,794,3659,4095
1824,4095,2844,4095,785,3641,4095
1815,4095,2835,4095,781,3629,4095
1820,4095,2833,4095,783,3632,4095
1809,4095,2842,4095,779,3625,4095
1808,4095,2834,4095,786,3632,4095
1817,4095,2851,4095,784,3635,4095
1818,4095,2825,4095,798,3624,4095
1819,4095,2837,4095,783,3625,4095
1809,4095,2818,4095,785,3653,4095
1827,4095,2874,4095,794,3639,4095
1809,4095,2839,4095,794,3631,4095
1820,4095,2835,4095,787,3638,4095
1808,4095,2838,4095,775,3633,4095
1807,4095,2836,4095,788,3638,4095
1819,4095,2845,4095,795,3632,4095
1817,4095,2832,4095,785,3627,4095
1811,4095,2835,4095,799,3648,4095
1811,4095,2832,4095,799,3627,4095
1838,4095,2833,4095,796,3634,4095
1825,4095,2848,4095,805,3639,4095
1827,4095,2845,4095,802,3635,4095
1826,4095,2849,4095,806,3634,4095
1819,4095,2847,4095,811,3642,4095
1830,4095,2829,4095,799,3635,4095
1853,4095,2863,4095,811,3651,4095
1843,4095,2864,4095,800,3658,4095
1832,4095,2865,4095,803,3648,4095
1851,4095,2859,4095,816,3649,4095
1851,4095,2861,4095,808,3642,4095
1856,4095,2864,4095,812,3651,4095
1855,4095,2866,4095,816,3653,4095
1855,4095,2866,4095,809,3664,4095
1857,4095,2870,4095,811,3655,4095
1834,4095,2832,4095,791,3637,4095
1842,4095,2834,4095,804,3634,4095
1839,4095,2837,4095,800,3632,4095
1831,4095,2831,4095,795,3639,4095
1833,4095,2802,4095,809,3659,4095
1833,4095,2832,4095,804,3632,4095
1817,4095,2865,4095,810,3648,4095
1822,4095,2841,4095,800,3631,4095
1814,4095,2828,4095,797,3627,4095
1809,4095,2839,4095,783,3629,4095
1824,4095,2835,4095,789,3626,4095
1817,4095,2836,4095,795,3630,4095
1815,4095,2834,4095,793,3623,4095
1810,4095,2845,4095,784,3632,4095
1840,4095,2833,4095,796,3634,4095
1821,4095,2855,4095,799,3648,4095
1833,4095,2855,4095,799,3635,4095
1829,4095,2849,4095,798,3645,4095
1827,4095,2851,4095,799,3651,4095
1808,4095,2813,4095,770,3631,4054
1836,4095,2864,4095,801,3655,4095
1835,4095,2869,4095,799,3622,4095
1841,4095,2877,4095,801,3652,4095
1810,4095,2835,4095,784,3645,4095
1817,4095,2835,4095,792,3632,4095
1811,4095,2834,4095,793,3633,4095
1823,4095,2836,4095,788,3629,4095
1815,4095,2832,4095,792,3625,4095
1807,4095,2835,4095,787,3622,4095
1808,4095,2832,4095,792,3627,4095
1815,4095,2848,4095,802,3634,4095
1823,4095,2853,4095,795,3648,4095
1822,4095,2847,4095,791,3642,4095
1781,4095,2834,4095,785,3616,4095
1842,4095,2881,4095,801,3667,4095
1808,4095,2834,4095,784,3632,4095
1840,4095,2859,4095,786,3633,4095
1817,4095,2832,4095,783,3634,4095
1835,4095,2841,4095,769,3634,4095
1807,4095,2832,4095,759,3632,4095
1815,4095,2836,4095,753,3634,4095
1815,4095,2850,4095,751,3623,4095
1812,4095,2831,4095,755,3633,4095
1810,4095,2837,4095,752,3639,4095
