4095,394,3171,4095,110,3611,3089
4095,408,3168,4095,111,3600,3094
4095,421,3169,4095,112,3614,3059
4095,433,3159,4095,107,3614,3106
4095,457,3150,4095,98,3600,3043
4095,464,3142,4095,92,3599,3037
4095,481,3155,4095,93,3607,3023
4095,493,3147,4095,91,3602,3000
4095,520,3149,4095,85,3607,3013
4095,465,3143,4095,71,3603,3045
4095,491,3141,4095,70,3606,2997
4095,483,3141,4095,66,3603,3037
4095,501,3121,4095,59,3597,3101
4095,534,3138,4095,64,3607,3135
4095,624,3133,4095,62,3605,3106
4095,678,3120,4095,56,3589,3196
4095,790,3136,4095,57,3600,3157
4095,783,3121,4095,50,3583,3216
4095,818,3123,4095,51,3582,3154
4095,816,3131,4095,52,3583,3239
4095,843,3136,4095,49,3602,3221
4095,803,3135,4095,50,3590,3189
4095,784,3135,4095,48,3602,3216
4095,774,3135,4095,47,3600,3152
4095,880,3136,4095,43,3600,3185
4095,829,3137,4095,51,3600,3191
4095,765,3137,4095,48,3600,3171
4095,757,3137,4095,48,3599,3238
4095,752,3136,4095,45,3599,3184
4095,722,3123,4095,46,3583,3166
4095,898,3120,4095,32,3616,3268
4095,928,3136,4095,49,3599,3269
4095,1015,3136,4095,49,3596,3275
4095,799,3141,4095,48,3599,3265
4095,778,3140,4095,43,3599,3234
4095,762,3136,4095,42,3600,3207
4095,781,3137,4095,43,3598,3195
4095,771,3138,4095,46,3595,3217
4095,738,3141,4095,46,3599,3200
4095,716,3136,4095,47,3597,3195
4095,710,3137,4095,47,3595,3190
4095,726,3125,4095,43,3583,3206
4095,726,3152,4095,43,3610,3241
4095,720,3120,4095,42,3581,3250
4095,720,3139,4095,39,3597,3255
4095,710,3125,4095,35,3622,3292
4095,694,3125,4095,37,3583,3222
4095,706,3133,4095,39,3598,3215
4095,718,3124,4095,42,3600,3189
4095,867,3107,4095,31,3560,3167
4095,898,3114,4095,35,3573,3184
4095,882,3120,4001,34,3596,3216
4095,875,3115,4095,35,3595,3155
4095,848,3133,4095,29,3579,3165
4095,781,3131,4095,39,3582,3183
4095,741,3136,4095,38,3595,3249
4095,742,3132,4095,35,3597,3259
4095,646,3120,4095,37,3594,3248
4095,715,3119,4095,35,3578,3278
4095,759,3136,4095,51,3599,3445
4095,731,3120,3991,49,3599,3413
4095,731,3124,3899,42,3594,3330
4095,679,3119,3344,32,3571,3300
4095,683,3120,3197,30,3600,3233
4095,688,3138,3287,41,3601,3234
4095,684,3164,3251,39,3602,3167
4095,656,3154,3231,35,3583,3157
4095,595,3172,3259,39,3603,3122
4095,587,3184,3339,39,3602,3143
4095,637,3179,3921,46,3601,3173
4095,791,3177,3728,49,3601,3179
4095,731,3181,3408,53,3605,3209
4095,683,3191,3397,66,3601,3201
4057,656,3175,3445,80,3607,3285
4041,606,3187,3570,70,3607,3344
4003,560,3149,3605,75,3590,3374
3755,531,3135,4095,96,3610,3452
3986,569,3070,4095,91,3609,3411
3936,523,3039,4095,86,3600,3305
4053,535,3030,4095,80,3596,3282
4095,562,3033,4095,83,3611,3306
4095,615,3029,4095,80,3611,3350
4095,613,3018,4095,64,3600,3359
4095,642,3005,4095,51,3600,3314
4095,810,3024,4095,50,3609,3328
4095,805,3018,4095,48,3612,3379
4095,743,2997,4095,45,3596,3307
4095,551,2995,4095,39,3598,3302
4095,534,3014,4095,59,3605,3350
4095,528,3024,4095,80,3605,3348
4095,502,3015,4095,93,3598,3325
4095,495,3040,4095,102,3597,3408
4095,479,3039,4095,99,3600,3370
4095,493,3028,4095,79,3600,3426
4095,485,2995,4095,96,3553,3283
4095,496,3011,4095,63,3575,3370
4095,506,3025,4095,57,3598,3362
4095,563,3037,4095,58,3600,3472
4045,609,3003,4095,48,3663,3376
4095,720,3047,4095,60,3598,3437
4095,749,3054,4095,67,3599,3327
4095,734,3059,4095,74,3599,3406
4095,671,3056,4095,74,3598,3319
4095,559,3020,4095,62,3594,3307
4095,557,3022,4095,49,3605,3410
4095,577,3006,4095,54,3602,3376
4095,615,3007,4095,54,3604,3344
4095,673,2999,4095,66,3594,3369
4095,747,3010,4095,66,3583,3326
4095,767,3024,4095,67,3581,3323
4095,783,3041,4095,66,3601,3287
4095,749,3005,4095,63,3588,3319
4095,762,2996,4095,77,3571,3312
4095,817,3002,4095,59,3571,3261
4095,1175,3008,4095,50,3591,3237
4095,1138,3002,4095,46,3583,3277
4095,1183,3005,4095,43,3583,3301
4095,1168,3014,4095,41,3583,3248
4095,1254,3012,4095,38,3583,3271
4095,1182,2998,4095,43,3568,3264
4095,970,3024,4095,102,3591,3218
4095,812,3024,4095,109,3599,3191
4095,810,3023,4095,107,3600,3237
4095,831,3014,4095,99,3594,3161
4095,843,3017,4095,107,3593,3142
4095,833,3024,4095,95,3600,3159
4095,994,3043,4095,110,3590,3165
4095,940,3025,4095,112,3569,3101
4019,912,3024,4095,113,3579,3136
3985,880,3034,4095,122,3583,3165
4051,839,3040,4095,118,3581,3217
4043,848,3067,4095,94,3593,3168
4095,816,3031,4095,73,3578,3216
4095,807,3038,4095,59,3596,3314
4095,794,3038,4095,46,3598,3213
4095,694,3031,4095,32,3579,3242
4095,667,3027,4095,40,3581,3248
4095,675,3023,4095,40,3568,3200
3984,713,3018,4095,35,3571,3266
4020,717,3007,4095,33,3583,3202
4095,717,3018,4095,57,3591,3187
4095,743,3017,4095,65,3590,3213
4095,848,3015,4095,64,3583,3163
4095,848,3013,4095,63,3590,3195
4095,862,3005,4095,59,3581,3183
4095,963,3013,4095,47,3580,3382
4095,963,3020,4095,34,3597,3395
4095,944,3017,4095,30,3597,3391
4095,895,3005,4095,33,3581,3342
4095,933,3015,4095,32,3596,3349
4067,1039,3011,4095,31,3598,3316
4054,1019,3012,4095,39,3590,3362
4081,1072,3004,4095,38,3595,3376
4032,990,3009,4095,41,3597,3355
4026,966,3008,4095,45,3591,3249
4022,863,3008,4095,77,3591,3247
3985,1032,3007,4095,95,3578,3183
3994,1065,3004,4095,91,3579,3151
3991,1117,3018,4095,100,3591,3161
4020,1118,3011,4095,96,3593,3186
4095,1116,3001,4095,112,3574,3228
4095,1106,3001,4095,103,3579,3251
4095,1095,3012,4095,107,3602,3257
4095,1072,3011,4095,101,3617,3306
4095,1087,2995,4095,94,3613,3335
4095,1023,2999,4095,112,3626,3330
4095,1058,2998,4095,112,3632,3413
4095,1022,2992,4095,126,3642,3447
4095,976,3005,4095,133,3665,3479
4095,966,2995,4095,122,3662,3610
4095,953,3003,4095,102,3655,3590
4095,807,2995,4095,77,3659,3647
4095,816,2991,4095,66,3662,3536
4028,829,2991,4095,59,3664,3524
4000,833,2960,4095,59,3643,3400
3987,848,2992,4095,73,3650,3298
3968,780,2982,4095,72,3632,3251
4095,849,2986,4095,80,3634,3275
4095,1042,2997,4095,86,3642,3251
4095,1131,2989,4095,81,3643,3223
4095,1059,2970,4095,75,3632,3127
4095,984,2963,4095,78,3622,3122
4095,966,2977,4095,73,3637,3199
4095,1017,2978,4095,80,3638,3235
4095,983,2991,4095,88,3640,3333
4095,819,2979,4095,86,3625,3431
4095,850,2998,4095,97,3632,3487
4095,966,2996,4095,96,3627,3388
4095,993,2993,4095,98,3626,3429
4095,1079,3022,4095,89,3633,3471
4095,1107,2992,4095,95,3615,3360
4095,1196,3002,4095,96,3625,3380
4095,1158,2999,4095,94,3627,3376
4093,1091,2992,4095,86,3615,3373
4095,1005,2992,4095,78,3611,3360
4095,935,2999,4095,64,3626,3339
4095,899,2993,4095,54,3625,3344
4095,769,2975,4095,47,3626,3375
4095,754,2969,4095,47,3607,3394
4095,782,2982,4095,53,3623,3376
4095,822,2981,4095,57,3619,3397
4095,850,2976,4095,57,3611,3349
4095,1009,2991,4095,61,3621,3409
4095,1125,2991,4095,62,3622,3472
4095,1011,2994,4095,59,3621,3536
4095,926,2985,4095,59,3610,3489
4095,833,2989,4095,59,3609,3634
4095,816,2996,4095,61,3626,3725
4095,814,2996,4095,63,3619,3687
4095,790,2990,4095,59,3612,3595
4095,797,2992,4095,59,3617,3567
4095,819,3001,4095,62,3617,3553
4095,845,3001,4095,64,3622,3520
4095,877,2987,4095,65,3609,3490
4095,889,2992,4095,85,3614,3408
4095,876,3011,4095,87,3628,3348
4095,864,3014,4095,80,3625,3319
4095,886,3003,4095,80,3620,3298
4095,925,3005,4095,75,3616,3312
4095,970,3018,4095,82,3627,3285
4095,1081,3018,4095,92,3623,3299
4095,1125,3008,4095,87,3622,3271
4094,1126,3011,4095,83,3607,3306
4095,1103,3022,4095,83,3628,3312
4095,1088,3024,4095,82,3625,3300
4095,1098,3008,4095,68,3621,3312
4091,1074,3005,4095,70,3617,3281
4095,1113,3017,4095,74,3623,3302
4095,1206,3014,4095,75,3621,3280
4095,1246,3014,4095,75,3623,3307
4095,1194,3014,4095,77,3618,3258
4095,1237,3018,4095,76,3616,3261
4095,1605,3016,4095,75,3621,3249
4095,1608,3015,4095,77,3620,3239
4095,1200,2997,4095,82,3613,3290
4095,1051,3011,4095,81,3619,3344
4095,1019,3009,4095,87,3614,3317
4095,912,3008,4095,90,3616,3298
4095,843,2992,4095,87,3609,3291
4095,807,3008,4095,96,3620,3378
4095,829,3005,4095,123,3616,3319
4095,774,3003,4095,125,3615,3292
4095,808,2997,4095,114,3601,3187
4095,784,3005,4095,113,3616,3202
4095,774,3005,4095,113,3615,3170
4095,794,3006,4095,112,3610,3172
4095,802,2989,4095,103,3598,3196
4095,809,2989,4095,99,3597,3187
4095,807,2990,4095,97,3603,3174
4095,816,2985,4095,81,3624,3169
4095,816,2995,4095,82,3603,3203
4095,836,2996,4095,80,3612,3230
4095,990,2995,4095,78,3607,3242
4095,1155,2999,4095,78,3605,3283
4095,1199,3024,4095,73,3612,3266
4095,1254,2992,4095,72,3600,3271
4095,1166,2994,4095,70,3610,3264
4095,928,2999,4095,64,3605,3237
4095,856,2985,4095,51,3593,3224
4095,874,2992,4095,50,3594,3204
4095,915,3003,4095,62,3605,3216
4095,908,3003,4095,56,3607,3267
4095,1022,2961,4095,35,3568,3335
4095,1139,2989,4095,39,3600,3247
4095,1427,3004,4095,42,3606,3312
4095,1499,3008,4095,43,3605,3367
4095,1107,2995,4095,34,3593,3265
4095,842,3008,4095,27,3599,3254
4095,896,3024,4095,31,3610,3259
4095,973,3028,4095,31,3609,3233
4095,1102,3027,4095,32,3604,3231
4095,1071,3012,4095,29,3597,3345
4095,1140,3010,4095,34,3605,3408
4095,1155,3024,4095,33,3605,3469
4095,1486,3024,4095,33,3603,3431
4095,1441,3011,4095,32,3603,3472
4095,1637,3024,4095,32,3603,3490
4095,1633,3023,4095,33,3607,3449
4095,1497,3023,4095,33,3611,3445
4095,1471,3008,4095,28,3593,3392
4095,1530,3018,4095,31,3611,3376
4095,1453,3019,4095,31,3611,3367
4095,1443,3014,4095,33,3607,3366
4095,1481,3001,4095,29,3607,3346
4095,1160,2976,4095,30,3603,3344
4095,1217,3008,4095,33,3607,3274
4095,1130,3008,4095,33,3605,3297
4095,1200,2992,4095,32,3600,3274
4095,1357,2998,4095,27,3600,3421
4095,1531,3021,4095,31,3607,3709
4095,1547,3023,4095,28,3605,3641
4095,1859,3011,4095,23,3591,3559
4095,1679,3010,4095,34,3598,3594
4095,1655,3021,4095,35,3607,3551
4095,1456,3017,4095,31,3608,3447
4095,1483,3011,4095,23,3583,3482
4095,1448,3008,4095,27,3595,3616
4095,1757,3024,4095,26,3608,3681
4095,1662,3024,4095,28,3605,3744
4095,1696,3018,4095,25,3595,3759
4073,1837,3017,4095,21,3602,3797
4095,1936,3019,4095,27,3600,3671
4095,1779,3037,4095,28,3607,3658
4095,1773,3011,4095,27,3600,3600
4095,1778,3015,4095,27,3591,3601
4095,1789,3024,4095,33,3605,3574
4095,1899,3021,4095,31,3603,3575
4095,1819,3009,4095,30,3582,3581
4095,2028,3010,4095,30,3591,3733
4095,2287,3014,4095,34,3595,3801
4095,2309,3010,4095,34,3598,3779
4095,2257,3005,4095,29,3603,3885
4095,2218,3012,4095,34,3593,3901
4095,2246,3013,4095,31,3599,3929
4095,2240,3024,4095,35,3606,3857
4095,2224,3023,4095,33,3606,3828
4095,2215,3010,4095,32,3600,3817
4095,2329,3008,4095,31,3617,3853
4095,2353,3015,4095,34,3595,3878
4095,2397,3009,4095,43,3619,3792
4095,2405,3003,4095,34,3594,3765
4095,2181,3024,4095,33,3611,3761
4095,2288,3022,4095,33,3604,3750
4095,2352,3023,4095,32,3609,3821
4095,2473,3012,4095,36,3600,3807
4095,2538,3020,4095,38,3604,3812
4095,2512,3025,4095,34,3607,3975
4095,2499,3024,4095,38,3612,4095
4095,2391,3024,4095,34,3611,4095
4095,2447,3037,4095,34,3616,4095
4095,2421,3033,4095,37,3614,4095
4095,2447,3030,4095,35,3618,4095
4095,2760,3034,4095,37,3611,4095
4095,2734,3026,4095,39,3602,3999
4095,2675,3042,4095,46,3618,4095
4095,2693,3041,4095,42,3613,4095
4095,2653,3027,4095,43,3610,4095
4095,2631,3031,4095,37,3600,4075
4095,2640,3053,4095,39,3613,4067
4095,2627,3047,4095,46,3617,4095
4095,2479,3068,4095,45,3641,4095
4095,2359,3024,4095,41,3623,4095
4095,2186,3039,4095,47,3631,4095
4095,2289,3053,4095,48,3634,4095
4095,2643,3040,4095,43,3624,4095
4095,3502,3046,4095,48,3637,4095
4095,3456,3065,4095,49,3632,4095
4095,2063,3058,4095,62,3632,4095
4095,2019,3071,4095,67,3647,4095
4095,1345,3038,4095,80,3615,3863
4095,1104,3045,4095,94,3626,3884
4095,1103,3039,4095,84,3624,3840
4095,1099,3019,4095,78,3611,3791
4095,1081,3015,4095,64,3611,3739
4095,1094,3024,4095,65,3621,3670
4095,1104,3024,4095,48,3626,3837
4095,1115,3017,4095,48,3621,3850
4095,1267,3007,4095,48,3605,3970
4095,2325,3007,4095,43,3610,3935
4095,2411,3008,4095,48,3621,3994
4095,2627,3024,4095,50,3618,3939
4095,2525,3022,4095,47,3619,4016
4095,1139,3014,4095,42,3620,4003
4095,1082,3013,4095,45,3617,3940
4095,1079,3005,4095,52,3614,3875
4095,913,2993,4095,58,3604,3862
4095,983,3008,4095,56,3619,3919
4095,970,3010,4095,75,3617,3850
4095,862,3007,4095,80,3606,3791
4095,848,3032,4095,99,3615,3721
4095,822,2997,4095,90,3604,3563
4095,896,3011,4095,86,3613,3530
4095,1023,3007,4095,82,3611,3530
4095,1627,2995,4095,73,3602,3719
4095,2188,3004,4095,70,3611,3741
4095,2331,3009,4095,66,3613,3792
4095,2297,3007,4095,59,3611,3788
4095,1718,2998,4095,60,3599,3762
4095,1039,3017,4095,62,3609,3824
4095,951,3021,4095,67,3603,3885
4095,1028,3018,4095,64,3604,3824
4091,976,3013,4095,71,3598,3809
4095,1162,3013,4095,76,3606,3904
4095,1459,3022,4095,77,3605,3895
4095,1935,3024,4095,73,3609,4095
4095,2674,3011,4095,64,3583,4085
4095,1725,3006,4095,62,3599,3984
4095,1470,3011,4095,60,3606,3985
4095,1374,3010,4095,64,3611,3993
4095,1350,3030,4095,62,3619,3953
4095,1391,3002,4095,58,3593,3879
4095,1854,3015,4095,64,3610,4034
4095,3022,3015,4095,77,3609,4010
4095,3129,3003,4095,112,3582,4095
4095,3653,3022,4095,80,3603,4095
4095,3659,3046,4095,91,3616,4095
4095,3617,3053,4095,105,3607,3991
4095,2257,3047,4095,111,3606,4095
4095,2258,3037,4095,112,3598,4095
4095,2507,3046,4095,119,3609,4037
4095,1906,3046,4095,119,3613,3906
4095,1685,3056,4095,134,3607,3984
4095,1297,3065,4095,143,3603,3855
4095,1152,3050,4095,176,3603,3643
4095,1166,3050,4095,214,3612,3376
4095,1168,3053,4095,203,3603,3386
4095,1127,3040,4095,191,3590,3361
4095,1147,3025,4095,177,3598,3364
4095,1264,3034,4095,170,3594,3456
4095,2069,3023,4095,144,3591,3620
4095,2077,3028,4095,142,3595,3725
4095,1931,3038,4095,130,3601,3824
4095,1909,3042,4095,127,3602,3961
4095,2118,3049,4095,118,3603,4016
4095,2348,3048,4095,113,3629,3947
4095,2230,3039,4095,125,3596,3920
4095,2320,3037,4095,127,3615,3952
4095,2251,3035,4095,118,3597,3975
4031,2630,3061,4095,115,3611,4039
4095,2689,3042,4095,103,3599,4032
4095,2586,3053,4095,112,3605,4095
4095,2541,3054,4095,104,3605,4095
4095,2455,3039,4095,98,3583,4045
4095,2384,3030,4095,98,3600,3963
4095,2314,3049,4095,95,3601,3932
4095,2396,3051,4095,90,3604,3943
4095,2448,3034,4095,83,3591,4095
4095,2470,3031,4095,90,3597,4090
4095,2385,3049,4095,91,3600,4007
4095,2511,3046,4095,96,3600,4035
4095,2514,3039,4095,101,3591,3998
4095,2521,3031,4095,98,3590,3993
4095,2534,3054,4095,101,3600,4005
4095,2521,3055,4095,102,3600,3975
4095,2543,3040,4095,75,3603,4080
4095,2575,3041,4095,87,3594,4095
4095,2594,3054,4095,86,3599,4095
4095,2534,3053,4095,86,3599,4095
4095,2503,3033,4095,86,3582,4048
4095,2496,3029,4095,80,3581,4033
4095,2513,3047,4095,80,3600,3993
4095,2512,3046,4095,85,3600,3958
4095,2612,3042,4095,93,3600,3952
4095,2708,3027,4095,92,3582,3887
4095,2715,3034,4095,83,3583,3831
4095,2730,3041,4095,73,3599,3847
4095,2735,3040,4095,66,3600,3874
4095,2736,3027,4095,58,3583,3829
4095,2738,3034,4095,63,3600,3880
4095,2736,3031,4095,64,3596,3835
4095,2727,3027,4095,62,3597,3876
4095,2715,3022,4095,53,3591,3915
4095,2733,3027,4095,59,3599,3897
4095,2733,3026,4095,62,3590,4006
4095,2726,3024,4095,59,3600,4071
4095,2699,3013,4095,59,3596,4037
4095,2723,3024,4095,59,3600,4010
4095,2720,3024,4095,59,3599,3999
4095,2717,3024,4095,59,3600,3949
4095,2704,3009,4095,54,3583,3953
4095,2710,3024,4095,61,3600,3903
4095,2710,3024,4095,65,3600,3904
4095,2706,3021,4095,64,3600,3902
4095,2700,3008,4095,57,3579,3862
4095,2741,3045,4095,60,3606,3907
4095,2714,3011,4095,60,3583,3925
4095,2722,3019,4095,64,3583,3893
4095,2720,3015,4095,60,3583,3862
4095,2732,3025,4095,63,3600,3860
4095,2704,3023,4095,62,3600,3935
4095,2699,3024,4095,63,3609,3909
4095,2713,3023,4095,63,3597,3937
4095,2715,3020,4095,62,3599,3919
4095,2706,3015,4095,64,3598,3999
4095,2719,3013,4095,68,3595,3858
4095,2723,3011,4095,74,3600,3819
4095,2709,3010,4095,74,3596,3790
4095,2709,3008,4095,75,3598,3737
4095,2689,2993,4095,69,3579,3753
4095,2699,2995,4095,72,3591,3719
4095,2707,3009,4095,71,3595,3705
4095,2741,3052,4095,88,3575,3942
4095,2751,3024,4095,73,3583,3914
4095,2785,3057,4095,67,3606,3953
4095,2747,3014,4095,74,3578,3965
4095,2764,3023,4095,66,3590,3878
4095,2758,3023,4095,68,3583,3971
4095,2770,3021,4095,72,3579,3952
4095,2779,3021,4095,74,3570,3920
4095,2781,3023,4095,70,3581,3913
4095,2774,3021,4095,66,3578,3942
4095,2805,3029,4095,74,3600,3952
4095,3485,3027,4095,73,3600,3917
4095,3503,3029,4095,75,3596,3922
4095,3482,2987,4095,75,3590,3909
4095,3502,3021,4095,71,3582,3875
4095,3510,3057,4095,66,3609,3939
4095,3517,3015,4095,70,3599,3928
4095,3484,3021,4095,73,3577,4009
4095,3524,3080,4095,74,3594,3969
4095,4095,2992,4095,67,3536,4095
4095,4095,2986,4095,70,3532,4095
4095,4095,2996,4095,83,3539,4095
4095,4095,2986,4095,91,3536,3824
4095,3802,2987,4095,75,3551,3163
4095,3615,2999,4095,38,3563,3047
4061,3379,2992,3410,0,3607,2800
4095,2756,3015,3280,0,3583,2727
4095,2098,3006,3105,0,3600,2706
4095,2062,3021,3047,0,3594,2739
4095,2695,3022,3095,0,3583,2720
4095,2716,3015,3312,3,3579,2769
4095,2768,3023,3331,5,3583,2784
4095,2739,3015,3609,5,3581,2806
4095,2255,3011,3777,12,3573,2877
4095,2473,2992,3726,11,3570,2853
4095,2366,2998,3739,16,3568,2832
4095,2463,2992,3705,16,3567,2831
4095,3499,2985,3664,64,3539,3020
4095,2799,2972,3633,62,3541,3061
4035,2642,2981,3679,64,3547,3085
3999,2585,2967,3691,64,3535,3134
3984,2587,2987,3802,67,3541,3113
4017,2576,2961,4055,69,3550,3214
3911,2549,2981,4095,74,3542,3105
3728,2462,2972,4095,75,3539,3186
3687,2262,2969,4095,78,3538,3164
3659,2267,2979,4095,76,3549,3186
3607,2251,2978,4095,74,3550,3191
3579,2271,2992,4095,66,3554,3301
3541,2237,2959,4095,58,3537,3249
3552,2214,2972,4095,48,3546,3251
3538,2211,2971,4095,48,3547,3290
3537,2235,2960,4095,48,3537,3262
3504,2240,2960,4095,48,3541,3255
3518,2256,2973,4095,50,3549,3230
3515,2275,2970,4095,48,3547,3248
3497,2256,2953,4095,47,3533,3213
3498,2265,2960,4095,48,3533,3280
3563,2282,2971,4095,48,3543,3254
3600,2287,2973,4095,49,3546,3318
3557,2288,2971,4095,48,3543,3321
3562,2322,2960,4095,43,3535,3421
3559,3351,2973,4095,35,3549,3410
3601,3345,2971,4095,40,3542,3338
3630,3344,2971,4095,43,3541,3299
3594,3344,2962,4095,56,3541,3274
3575,3344,2960,4095,47,3535,3288
3554,3341,2961,4095,46,3536,3260
3583,2894,2971,4095,48,3545,3274
3509,2416,2958,4095,48,3552,3229
3531,2304,2971,4095,48,3546,3152
3532,2304,2962,4095,41,3548,3130
3537,2289,2969,4095,26,3546,3094
3532,2246,2960,4095,17,3534,3094
3535,2206,2971,4095,16,3545,3066
3499,2233,2971,4095,18,3545,3135
3543,2267,2978,4095,62,3543,3211
3600,2239,2973,4095,68,3539,3183
3610,2241,2976,4095,72,3531,3152
3648,2274,2989,4095,65,3541,3203
3675,2279,2990,4095,65,3540,3205
3673,2248,2978,4095,68,3536,3185
3639,2177,2973,4095,83,3532,3159
3657,2125,2987,4095,90,3545,3167
3712,2352,2983,4095,91,3540,3167
3664,2176,2963,4095,92,3519,3120
3674,2154,2973,4095,79,3536,3136
3795,2151,2985,4095,75,3545,3167
3857,2089,2988,4095,71,3554,3135
4095,2077,2976,4095,65,3537,3120
4095,2074,2980,4095,62,3536,3119
4095,2086,2992,4095,59,3549,3125
4095,2081,2992,4095,64,3547,3120
4069,2066,2976,4095,65,3536,3122
3817,2064,2989,4095,74,3539,3159
3771,1975,2998,4095,80,3550,3151
3746,2095,2999,4095,79,3550,3171
3648,2113,2979,4095,64,3535,3229
3700,4095,2970,4095,64,3535,3207
3765,4095,2985,4095,66,3547,3241
3841,4095,2989,4095,70,3543,3268
3990,4095,2995,4095,70,3547,3283
3973,4095,2981,4095,64,3538,3282
3987,4095,2987,4095,64,3531,3260
4000,4095,2995,4095,64,3545,3255
4017,4095,2999,4095,70,3538,3249
3923,4095,3009,4095,66,3537,3226
4095,4095,3034,4095,66,3551,3273
4095,4095,3047,4095,77,3552,3297
4095,4095,3062,4095,80,3554,3301
4095,4095,3081,4095,91,3547,3319
4095,4095,3095,4095,99,3552,3374
3782,953,3093,4050,168,3565,3123
4095,806,3091,3921,166,3563,3159
4095,822,3059,3559,129,3557,3095
4095,862,3063,3319,92,3553,3084
4095,1092,3052,3344,70,3550,3057
4095,2460,3037,3281,57,3540,2990
3911,3200,3031,3184,33,3543,2957
3642,3341,3019,4095,18,3552,2813
3643,3333,2997,4095,16,3537,2783
3678,3475,3014,4095,19,3551,2801
3791,4095,2993,4095,15,3556,2819
3809,4095,3008,4095,16,3542,2802
3856,4095,3018,4095,17,3550,2817
3845,4095,3021,4095,21,3550,2812
3879,4095,3024,4095,48,3562,2791
4048,4095,3007,4095,18,3535,2810
4047,4095,3011,4095,25,3548,2818
4055,4095,3017,4095,23,3549,2804
4034,4095,2999,4095,27,3542,2795
4017,4095,3008,4095,23,3536,2799
4038,4095,3013,4095,20,3550,2807
4043,4095,3015,4095,23,3550,2807
4095,4095,3011,4095,22,3550,2811
4065,4095,3003,4095,19,3536,2810
4095,4095,3010,4095,22,3549,2815
4095,4095,3011,4095,23,3546,2819
4095,4095,3010,4095,21,3547,2822
4086,4095,3003,4095,21,3541,2801
4095,4095,3009,4095,22,3547,2841
4057,4095,3010,4095,23,3552,2851
4094,4095,3013,4095,19,3553,2864
4091,4095,3003,4095,17,3537,2894
4063,4095,3010,4095,16,3548,2896
4080,4095,3008,4095,16,3546,2894
4039,4095,3009,4095,18,3549,2880
3989,4095,2999,4095,16,3539,2870
4015,4095,3009,4095,20,3551,2875
4041,4095,3011,4095,16,3549,2879
4015,4095,3009,4095,18,3554,2880
4045,4095,2993,4095,15,3538,2878
4017,4095,3002,4095,19,3542,2886
4051,4095,3011,4095,21,3547,2885
4048,4095,3009,4095,18,3546,2903
4046,4095,3002,4095,19,3557,2907
4095,4095,3002,4095,20,3540,2880
4086,4095,3008,4095,19,3547,2898
4065,4095,3013,4095,17,3547,2918
4095,4095,2992,4095,16,3546,2915
4095,4095,2998,4095,16,3531,2918
4095,4095,3009,4095,16,3546,2986
4095,4095,3008,4095,16,3545,3002
4095,4095,2998,4095,11,3538,2947
4095,4095,2998,4095,13,3521,2966
4095,4095,3007,4095,15,3541,2960
4095,4095,3005,4095,11,3544,2949
4094,4095,3029,4095,16,3599,2948
4095,4095,2993,4095,8,3528,2929
4095,4095,3007,4095,14,3542,2935
4095,4095,3008,4095,11,3540,2923
4077,4095,3004,4095,48,3543,2870
4095,4095,2994,4095,11,3534,2893
4095,4095,2993,4095,17,3534,2893
4095,4095,3008,4095,17,3539,2903
4095,4095,2992,4095,16,3536,2885
4095,4095,2992,4095,16,3533,2885
4095,4095,3006,4095,17,3541,2896
4095,4095,3007,4095,20,3546,2892
4095,4095,3009,4095,17,3546,2927
4095,4095,2993,4095,13,3529,2931
4095,4095,3008,4095,18,3547,2918
4095,4095,3014,4095,18,3541,2903
4095,4095,3014,4095,17,3543,2927
4095,4095,3001,4095,13,3536,2914
4095,4095,3009,4095,16,3541,2943
4095,4095,3015,4095,16,3537,2960
4095,4095,3013,4095,19,3542,2993
4095,4095,2998,4095,18,3531,2960
4095,4095,2998,4095,16,3527,2972
4095,4095,3009,4095,19,3539,2981
4095,4095,3009,4095,20,3546,2974
4095,4095,2994,4095,19,3531,2960
4095,4095,2991,4095,21,3535,2954
4095,4095,3006,4095,26,3542,2958
4095,4095,3005,4095,29,3540,2948
4095,4095,2996,4095,23,3534,2935
4095,4095,3010,4095,29,3539,2943
4095,4095,3010,4095,30,3537,2973
4095,4095,3007,4095,30,3539,2971
4095,4095,2994,4095,30,3533,2937
4095,4095,2995,4095,28,3535,2934
4095,4095,3007,4095,29,3543,2938
4095,4095,3006,4095,32,3545,2934
4095,4095,2992,4095,27,3534,2919
4095,4095,2993,4095,25,3533,2905
4095,4095,3005,4095,30,3536,2914
4095,4095,3007,4095,30,3545,2944
4095,4095,2997,4095,27,3531,2951
4095,4095,2995,4095,29,3527,2957
4095,4095,3009,4095,27,3545,2963
4095,4095,3009,4095,30,3541,2969
4095,4095,2992,4095,27,3523,2945
4095,4095,2993,4095,30,3536,2969
4095,4095,3008,4095,35,3535,2985
4095,4095,3011,4095,38,3536,3012
4095,4095,2991,4095,29,3528,2990
4095,4095,3006,4095,33,3529,3016
4095,2470,3341,3901,527,3487,3712
4095,2453,3386,3894,536,3513,3757
4095,2452,3365,3909,524,3488,3729
4095,2476,3392,3921,549,3544,3767
4095,2452,3381,3947,533,3531,3870
4095,2449,3367,4015,526,3526,3854
4095,2448,3388,4016,540,3517,3805
4095,2445,3366,3984,523,3515,3779
4095,2448,3360,3979,543,3519,3770
4095,2439,3351,3967,551,3506,3775
4095,2443,3351,3971,549,3495,3807
4095,2437,3342,4016,550,3514,3665
4095,2446,3350,4022,563,3534,3710
4095,2448,3351,4005,575,3528,3856
4095,2256,3341,4016,583,3529,3859
4095,1981,3315,4095,655,3522,3854
4095,1586,3337,4095,682,3536,3810
4095,1286,3280,4095,590,3591,3844
4095,1264,3292,4095,579,3592,3779
4093,1217,3283,4095,562,3598,3805
4095,1125,3277,4095,508,3595,3753
4095,980,3280,4095,475,3602,3760
4095,982,3297,4095,432,3609,3750
4095,939,3309,4095,433,3603,3815
4095,907,3333,4095,430,3613,3760
4095,892,3312,4095,458,3603,3840
4095,882,3334,4095,464,3626,3895
4095,889,3334,4095,528,3631,3981
4095,880,3330,4095,624,3648,4021
4095,887,3320,4095,558,3635,4027
4095,1005,3213,3671,591,3636,3095
4095,1008,3219,3682,590,3632,3141
4095,1040,3215,3664,569,3635,3145
4095,1052,3213,3757,583,3643,3094
4095,1119,3216,3747,577,3650,3153
4095,1147,3226,3659,577,3637,3088
4095,1154,3216,3607,575,3625,3097
4095,1151,3207,3731,555,3632,3129
4095,1165,3215,3680,560,3636,3177
4095,1171,3229,3728,569,3643,3122
4095,1171,3220,3690,557,3632,3152
4095,1169,3227,3594,569,3648,3105
4095,1142,3205,3666,567,3617,3142
4095,1150,3230,3709,560,3650,3163
4095,1009,3213,4095,606,3605,3221
4095,1007,3219,4095,608,3599,3221
4095,1007,3207,4095,624,3610,3260
4095,1002,3211,4095,626,3603,3298
4095,1000,3210,4095,624,3600,3334
4094,994,3208,4095,624,3602,3280
4095,987,3216,4095,618,3591,3269
4095,989,3190,4095,615,3605,3278
4095,989,3208,4095,623,3595,3283
4095,978,3216,4095,629,3594,3282
4095,981,3221,4095,631,3611,3283
4095,987,3216,4095,638,3595,3298
4095,979,3216,4095,619,3602,3280
4095,981,3205,4095,609,3580,3286
4095,955,3063,4095,654,3599,3728
4095,960,3056,4095,658,3596,3735
4080,960,3087,4095,655,3595,3662
4095,982,3066,4095,660,3591,3698
4095,977,3066,4095,656,3593,3712
4095,978,3062,4095,656,3569,3597
4095,983,3057,4095,643,3591,3591
4095,982,3058,4095,656,3568,3615
4095,981,3066,4095,656,3599,3579
4095,984,3071,4095,660,3573,3664
4095,986,3067,4095,650,3578,3609
4095,975,3067,4095,656,3594,3639
4095,983,3082,4095,604,3597,3687
4095,960,3104,4095,575,3578,3687
4095,985,3103,4095,591,3604,3638
4095,976,3071,4095,559,3583,3660
4080,992,3077,4095,551,3552,3636
4095,971,3063,4095,499,3596,3635
4095,967,3084,4095,504,3581,3632
4095,965,3068,4095,528,3570,3645
4095,970,3084,4095,523,3574,3638
4095,974,3087,4095,500,3570,3601
4095,971,3089,4095,544,3579,3630
4095,960,3084,4095,547,3577,3613
4095,975,3104,4095,559,3599,3643
4095,967,3097,4095,566,3593,3660
4095,954,3094,4095,582,3590,3632
4095,949,3031,4095,622,3545,3738
4095,956,3115,4095,631,3606,3733
4095,753,2962,4095,358,3536,4095
4095,742,2929,4095,350,3523,4095
4095,752,2934,4095,347,3539,4095
4095,627,2938,4095,343,3541,4095
4095,542,2919,4095,335,3532,4095
4095,485,2925,4095,304,3533,4095
4095,472,2900,4095,303,3534,4095
4095,455,2897,4095,285,3522,4095
4091,465,2888,4095,274,3527,4095
4095,442,2881,4095,272,3519,4095
4095,415,2874,4095,268,3543,4095
4095,398,2883,4095,270,3537,4095
4095,383,2887,4095,274,3521,4095
4095,366,2890,4095,274,3509,4095
4095,364,2911,4095,278,3520,4095
4095,379,2895,4095,286,3513,4095
4095,384,2881,4095,256,3532,4095
4095,368,2833,4095,300,3494,4095
4095,353,2835,4095,262,3508,4095
4095,368,2832,4095,279,3498,4095
4095,366,2819,4095,276,3493,4095
4095,359,2826,4095,256,3491,4095
4095,361,2812,4095,251,3488,4095
4090,345,2816,4095,237,3489,4095
4095,346,2816,4095,220,3486,4095
4095,318,2833,4095,213,3497,4095
4095,322,2834,4095,208,3489,4095
4095,304,2830,4095,193,3472,4095
4095,317,2862,4095,198,3501,4095
4095,197,2785,4095,149,3467,4095
4095,223,2783,4095,148,3452,4095
4095,192,2785,4095,146,3456,4095
4095,187,2781,4095,145,3453,4095
4095,199,2783,4095,150,3451,4095
4095,202,2735,4095,147,3442,4095
4095,193,2769,4095,146,3446,4095
4095,185,2778,4095,145,3440,4095
4095,186,2771,4095,135,3441,4095
4095,189,2771,4095,145,3443,4095
4095,194,2787,4095,147,3455,4095
4095,193,2783,4095,148,3456,4095
4095,190,2779,4095,148,3431,4095
4093,167,2760,4095,141,3441,4095
4095,176,2792,4095,151,3473,4095
4095,170,2768,4095,144,3442,4095
4095,184,2768,4095,148,3460,4095
4095,158,2793,4095,135,3472,4095
4095,149,2753,4095,144,3469,4095
4095,176,2752,4095,142,3430,4095
4095,159,2751,4095,138,3422,4095
4095,171,2741,4095,138,3445,4095
4095,161,2746,4095,132,3445,4095
4095,159,2754,4095,129,3440,4095
4093,170,2714,4095,142,3441,4095
4095,161,2745,4095,133,3440,4095
4095,163,2762,4095,144,3457,4095
4095,151,2743,4095,141,3447,4095
4095,149,2782,4095,144,3457,4095
4095,219,2791,4095,135,3472,4095
4095,227,2768,4095,136,3449,4095
4095,229,2722,4095,123,3504,4095
4095,241,2769,4095,127,3445,4095
4095,277,2777,4095,128,3459,4095
4095,276,2782,4095,128,3455,4095
4095,273,2787,4095,124,3459,4095
4095,272,2805,4095,117,3463,4095
4091,271,2807,4095,117,3461,4095
4095,271,2810,4095,127,3468,4095
4095,272,2831,4095,128,3477,4095
4095,269,2829,4095,125,3471,4095
4095,272,2829,4095,128,3478,4095
4095,290,2811,4095,119,3469,4095
4095,305,2843,4095,128,3489,4095
4095,310,2865,4095,112,3503,4095
4095,295,2830,4095,112,3472,4095
4095,306,2845,4064,118,3471,4095
4095,311,2865,4095,126,3495,4095
4095,311,2874,4080,119,3501,4095
4095,299,2880,3960,115,3492,4095
4095,302,2889,3969,111,3503,4095
4095,294,2851,3933,112,3482,4095
4095,294,2853,3907,107,3472,4095
4095,291,2859,3918,110,3479,4095
4095,291,2864,3921,101,3479,4095
4095,302,2864,3936,106,3471,4094
4095,310,2893,3935,98,3499,4095
4095,306,2876,3961,112,3470,4031
3042,320,2947,4095,98,3475,3391
3056,317,2953,4095,94,3488,3392
2992,323,2951,4095,95,3478,3312
2993,323,2955,4095,94,3475,3200
3041,331,2960,4095,96,3474,3190
3010,336,2950,4095,104,3487,3152
3015,338,2960,4095,97,3485,3131
2891,354,2957,4095,86,3493,3056
2795,370,2959,4095,86,3477,3071
2811,376,2951,4095,87,3483,3008
2872,395,2969,4095,90,3500,3083
2853,400,2965,4095,91,3501,3059
2845,403,2973,4095,87,3504,3094
2832,422,2960,4095,85,3491,3035
2851,442,2962,4095,93,3488,3053
2951,472,2999,4095,101,3502,3088
2902,493,3002,4095,96,3518,3054
2906,599,2992,4095,94,3523,3056
2897,619,2993,4095,84,3519,3013
2867,705,2964,4095,94,3514,3066
2880,750,3008,4095,94,3519,3025
2811,750,2971,4095,87,3490,2972
2832,803,2996,4095,81,3488,2957
2783,816,2981,4095,82,3502,2944
2771,819,2987,4095,89,3497,2934
2827,859,2990,4095,94,3504,2931
2832,848,2960,4095,81,3506,2930
2807,875,2992,4095,87,3518,2966
2832,865,2962,4095,86,3493,2945
2880,784,3024,4095,87,3512,2982
2840,775,2998,4095,71,3520,2999
2814,775,3008,4095,82,3515,2979
2851,735,3005,4095,82,3514,2992
2913,730,3005,4095,85,3510,2992
2900,685,3008,4095,80,3530,2977
2895,681,3019,4095,83,3511,3004
2875,667,3015,4095,80,3503,2991
2928,626,3014,4095,81,3513,2994
2931,569,3008,4095,82,3511,2992
2944,533,3025,4095,86,3523,2997
2915,522,3023,4095,80,3528,3025
2940,522,3025,4095,85,3528,3080
2976,506,3008,4095,81,3504,3053
2973,497,3015,4095,81,3515,3046
2960,491,3018,4095,86,3519,3042
2960,491,3014,4095,74,3533,3094
2970,481,3056,4095,91,3536,3085
2947,464,3024,4095,82,3517,3088
2964,432,3019,4095,81,3526,3087
2971,402,3021,4095,78,3509,3050
2979,391,3022,4095,80,3519,3146
2989,375,3022,4095,77,3514,3095
3026,368,3021,4095,81,3507,3094
3054,369,3023,4095,82,3513,3136
3082,366,3024,4095,82,3518,3120
3086,373,3033,4095,83,3527,3117
3062,355,3021,4095,80,3520,3107
3116,354,3051,4095,92,3536,3158
3247,511,3007,4095,171,3538,3321
3202,505,2979,4095,167,3517,3299
3226,504,2979,4095,174,3516,3346
3246,495,2975,4095,200,3511,3347
3281,496,2970,4095,211,3511,3322
3259,496,2965,4095,254,3523,3334
3297,496,2971,4095,272,3506,3344
3329,493,2966,4095,271,3517,3401
3315,481,2964,4095,287,3504,3452
3309,481,2986,4095,339,3524,3398
3318,489,2980,4095,337,3534,3411
3359,490,2983,4095,351,3533,3385
3341,493,2985,4095,366,3531,3429
3404,503,2969,4095,378,3518,3373
3389,506,3008,4095,395,3540,3396
3419,495,2995,4095,414,3529,3397
3377,482,2981,4095,431,3521,3423
3357,492,2965,4095,434,3520,3439
3421,489,2976,4095,457,3519,3430
3447,484,2979,4095,456,3513,3420
3495,495,2975,4095,486,3519,3411
3483,495,2976,4095,461,3530,3388
3500,503,2963,4095,483,3511,3421
3434,528,2975,4095,479,3521,3534
3456,545,2966,4095,481,3519,3543
3520,541,2966,4095,472,3521,3526
3507,528,2967,4095,480,3530,3469
3542,545,2976,4095,465,3513,3488
3632,551,2992,4095,485,3549,3525
3595,558,2944,4095,496,3527,3526
3579,560,2947,4095,503,3522,3526
3595,562,2946,4095,503,3521,3535
3635,566,2950,4095,500,3505,3541
3598,572,2955,4095,502,3515,3523
3637,595,2950,4095,523,3517,3516
3659,648,2927,4095,509,3520,3498
3669,725,2944,4095,503,3525,3491
3634,816,2944,4095,510,3522,3539
3633,842,2946,4095,511,3519,3565
3615,843,2951,4095,525,3519,3534
3658,863,2958,4095,511,3536,3539
3619,880,2954,4095,522,3534,3580
3600,869,2929,4095,499,3529,3555
3601,918,2983,4095,518,3543,3536
3600,901,2941,4095,520,3526,3553
3649,913,2970,4095,540,3562,3554
3634,1011,2932,4095,538,3525,3533
3639,1039,2932,4095,543,3537,3509
3650,1021,2937,4095,547,3520,3511
3648,1136,2937,4095,544,3520,3498
3631,1107,2938,4095,528,3517,3504
3622,1119,2941,4095,539,3530,3505
3664,1243,2937,4095,543,3510,3518
3662,1562,2954,4095,555,3536,3519
3631,1761,2958,4095,552,3537,3521
3582,2035,2944,4095,546,3536,3495
3611,1808,2928,4095,543,3539,3483
3605,1840,2976,4095,548,3538,3467
3621,1602,2901,4095,607,3521,3706
3643,1623,2896,4095,631,3515,3724
3625,1604,2911,4095,612,3516,3725
3624,1592,2912,4095,608,3536,3733
3643,1531,2909,4095,597,3519,3674
3663,1443,2903,4095,606,3521,3686
3651,1424,2912,4095,606,3542,3707
3642,1353,2910,4095,597,3524,3663
3655,1347,2907,4095,598,3536,3665
3743,1350,2906,4095,582,3529,3654
3822,1360,2923,4095,592,3536,3632
3792,1379,2922,4095,592,3536,3708
3824,1402,2911,4095,599,3541,3618
3776,1407,2898,4095,595,3527,3616
3871,1427,2937,4095,593,3546,3662
3838,1419,2936,4095,599,3553,3681
3829,1391,2931,4095,609,3553,3729
3840,1380,2944,4095,592,3554,3690
3823,1394,2904,4095,586,3540,3731
3822,1367,2916,4095,586,3536,3648
3855,1332,2907,4095,590,3526,3724
3905,1328,2901,4095,585,3532,3743
3885,1339,2896,4095,581,3535,3706
3862,1349,2896,4095,579,3503,3724
3904,1329,2901,4095,587,3522,3712
3912,1357,2889,4095,615,3519,3676
3970,1354,2899,4095,611,3532,3673
4051,1337,2927,4095,607,3538,3662
4038,1360,2937,4095,622,3542,3701
4095,1341,2896,4095,603,3526,3845
4095,1338,2900,4095,601,3536,3854
4095,1337,2901,4095,614,3538,3827
4095,1342,2899,4095,608,3536,3840
4095,1337,2906,4095,598,3536,3824
4091,1335,2897,4095,599,3539,3829
4095,1328,2903,4095,599,3535,3859
4095,1307,2900,4095,599,3536,3859
4095,1315,2899,4095,605,3523,3849
4095,1312,2894,4095,599,3535,3855
4095,1339,2909,4095,602,3538,3871
4095,1367,2910,4095,592,3541,3885
4095,1375,2913,4095,592,3536,3856
4095,1387,2899,4095,592,3530,3841
4095,1396,2928,4095,614,3559,3823
4095,1380,2863,4095,594,3534,3833
4095,1330,2909,4095,587,3546,3865
4095,1307,2941,4095,596,3562,3840
4093,1290,2899,4095,592,3536,3815
4095,1283,2896,4095,591,3529,3842
4095,1282,2898,4095,592,3531,3800
4095,1271,2899,4095,598,3536,3856
4095,1265,2914,4095,593,3536,3810
4095,1269,2905,4095,589,3535,3897
4095,1345,2910,4095,582,3529,3908
4095,1354,2910,4095,598,3540,3867
4095,1325,2923,4095,597,3555,3880
4095,1280,2899,4095,595,3509,3868
4095,1294,2943,4095,607,3557,3884
4095,1633,2889,4095,602,3527,3689
4095,1648,2883,4095,605,3540,3701
4095,1680,2893,4095,606,3531,3650
4095,1683,2881,4095,607,3533,3647
4095,1602,2885,4095,622,3542,3683
4095,1567,2885,4095,602,3541,3663
4095,1552,2877,4095,614,3529,3694
4095,1365,2887,4095,617,3536,3703
4095,1360,2892,4095,611,3536,3681
4095,1323,2887,4095,615,3531,3696
4095,1306,2896,4095,615,3542,3728
4095,1309,2894,4095,613,3541,3736
4095,1296,2891,4095,618,3549,3655
4095,1239,2879,4095,612,3535,3648
4095,1247,2911,4095,611,3547,3697
4095,1219,2895,4095,601,3536,3620
4095,1213,2896,4095,595,3528,3689
4095,1074,2893,4095,603,3536,3728
4095,1040,2889,4095,594,3535,3739
4095,1019,2893,4095,587,3535,3730
4095,1009,2894,4095,592,3530,3690
4089,1028,2895,4095,593,3533,3615
4095,1034,2913,4095,597,3547,3577
4095,1030,2902,4095,596,3551,3690
4095,1006,2906,4095,603,3547,3711
4095,1001,2905,4095,595,3542,3671
4095,1013,2909,4095,597,3542,3744
4095,699,2954,4095,540,3568,3345
4095,718,2955,4095,557,3563,3340
4095,755,2925,4095,555,3536,3376
4095,745,2902,4095,559,3538,3402
4095,735,2896,4095,560,3546,3435
4095,737,2907,4095,551,3549,3451
4087,736,2909,4095,564,3548,3303
4095,711,2898,4095,557,3539,3201
4095,706,2900,4095,548,3536,3215
4095,715,2909,4095,549,3541,3200
4095,698,2905,4095,554,3557,3171
4095,707,2925,4095,556,3562,3231
4095,661,2919,4095,552,3551,3184
4095,666,2924,4095,551,3551,3175
4091,653,2917,4095,537,3553,3134
4095,656,2951,4095,560,3561,3152
4095,1029,2970,4095,436,3550,3052
4095,1063,3008,4095,439,3569,3070
4095,1053,3008,4095,449,3539,3039
4095,1059,2979,4095,433,3564,3056
4095,1070,2980,4095,418,3554,3056
4095,1119,2979,4095,402,3564,3079
4095,1135,2990,4095,395,3553,3098
4095,1152,2986,4095,387,3545,3085
4095,1137,2993,4095,377,3557,3070
4095,1139,2992,4095,381,3558,3066
4095,1141,2992,4095,377,3549,3052
4095,1166,3002,4095,386,3568,3106
4095,1155,3005,4095,374,3567,3031
4095,1134,2994,4095,368,3545,3016
4095,1141,3025,4095,368,3575,3027
4095,1161,2994,4095,370,3561,2993
4095,1168,2997,4095,371,3557,2989
4095,1219,3031,4095,368,3591,3038
4035,1216,2997,4095,373,3567,3030
4095,1216,2998,4095,371,3553,3019
4095,1216,2992,4095,371,3570,3030
4095,1201,3001,4095,373,3564,3047
4095,1213,2996,4095,373,3556,3046
4091,1207,2999,4095,357,3561,3056
4095,1198,2991,4095,340,3568,3110
4095,1223,3003,4095,352,3546,3127
4095,1232,3026,4095,353,3569,3184
4095,1228,3029,4095,352,3561,3087
4095,1250,3039,4095,368,3580,3118
4095,1267,3022,4095,301,3571,3046
4095,1270,3023,4095,302,3591,3098
4095,1279,3023,4095,299,3568,3077
4091,1274,3020,4095,304,3568,3087
4095,1268,3018,4095,310,3555,3077
4095,1264,3013,4095,306,3573,3089
4085,1270,3017,4095,305,3568,3122
4095,1275,3013,4095,303,3568,3163
4095,1277,3006,4095,301,3569,3185
4095,1267,3009,4095,304,3574,3152
4095,1251,3021,4095,305,3598,3143
4095,1247,3024,4095,304,3579,3138
4095,1246,3017,4095,306,3583,3152
4095,1240,2987,4095,351,3518,3143
4095,1252,2985,4095,307,3611,3120
4062,1265,3017,4095,318,3572,3122
4095,1263,3010,4095,315,3579,3107
4095,1263,3010,4095,327,3568,3139
4095,1277,3015,4095,331,3568,3145
4095,1296,2997,4095,329,3574,3136
4095,1325,3008,4095,322,3565,3126
4095,1326,3007,4095,320,3572,3164
4095,1322,3008,4095,327,3563,3135
4095,1363,3023,4095,323,3583,3178
4095,1635,3019,4095,326,3591,3171
4095,1638,3024,4095,329,3597,3174
4095,1646,3023,4095,357,3574,3184
4090,1633,3009,4095,370,3571,3142
4095,1659,3037,4095,370,3582,3193
4095,2291,3011,4095,305,3570,3249
4094,2295,3008,4095,307,3578,3257
4095,2294,3018,4095,305,3594,3242
4095,2289,3013,4095,310,3567,3280
4095,2294,3019,4095,305,3607,3254
4095,2290,3013,4095,304,3579,3227
4095,2290,3023,4095,306,3573,3263
4095,2224,3025,4095,306,3568,3248
4094,1730,3023,4095,304,3591,3235
4095,1698,3015,4095,299,3548,3219
4095,1702,3028,4095,304,3591,3264
4095,1675,3025,4095,301,3600,3251
4095,1649,3024,4095,303,3591,3236
4095,1633,2976,4095,303,3575,3226
4095,1639,3043,4095,299,3605,3266
4095,1626,3030,4095,304,3612,3244
4095,1614,3047,4095,307,3600,3248
4095,1559,3040,4095,304,3590,3197
4095,1587,3015,4095,302,3590,3221
4095,1580,3019,4095,295,3575,3217
4095,1578,3023,4095,298,3574,3204
4095,1573,3012,4095,297,3568,3215
4095,1570,3022,4095,303,3568,3225
4095,1584,3017,4095,295,3577,3203
4095,1576,3009,4095,299,3571,3215
4095,1559,3011,4095,303,3578,3228
4095,1571,3025,4095,303,3583,3233
4095,1485,3025,4095,287,3573,3200
4095,1553,3046,4095,309,3594,3264
4095,1683,3016,4095,289,3604,3306
4095,1680,3018,4095,273,3629,3283
4095,1717,3018,4095,287,3601,3303
4095,1820,3012,4095,289,3583,3250
4095,2313,3017,4095,289,3573,3293
4095,2320,3012,4095,285,3570,3262
4088,2312,3017,4095,292,3579,3243
4095,2314,3017,4095,292,3590,3277
4080,2311,3012,4095,287,3573,3248
4095,2333,3033,4095,296,3582,3248
4095,2333,3025,4095,298,3595,3262
4095,2334,3023,4095,299,3600,3252
4095,2336,3033,4095,298,3580,3218
4095,2319,3026,4095,291,3581,3279
4095,2352,3046,4095,295,3576,3238
4095,2348,3056,4095,301,3607,3295
4095,2320,3025,4095,295,3571,3279
4095,2341,3019,4095,286,3575,3256
4095,2335,3021,4095,289,3589,3262
4095,2341,3019,4095,298,3570,3280
4095,2338,3021,4095,297,3581,3268
4095,2337,3013,4095,298,3579,3287
4095,2342,3010,4095,304,3582,3283
4095,2355,3034,4095,302,3596,3286
4095,2359,3031,4095,300,3590,3324
4095,2351,3029,4095,297,3581,3292
4095,2354,3025,4095,299,3600,3287
4095,2340,3010,4095,294,3583,3293
4095,2356,3038,4095,299,3600,3301
4095,2327,3020,4095,279,3579,3211
4081,2349,3054,4095,283,3601,3283
4095,2320,3022,4095,283,3595,3229
4095,2328,3026,4095,287,3577,3239
4095,2358,3021,4095,288,3572,3249
4095,2361,3030,4095,287,3581,3222
4095,2366,3025,4095,279,3597,3227
4095,2368,3015,4095,283,3594,3167
4095,2384,3024,4095,279,3600,3215
4095,2384,3035,4095,284,3590,3238
4095,2376,3027,4095,279,3576,3213
4095,2399,3039,4095,287,3595,3258
4095,2394,3040,4095,288,3597,3234
4095,2375,3023,4095,288,3580,3223
4095,2416,3052,4095,294,3611,3247
4095,2384,3024,4095,283,3578,3194
4095,2391,3019,4095,279,3575,3184
4095,2390,3021,4095,286,3578,3178
4095,2399,3012,4095,277,3568,3186
4095,2384,3025,4095,278,3569,3194
4095,2384,3015,4095,272,3590,3229
4095,2381,3024,4095,269,3568,3216
4095,2388,3051,4095,274,3600,3217
4095,2393,3038,4095,276,3594,3216
4095,2387,3025,4095,278,3595,3205
4095,2390,3034,4095,274,3600,3206
4081,2377,3024,4095,273,3571,3186
4095,2374,3019,4095,272,3580,3174
4095,2406,3052,4095,273,3601,3216
4095,2320,3017,4095,272,3599,3184
4095,2319,3055,4095,274,3600,3215
4095,2334,3017,4095,272,3583,3180
4095,2338,3021,4095,281,3583,3210
4091,2365,3011,4095,269,3574,3120
4095,2328,3024,4095,270,3578,3130
4095,2370,3022,4095,269,3579,3136
4095,2365,3023,4095,266,3582,3175
4095,2357,3023,4095,272,3578,3166
4095,2366,3018,4095,269,3571,3179
4095,2380,3041,4095,275,3606,3165
4095,2385,3031,4095,273,3597,3171
4095,2407,3029,4095,271,3600,3183
4095,2393,3020,4095,266,3579,3167
4095,2389,3023,4095,287,3599,3183
4095,2390,3024,4095,271,3575,3181
4095,2391,3021,4095,268,3577,3179
4093,2390,3013,4095,267,3578,3142
4095,2401,3019,4095,268,3583,3194
4095,2405,3018,4095,271,3565,3194
4095,2398,3019,4095,270,3578,3198
4095,2416,3018,4095,263,3590,3209
4080,2407,3011,4095,263,3598,3178
4095,2400,3023,4095,269,3583,3173
4095,2394,3015,4095,267,3602,3197
4095,2384,3023,4095,272,3598,3210
4095,2384,3015,4095,272,3575,3194
4095,2381,3018,4095,266,3573,3122
4095,2399,3059,4095,279,3601,3175
4095,3252,3063,4095,311,3600,3169
4095,3223,3036,4095,304,3597,3126
4095,3280,3071,4095,302,3600,3134
4095,3241,3041,4095,304,3604,3089
4095,3229,3058,4095,310,3600,3148
4095,3222,3034,4095,292,3610,3160
4095,4095,3047,4095,315,3591,3153
4095,4095,3055,4095,305,3593,3147
4095,4095,3041,4095,313,3597,3117
4095,4095,3038,4095,304,3569,3120
4095,4095,3059,4095,308,3601,3163
4095,4095,3056,4095,304,3598,3189
4095,4095,3061,4095,304,3601,3109
4095,4095,3035,4095,302,3591,3109
4095,4095,3088,4095,304,3610,3102
4095,4095,3086,4095,304,3613,3130
4095,4095,3033,4095,305,3612,3133
4095,4095,3085,4095,297,3633,3130
4095,4095,3056,4095,311,3602,3079
4095,4095,3041,4095,304,3595,3103
4095,4095,3043,4095,296,3583,3088
4095,4095,3039,4095,297,3600,3067
4095,4095,3051,4095,288,3595,3065
4095,4095,3051,4095,269,3575,3136
4095,4095,3036,4095,259,3598,3024
4095,4095,3056,4095,253,3610,3061
4095,4095,3056,4095,249,3610,3022
4095,3200,3106,4095,150,3622,2842
4095,3199,3094,4095,154,3623,2860
4066,3196,3063,4095,143,3605,2816
4095,4095,3071,4095,139,3598,2803
4095,4095,3070,4095,144,3600,2783
4095,4095,3070,4095,144,3601,2816
4095,4095,3081,4095,147,3601,2809
4095,4095,3078,4095,159,3601,2832
4095,4095,3071,4095,159,3600,2836
4095,4095,3082,4095,158,3607,2861
4095,4095,3065,4095,165,3569,2863
4095,4095,3085,4095,164,3614,2855
4095,4095,3088,4095,167,3600,2910
4052,4095,3041,4095,149,3581,2942
4095,4095,3120,4095,153,3627,2971
4095,4095,3105,4095,136,3599,2896
4095,4095,3100,4095,133,3610,2909
4095,4095,3106,4095,129,3601,2926
4095,4095,3103,4095,128,3611,2919
4095,4095,3097,4095,129,3604,2917
4095,4095,3099,4095,128,3594,2941
4095,4095,3105,4095,131,3596,2915
4095,4095,3103,4095,129,3600,2889
4095,4095,3094,4095,118,3601,2880
4095,4095,3105,4095,123,3601,2879
4095,4095,3125,4095,127,3610,2901
4095,4095,3115,4095,129,3631,2905
4095,4095,3094,4095,128,3595,2893
4095,4095,3136,4095,134,3629,2929
4095,4095,3127,4095,131,3619,2925
4095,4095,3107,4095,126,3600,2912
4095,4095,3128,4095,137,3614,2941
4094,4095,3130,4095,131,3619,2947
4095,4095,3136,4095,128,3633,2927
4095,4095,3138,4095,132,3631,2913
4095,4095,3097,4095,127,3600,2896
4095,4095,3103,4095,124,3607,2905
4095,4095,3107,4095,119,3597,2912
4095,4095,3105,4095,127,3596,2923
4095,4095,3105,4095,125,3604,2945
4095,4095,3110,4095,118,3600,2928
4095,4095,3091,4095,128,3593,2902
4095,4095,3119,4095,115,3600,2844
4082,4095,3114,4095,115,3600,2857
4095,4095,3119,4095,115,3615,2864
4089,4095,3117,4095,124,3611,2869
4095,4095,3121,4095,106,3600,2920
4095,4095,3125,4095,107,3600,2910
4095,4095,3123,4095,112,3595,2886
4095,4095,3124,4095,107,3596,2894
4095,4095,3127,4095,112,3593,2881
4095,4095,3131,4095,109,3615,2882
4095,4095,3138,4095,107,3617,2897
4095,4095,3133,4095,109,3613,2909
4039,4095,3124,4095,104,3618,2904
4095,4095,3151,4095,105,3615,2927
4095,4095,3131,4095,112,3591,3190
4095,4095,3125,4095,112,3571,3178
4095,4095,3135,4095,102,3600,3189
4095,4095,3137,4095,112,3600,3219
4095,4095,3129,4095,112,3591,3286
4089,4095,3135,4095,111,3597,3385
4095,4095,3126,4095,112,3582,3365
4095,4095,3133,4095,112,3595,3477
4095,4095,3127,4095,118,3598,3490
4095,4095,3139,4095,112,3600,3442
4095,4095,3153,4095,116,3604,3343
4095,4095,3150,4095,118,3618,3370
4095,4095,3147,4095,118,3606,3429
4085,4095,3136,4095,112,3599,3483
4095,4095,3154,4095,117,3614,3435
4095,4095,3143,4095,112,3613,3434
4095,4095,3153,4095,89,3575,3439
4095,4095,3164,4095,115,3629,3472
4095,4095,3136,4095,126,3600,3445
4095,4095,3131,4095,119,3594,3470
4095,4095,3140,4095,102,3597,3472
4095,4095,3139,4095,113,3601,3392
4095,4095,3133,4095,125,3606,3372
4095,4095,3136,4095,112,3583,3371
4095,4095,3143,4095,120,3583,3388
4095,4095,3145,4095,115,3594,3369
4095,4095,3152,4095,118,3605,3348
4095,4095,3156,4095,137,3607,3348
4095,4095,3183,4095,112,3627,3381
4095,4095,3159,4095,112,3589,3334
4095,4095,3120,4095,112,3606,3390
4095,4095,3166,4095,117,3605,3375
4095,4095,3178,4095,119,3609,3344
4095,4095,3167,4095,113,3604,3344
4095,4095,3173,4095,115,3603,3344
4095,4095,3169,4095,112,3600,3365
4095,4095,3170,4095,114,3614,3360
4095,4095,3163,4095,112,3600,3359
4095,4095,3169,4095,112,3605,3373
4095,4095,3165,4095,112,3606,3377
4095,4095,3158,4095,113,3600,3354
4095,4095,3154,4095,92,3614,3372
4095,4095,3154,4095,107,3594,3371
4095,4095,3150,4095,113,3579,3389
4095,4095,3155,4095,109,3599,3397
4095,4095,3153,4095,109,3594,3393
4095,4095,3149,4095,112,3595,3407
4095,4095,3152,4095,112,3591,3417
4095,4095,3165,4095,112,3601,3354
4095,4095,3152,4095,112,3604,3345
4095,4095,3167,4095,114,3608,3339
4095,4095,3165,4095,115,3601,3362
4095,4095,3149,4095,113,3605,3361
4095,4095,3153,4095,115,3606,3398
4095,4095,3136,4095,110,3597,3391
4095,4095,3163,4095,112,3618,3422
4095,4095,3133,4095,112,3590,3408
4095,4095,3147,4095,112,3600,3393
4095,4095,3125,4095,106,3597,3350
4095,4095,3143,4095,111,3599,3349
4095,4095,3138,4095,112,3595,3313
4095,4095,3137,4095,112,3597,3310
4095,4095,3143,4095,112,3589,3317
4095,4095,3132,4095,112,3593,3305
4095,4095,3135,4095,112,3600,3312
4095,4095,3144,4095,112,3600,3323
4095,4095,3149,4095,114,3607,3315
4095,4095,3148,4095,119,3599,3317
4095,4095,3140,4095,112,3598,3298
4095,4095,3165,4095,119,3611,3347
4095,4095,3126,4095,112,3603,3342
4095,4095,3143,4095,112,3573,3319
4095,4095,3136,4095,111,3600,3308
4095,4095,3144,4095,113,3600,3341
4095,4095,3126,4095,111,3594,3350
4095,4095,3143,4095,112,3583,3342
4095,4095,3136,4095,112,3594,3351
4095,4095,3120,4095,112,3583,3349
4095,4095,3133,4095,112,3597,3344
4095,4095,3139,4095,115,3605,3358
4095,4095,3146,4095,115,3603,3333
4095,4095,3152,4095,97,3607,3359
4095,4095,3136,4095,112,3595,3323
4095,4095,3127,4095,112,3616,3356
4095,4095,3130,4095,113,3603,3408
4095,4095,3136,4095,97,3614,3415
4095,4095,3136,4095,112,3601,3426
4059,4095,3131,4095,111,3579,3401
4095,4095,3131,4095,114,3598,3371
4081,4095,3127,4095,112,3610,3379
4095,4095,3136,4095,113,3596,3406
4095,4095,3136,4095,119,3598,3381
4094,4095,3127,4095,112,3589,3344
4095,4095,3143,4095,117,3606,3397
4095,4095,3142,4095,120,3601,3386
4095,4095,3134,4095,117,3602,3406
4095,4095,3123,4095,116,3591,3389
4095,4095,3135,4095,112,3605,3410
4095,4095,3152,4095,115,3607,3472
4095,4095,3184,4095,128,3603,3417
4095,4095,3129,4095,113,3581,3402
4089,4095,3126,4095,115,3589,3393
4095,4095,3135,4095,110,3577,3390
4095,4095,3125,4095,112,3607,3376
4083,4095,3141,4095,113,3596,3457
4095,4095,3129,4095,115,3583,3434
4095,4095,3136,4095,112,3599,3414
4095,4095,3134,4095,144,3626,3404
4095,4095,3140,4095,123,3599,3445
4095,4095,3101,4095,107,3578,3420
4095,4095,3155,4095,122,3616,3443
4085,4095,3122,4095,112,3595,3418
4095,4095,3125,4095,115,3583,3419
4095,4095,3129,4095,117,3594,3397
4095,4095,3121,4095,118,3579,3441
4094,4095,3134,4095,112,3607,3383
4095,4095,3126,4095,121,3600,3440
4095,4095,3103,4095,119,3595,3444
4095,4095,3117,4095,118,3590,3441
4095,4095,3122,4095,117,3577,3443
4095,4095,3127,4095,126,3603,3431
4095,4095,3113,4095,118,3583,3395
4095,4095,3135,4095,125,3600,3397
4095,4095,3109,4095,125,3589,3375
4095,4095,3136,4095,115,3629,3471
4095,4095,3116,4095,125,3619,3456
4095,4095,3101,4095,128,3593,3458
4095,4095,3129,4095,120,3600,3455
4095,4095,3114,4095,128,3583,3443
4095,4095,3110,4095,119,3601,3473
4095,4095,3102,4095,127,3594,3461
4095,4095,3132,4095,130,3601,3471
4095,4095,3116,4095,122,3595,3454
4095,4095,3122,4095,127,3600,3417
4095,4095,3120,4095,128,3601,3425
4095,4095,3117,4095,123,3600,3447
4095,4095,3120,4095,124,3600,3463
4095,4095,3105,4095,126,3592,3399
4095,4095,3134,4095,123,3617,3422
4095,4095,3107,4095,120,3595,3421
4095,4095,3120,4095,112,3577,3392
4095,4095,3122,4095,112,3573,3383
4095,4095,3117,4095,111,3594,3386
4095,4095,3103,4095,113,3611,3430
4095,4095,3118,4095,115,3572,3402
4095,4095,3117,4095,112,3591,3411
4095,4095,3119,4095,117,3582,3399
4095,4095,3112,4095,111,3591,3408
4095,4095,3127,4095,118,3600,3394
4095,4095,3122,4095,119,3602,3376
4095,4095,3130,4095,116,3601,3382
4095,4095,3133,4095,118,3600,3443
4095,4095,3120,4095,115,3571,3440
4095,4095,3144,4095,132,3605,3443
4095,4095,3087,4095,103,3559,3424
4095,4095,3120,4095,121,3600,3440
4095,4095,3127,4095,118,3583,3429
4095,4095,3120,4095,115,3591,3429
4095,4095,3119,4095,114,3591,3434
4087,4095,3124,4095,117,3598,3424
4095,4095,3120,4095,120,3582,3423
4095,4095,3123,4095,120,3582,3437
4095,4095,3125,4095,122,3598,3440
4095,4095,3125,4095,119,3603,3430
4095,4095,3129,4095,117,3600,3442
4095,4095,3126,4095,116,3595,3436
4095,4095,3089,4095,103,3603,3378
4095,4095,3138,4095,123,3608,3401
4095,4095,3118,4095,112,3583,3406
4095,4095,3117,4095,113,3602,3438
4087,4095,3111,4095,114,3583,3417
4095,4095,3121,4095,118,3597,3397
4095,4095,3119,4095,113,3596,3413
4095,4095,3100,4095,113,3595,3395
4095,4095,3120,4095,112,3597,3396
4095,4095,3110,4095,112,3613,3397
4086,4095,3114,4095,115,3591,3376
4095,4095,3121,4095,117,3600,3390
4095,4095,3127,4095,116,3600,3393
4095,4095,3125,4095,117,3601,3392
4095,4095,3127,4095,113,3612,3371
4094,4095,3109,4095,114,3597,3393
4095,4095,3087,4095,113,3618,3403
4095,4095,3150,4095,112,3600,3380
4095,4095,3111,4095,113,3591,3376
4095,4095,3160,4095,117,3590,3390
4095,4095,3116,4095,112,3582,3395
4095,4095,3110,4095,115,3581,3418
4095,4095,3102,4095,112,3583,3408
4095,4095,3103,4095,118,3579,3439
4093,4095,3116,4095,114,3598,3441
4095,4095,3103,4095,115,3577,3427
4095,4095,3110,4095,112,3593,3440
4095,4095,3118,4095,120,3568,3409
4095,4095,3104,4095,115,3575,3447
4095,4095,3107,4095,114,3578,3426
4089,4095,3110,4095,114,3583,3397
4095,4095,3098,4095,116,3600,3396
4095,4095,3120,4095,121,3603,3408
4095,4095,3120,4095,119,3601,3417
4095,4095,3120,4095,119,3605,3405
4095,4095,3118,4095,122,3600,3408
4095,4095,3129,4095,112,3603,3394
4095,4095,3136,4095,126,3617,3411
4095,4095,3110,4095,117,3600,3414
4095,4095,3123,4095,99,3539,3447
4095,4095,3101,4095,113,3598,3440
4095,4095,3116,4095,118,3581,3410
4095,4095,3104,4095,121,3598,3424
4095,4095,3103,4095,117,3583,3412
4095,4095,3107,4095,115,3571,3396
4095,4095,3106,4095,118,3583,3393
4095,4095,3120,4095,117,3578,3376
4095,4095,3120,4095,119,3600,3381
4095,4095,3120,4095,119,3599,3385
4095,4095,3120,4095,119,3600,3395
4095,4095,3101,4095,118,3583,3376
4095,4095,3136,4095,132,3616,3426
4095,4095,3095,4095,113,3583,3478
4095,4095,3121,4095,113,3610,3506
4095,4095,3099,4095,121,3582,3475
4095,4095,3099,4095,116,3577,3487
4095,4095,3099,4095,116,3573,3488
4095,4095,3095,4095,117,3582,3504
4095,4095,3088,4095,113,3579,3541
4095,4095,3089,4095,121,3581,3529
4095,4095,3105,4095,122,3581,3591
4095,4095,3088,4095,117,3570,3562
4095,4095,3117,4095,125,3597,3501
4095,4095,3108,4095,136,3593,3488
4095,4095,3109,4095,123,3599,3523
4063,4095,3093,4095,126,3574,3472
4095,4095,3118,4095,124,3590,3463
4095,4095,3097,4095,126,3577,3447
4095,4095,3099,4095,127,3579,3459
4095,4095,3099,4095,122,3569,3449
4095,4095,3090,4095,122,3577,3457
4089,4095,3114,4095,120,3580,3469
4095,4095,3098,4095,117,3581,3441
4095,4095,3095,4095,125,3575,3463
4095,4095,3119,4095,127,3588,3456
4095,4095,3092,4095,123,3590,3530
4095,4095,3108,4095,129,3593,3523
4095,4095,3103,4095,127,3595,3440
4095,4095,3103,4095,128,3568,3472
4095,4095,3098,4095,129,3575,3489
4095,4095,3130,4095,132,3594,3477
4095,4095,3089,4095,128,3600,3488
4095,4095,3091,4095,131,3581,3463
4095,4095,3105,4095,128,3581,3466
4095,4095,3087,4095,128,3577,3420
4095,4095,3097,4095,122,3578,3433
4095,4095,3102,4095,126,3581,3427
4095,4095,3090,4095,130,3579,3407
4095,4095,3106,4095,129,3580,3434
4095,4095,3094,4095,128,3582,3427
4095,4095,3114,4095,131,3593,3442
4095,4095,3111,4095,131,3567,3444
4095,4095,3122,4095,128,3591,3450
4095,4095,3095,4095,126,3583,3421
4095,4095,3091,4095,126,3568,3454
4095,4095,3101,4095,131,3568,3497
4095,4095,3085,4095,123,3576,3474
4095,4095,3098,4095,121,3574,3465
4095,4095,3090,4095,127,3578,3509
4095,4095,3091,4095,128,3600,3458
4095,4095,3088,4095,130,3581,3462
4095,4095,3095,4095,129,3573,3440
4095,4095,3091,4095,131,3570,3463
4095,4095,3097,4095,131,3582,3455
4095,4095,3102,4095,134,3605,3482
4095,4095,3102,4095,134,3598,3456
4095,4095,3107,4095,134,3605,3504
4095,4095,3117,4095,127,3574,3496
4095,4095,3127,4095,128,3599,3510
4095,4095,3114,4095,139,3606,3501
4095,4095,3087,4095,133,3577,3495
4095,4095,3092,4095,131,3566,3491
4095,4095,3085,4095,136,3578,3487
4095,4095,3095,4095,131,3570,3511
4095,4095,3093,4095,131,3583,3504
4095,4095,3087,4095,125,3582,3487
4095,4095,3093,4095,133,3574,3480
4095,4095,3097,4095,132,3569,3485
4095,4095,3119,4095,131,3600,3475
4095,4095,3103,4095,136,3597,3472
4095,4095,3106,4095,132,3602,3462
4095,4095,3108,4095,146,3559,3496
4095,4095,3094,4095,134,3583,3446
4095,4095,3088,4095,133,3574,3440
4095,4095,3091,4095,135,3583,3448
4095,4095,3086,4095,136,3580,3436
4095,4095,3098,4095,134,3577,3457
4095,4095,3094,4095,134,3597,3447
4095,4095,3091,4095,138,3581,3441
4095,4095,3089,4095,131,3574,3463
4095,4095,3098,4095,132,3569,3442
4095,4095,3103,4095,135,3598,3482
4095,4095,3105,4095,137,3601,3453
4095,4095,3114,4095,137,3591,3456
4095,4095,3100,4095,142,3600,3440
4095,4095,3102,4095,137,3589,3449
4095,4095,3129,4095,139,3600,3440
4095,4095,3098,4095,133,3582,3407
4095,4095,3092,4095,128,3571,3407
4095,4095,3095,4095,129,3579,3404
4095,4095,3101,4095,123,3571,3395
4095,4095,3108,4095,137,3581,3395
4095,4095,3105,4095,130,3583,3391
4094,4095,3107,4095,119,3593,3399
4095,4095,3102,4095,128,3575,3417
4095,4095,3107,4095,128,3574,3408
4095,4095,3105,4095,130,3589,3418
4095,4095,3107,4095,132,3598,3440
4095,4095,3116,4095,132,3598,3438
4095,4095,3063,4095,112,3571,3433
4095,4095,3120,4095,125,3595,3439
4095,4095,3131,4095,127,3614,3437
4095,4095,3100,4095,129,3575,3430
4095,4095,3103,4095,126,3575,3426
4095,4095,3108,4095,126,3583,3422
4095,4095,3093,4095,126,3578,3415
4095,4095,3108,4095,129,3593,3425
4095,4095,3101,4095,129,3574,3409
4095,4095,3107,4095,123,3581,3414
4095,4095,3094,4095,128,3582,3398
4095,4095,3114,4095,131,3598,3406
4095,4095,3111,4095,128,3600,3396
4095,4095,3113,4095,129,3598,3407
4051,4095,3098,4095,150,3589,3355
4095,4095,3114,4095,128,3582,3392
4095,4095,3098,4095,128,3579,3385
4095,4095,3094,4095,129,3594,3389
4095,4095,3094,4095,125,3580,3395
4095,4095,3095,4095,127,3591,3398
4095,4095,3095,4095,120,3576,3390
4095,4095,3100,4095,128,3573,3376
4095,4095,3099,4095,125,3583,3393
4095,4095,3099,4095,130,3568,3375
4095,4095,3117,4095,133,3599,3387
4095,4095,3103,4095,135,3597,3408
4095,4095,3108,4095,132,3596,3394
4095,4095,3102,4095,134,3581,3398
4095,4095,3093,4095,131,3574,3411
4095,4095,3122,4095,123,3600,3407
4095,4095,3095,4095,139,3577,3379
4095,4095,3095,4095,130,3574,3382
4094,4095,3094,4095,128,3602,3376
4095,4095,3088,4095,127,3577,3385
4095,4095,3090,4095,129,3582,3376
4095,4095,3094,4095,128,3579,3376
4095,4095,3087,4095,128,3583,3376
