4091,832,3213,4095,1643,3296,3426
4095,897,3222,4095,1690,3300,3598
4095,912,3207,4095,1681,3293,3643
4095,917,3206,4095,1663,3299,3609
4095,922,3197,4095,1624,3280,3607
4095,899,3202,4095,1605,3294,3571
4095,890,3199,4095,1598,3289,3664
4095,838,3200,4095,1651,3290,3686
4095,627,3186,4095,1684,3281,3621
4095,633,3204,4095,1735,3287,3589
4095,586,3203,4095,1729,3281,3525
4095,506,3209,4095,1712,3287,3546
4095,455,3215,4095,1645,3280,3393
4095,572,3248,4037,1591,3303,3325
4095,624,3344,4095,1230,3343,3268
4095,773,3342,3674,729,3387,3362
4095,788,3392,3178,611,3435,3344
4095,577,3399,2910,336,3435,3130
4095,511,3376,2896,286,3449,3184
4095,429,3371,2880,277,3449,3229
4095,375,3365,2831,272,3427,3246
4095,369,3371,2775,277,3440,3235
3920,367,3365,2960,280,3438,3309
3823,480,3328,3670,269,3411,3408
3840,577,3303,4095,235,3374,3631
3941,784,3317,4095,275,3354,3840
3904,784,3246,4095,375,3329,3891
3618,1124,3193,4095,672,3312,4095
3149,937,3120,4095,735,3277,4095
3039,1042,3111,4095,370,3278,4095
3434,1701,3232,4095,249,3296,3969
3209,1177,3329,2993,211,3321,3709
3252,877,3355,2609,272,3342,3571
3525,760,3379,2379,248,3374,3307
3931,827,3394,2351,235,3402,3251
4095,863,3421,2485,207,3414,3247
4095,903,3403,2655,168,3417,3088
4095,907,3375,2686,159,3421,3020
4090,987,3389,2739,151,3439,2992
4095,1200,3403,2641,124,3467,2853
4071,1170,3389,2509,126,3483,2819
4045,1185,3391,2406,128,3503,2803
4021,1200,3391,2339,111,3513,2805
4026,1188,3385,2352,103,3514,2822
4095,1174,3382,2371,89,3520,2776
4095,1155,3375,2352,86,3504,2799
4095,1157,3377,2382,90,3516,2804
4095,1170,3376,2311,103,3511,2813
4095,1169,3376,2288,107,3513,2827
4095,1176,3353,2289,109,3504,2832
4095,1168,3354,2331,111,3504,2800
4095,1171,3374,2414,103,3518,2799
4095,1173,3355,2348,97,3523,2800
4095,1171,3341,2378,80,3525,2800
4095,1186,3345,2382,80,3536,2803
4095,1274,3337,2384,75,3537,2775
4095,1574,3341,2363,47,3549,2804
4095,2633,3330,2347,29,3540,2747
4095,3478,3340,2304,35,3563,2690
4095,4095,3335,2202,35,3565,2623
4095,4095,3333,2214,39,3565,2590
4095,4095,3322,2227,41,3554,2544
4095,4095,3325,2365,47,3551,2539
4095,4095,3333,2385,71,3552,2548
4095,4095,3325,2325,112,3549,2539
4095,4095,3321,2305,99,3544,2543
4095,4095,3305,2308,123,3533,2541
4095,4095,3311,2315,125,3542,2538
4095,4095,3303,2333,123,3541,2541
4095,4095,3290,2337,124,3533,2539
4095,4095,3295,2352,123,3527,2535
4095,4095,3300,2358,142,3538,2547
4095,4095,3299,2445,179,3537,2587
4095,4095,3293,2430,192,3521,2618
4095,4095,3288,2411,176,3523,2608
4095,4095,3295,2452,185,3532,2602
4095,4095,3290,2473,176,3533,2579
4095,4095,3275,2440,156,3526,2553
4095,4095,3271,2432,142,3520,2598
4095,4095,3285,2432,170,3533,2611
4095,4095,3278,2385,139,3517,2662
4095,4095,3283,2369,136,3531,2642
4095,2639,3281,2369,137,3526,2640
4095,1520,3278,2411,143,3522,2621
4095,1388,3275,2447,174,3527,2675
4095,1344,3269,2471,167,3513,2718
4095,1287,3271,2410,190,3509,2735
4095,1298,3275,2348,182,3511,2695
4095,1265,3270,2310,169,3520,2677
4095,1253,3278,2323,173,3523,2664
4095,1213,3264,2319,163,3507,2645
4095,1212,3274,2352,164,3523,2647
4095,1217,3271,2359,163,3523,2643
4095,1232,3275,2336,166,3522,2649
4095,1419,3259,2333,175,3519,2640
4095,1918,3270,2343,183,3526,2651
4095,2974,3270,2347,193,3520,2626
4095,3157,3265,2355,201,3525,2624
4095,1543,3251,2407,221,3521,2624
4095,1342,3250,2393,227,3505,2629
4095,1275,3263,2409,226,3521,2649
4095,1249,3266,2416,221,3527,2653
4095,1228,3249,2419,219,3515,2640
4095,1215,3267,2461,215,3533,2655
4095,1207,3263,2422,214,3518,2645
4095,1190,3264,2407,208,3517,2640
4095,1184,3231,2399,191,3548,2648
4095,1159,3257,2443,208,3516,2644
4095,1163,3262,2499,205,3519,2688
4095,1165,3262,2513,206,3513,2693
4095,1163,3249,2481,201,3504,2679
4095,1161,3251,2480,206,3506,2672
4095,1163,3264,2489,203,3515,2704
4095,1155,3263,2480,199,3513,2720
4095,1152,3247,2460,193,3500,2704
4095,1147,3248,2447,195,3504,2686
4095,1154,3263,2462,191,3517,2689
4095,1154,3259,2465,187,3509,2686
4095,1146,3248,2445,191,3509,2668
4095,1145,3248,2430,192,3504,2676
4095,1142,3248,2470,195,3504,2684
4095,1148,3261,2512,201,3519,2724
4087,1139,3245,2503,207,3505,2676
4095,1139,3249,2480,199,3504,2683
4095,1152,3264,2466,208,3514,2695
4095,1155,3260,2469,240,3513,2688
4095,1170,3249,2416,288,3504,2661
4095,1179,3253,2391,306,3505,2672
4095,1178,3249,2407,315,3504,2672
4095,1181,3271,2431,336,3517,2691
4095,1167,3270,2462,334,3509,2736
4095,1159,3259,2419,320,3505,2702
4095,1175,3271,2430,308,3513,2705
4095,1183,3269,2439,295,3511,2703
4095,1187,3269,2423,291,3510,2704
4095,1205,3261,2403,279,3504,2689
4095,1193,3256,2406,282,3513,2687
4095,1173,3269,2425,285,3515,2688
4095,1178,3269,2415,278,3513,2695
4095,1161,3251,2377,259,3504,2694
4095,1154,3260,2397,243,3502,2693
4095,1153,3266,2351,257,3504,2688
4095,1163,3279,2368,260,3509,2686
4095,1154,3264,2326,265,3515,2670
4095,1156,3265,2336,255,3500,2667
4095,1155,3275,2350,256,3506,2688
4095,1138,3275,2333,251,3505,2691
4095,1123,3258,2327,243,3494,2694
4095,1111,3255,2333,245,3489,2682
4095,1156,3273,2347,246,3511,2685
4095,1164,3275,2352,243,3507,2689
4095,1201,3267,2430,230,3507,2689
4095,1216,3283,2434,203,3495,2686
4095,1212,3299,2406,200,3507,2702
4095,1200,3296,2403,186,3506,2677
4095,1210,3296,2373,175,3463,2688
4095,1178,3285,2369,176,3499,2659
4095,1181,3312,2445,177,3509,2681
4095,1040,3339,2544,164,3507,2673
4095,1043,3328,2551,166,3497,2672
4095,976,3312,2524,175,3493,2659
4095,948,3328,2526,163,3510,2689
4095,945,3323,2534,163,3506,2688
4095,935,3303,2523,158,3498,2687
4095,924,3295,2526,155,3506,2683
4095,1043,3312,2533,156,3507,2683
4095,1007,3311,2495,162,3507,2673
4095,911,3282,2462,180,3536,2692
4095,919,3295,2416,165,3495,2691
4095,912,3311,2411,163,3505,2704
4095,903,3310,2382,162,3504,2701
4095,878,3274,2374,155,3493,2674
4095,894,3290,2397,155,3488,2672
4095,894,3302,2420,158,3505,2704
4095,899,3297,2439,155,3508,2717
4095,944,3286,2491,158,3504,2720
4095,899,3279,2517,155,3498,2733
4095,897,3283,2512,158,3507,2738
4095,883,3280,2459,169,3506,2717
4095,869,3280,2449,219,3504,2709
4095,859,3265,2471,266,3493,2691
4095,855,3267,2479,249,3495,2693
4095,859,3277,2463,254,3507,2705
4095,863,3276,2477,232,3504,2704
4095,861,3268,2493,224,3495,2692
4089,863,3254,2497,213,3499,2701
4095,870,3265,2518,211,3505,2721
4095,870,3265,2512,211,3504,2723
4095,851,3250,2496,210,3490,2694
4095,859,3258,2481,248,3492,2689
4095,866,3264,2478,257,3505,2704
4095,868,3264,2480,262,3504,2702
4095,986,3248,2497,256,3494,2689
4095,1096,3257,2516,259,3499,2694
4095,1093,3260,2546,256,3504,2729
4095,1053,3260,2582,251,3504,2736
4095,1021,3249,2506,239,3494,2771
4095,1061,3242,2530,226,3494,2785
4095,1134,3257,2603,243,3504,2785
4095,1136,3249,2626,247,3504,2800
4095,1131,3237,2577,237,3504,2788
4095,1133,3245,2530,230,3492,2805
4095,1137,3254,2501,237,3504,2830
4095,1138,3250,2492,230,3502,2811
4095,1126,3239,2496,226,3496,2784
4095,1107,3237,2520,215,3483,2802
4095,1109,3251,2526,211,3504,2831
4095,1103,3248,2521,208,3502,2835
4095,1059,3242,2549,194,3489,2878
4095,1073,3244,2581,187,3489,2912
4095,1088,3242,2526,187,3488,2878
4095,1099,3248,2557,197,3503,2858
4095,1102,3239,2635,193,3485,2835
4095,1146,3239,2730,208,3488,2869
4095,1147,3248,2743,219,3504,2851
4095,1154,3248,2749,213,3501,2845
4095,1152,3247,2694,213,3502,2832
4095,1147,3234,2701,207,3493,2807
4095,1151,3248,2699,200,3497,2841
4095,1133,3248,2675,199,3495,2877
4095,1142,3241,2638,200,3498,2869
4095,1137,3232,2595,207,3488,2911
4095,1139,3245,2618,218,3496,2930
4095,1113,3244,2609,215,3494,2985
4095,1104,3242,2577,211,3495,2979
4095,1091,3232,2534,208,3482,2957
4078,1096,3259,2545,210,3532,2979
4095,1120,3248,2518,207,3495,2975
4095,1138,3247,2492,197,3497,2930
4095,1123,3235,2474,179,3487,2896
4095,1115,3229,2459,187,3490,2894
4095,1131,3245,2485,177,3495,2959
4095,1114,3244,2470,179,3495,2960
4095,1106,3229,2470,178,3481,2933
4095,1104,3235,2472,182,3482,2928
4095,1115,3246,2480,179,3495,2946
4095,1159,3242,2487,176,3493,2953
4095,1169,3237,2467,168,3506,2977
4095,1177,3235,2495,191,3488,2976
4095,1167,3246,2523,193,3493,2983
4095,1148,3242,2493,192,3495,2973
4095,1104,3231,2480,192,3490,2968
4095,1104,3231,2469,186,3479,2945
4095,1136,3232,2479,183,3488,2950
4095,1136,3240,2482,189,3495,2954
4095,1098,3234,2463,189,3483,2931
4095,1093,3227,2451,187,3485,2946
4095,1099,3238,2469,196,3495,2957
4095,1088,3237,2491,199,3494,2988
4095,1082,3226,2491,208,3478,2960
4095,1101,3221,2526,224,3477,2950
4095,1098,3222,2509,227,3479,2960
4095,1104,3233,2512,239,3492,2967
4095,1099,3216,2510,240,3483,2957
4095,1081,3222,2509,240,3488,3002
4095,1081,3221,2527,228,3481,2992
4095,1087,3233,2604,234,3488,3041
4043,1089,3215,2648,245,3479,3053
4095,1087,3222,2736,256,3475,3010
4095,1088,3231,2667,259,3488,3024
4095,1088,3229,2685,259,3487,2975
4095,1087,3230,2629,262,3484,2972
4095,1079,3215,2608,264,3485,2960
4095,1087,3225,2650,272,3478,2975
4095,1089,3223,2896,272,3484,3021
4095,1089,3219,2911,285,3486,3018
4095,1088,3214,2853,287,3477,3000
4095,1083,3207,2736,273,3473,2981
4095,1089,3221,2690,275,3483,2974
4095,1085,3217,2618,272,3482,2968
4095,1072,3210,2566,256,3472,2959
4095,1075,3210,2607,230,3467,2945
4095,1083,3217,2625,242,3477,2972
4095,1078,3217,2681,241,3477,2969
4095,1072,3210,2650,235,3473,2960
4095,1072,3211,2628,235,3469,2958
4095,1075,3217,2667,261,3475,2955
4095,1073,3216,2625,293,3478,2963
4095,1070,3210,2622,304,3469,2949
4095,1067,3210,2599,287,3472,2921
4095,1073,3221,2587,287,3477,2914
4095,1072,3222,2640,282,3475,2915
4095,1072,3210,2634,259,3465,2910
4095,1068,3201,2577,253,3461,2897
4095,1072,3216,2569,251,3472,2933
4095,1059,3217,2542,245,3475,2971
4095,1054,3213,2531,250,3470,2986
4095,1050,3205,2510,247,3469,2970
4095,1059,3217,2513,256,3474,2963
4095,1059,3216,2482,259,3472,2960
4095,1053,3201,2471,252,3469,2929
4095,1047,3200,2470,251,3463,2928
4095,961,3219,2496,259,3475,2954
4095,907,3221,2519,256,3476,2963
4095,897,3207,2461,243,3466,2935
4095,853,3217,2463,240,3465,2933
4095,827,3219,2448,246,3465,2928
4095,990,3230,2408,247,3478,2973
4095,1172,3216,2364,251,3467,2903
4095,1442,3223,2374,248,3470,2887
4095,4095,3226,2354,243,3473,2863
4095,4095,3239,2339,238,3478,2821
4095,3267,3242,2317,208,3485,2800
4095,2010,3219,2299,176,3472,2800
4095,1845,3232,2291,172,3485,2800
4095,1409,3231,2259,160,3487,2784
4095,1407,3235,2267,156,3486,2811
4095,1712,3217,2258,155,3474,2800
4095,2771,3221,2460,155,3489,2813
4095,2818,3217,2582,154,3485,2816
4095,4090,3239,2624,157,3498,2807
4095,3861,3214,2541,147,3475,2790
4095,3235,3216,2502,147,3475,2778
4095,2577,3231,2485,159,3486,2823
4095,2475,3227,2498,158,3484,2833
4095,2283,3215,2467,158,3472,2819
4095,2227,3221,2478,160,3483,2846
4095,2294,3223,2462,157,3481,2827
4095,2855,3221,2467,158,3478,2819
4095,2071,3214,2434,167,3476,2802
4095,2039,3211,2476,173,3471,2789
4095,1991,3229,2477,170,3478,2789
4095,2019,3234,2469,173,3479,2795
4095,1706,3232,2485,159,3474,2769
3983,1808,3238,2527,163,3472,2781
3986,1778,3255,2622,176,3483,2804
4095,1706,3261,2695,194,3479,2757
4065,1655,3261,2768,185,3472,2736
3952,1532,3262,2685,194,3472,2741
4095,1475,3279,2707,183,3487,2736
4095,1184,3279,2672,178,3487,2720
4095,945,3295,2635,176,3474,2722
4095,864,3270,2611,178,3483,2691
4095,941,3280,2532,197,3494,2683
4095,973,3263,2511,186,3498,2677
4094,951,3247,2475,159,3500,2669
4095,1023,3242,2475,178,3485,2690
4095,1196,3247,2634,160,3495,2727
4095,1437,3247,2789,123,3505,2749
4095,4095,3257,2767,93,3499,2740
4095,4095,3251,2676,88,3508,2688
4050,4095,3250,2657,79,3518,2645
4092,4095,3250,2591,74,3518,2640
4095,1418,3248,2555,77,3515,2638
4033,1220,3235,2414,83,3503,2622
4079,1094,3248,2386,86,3514,2623
4095,1198,3247,2384,91,3520,2641
4095,1575,3248,2432,83,3525,2673
4086,1546,3231,2447,85,3509,2622
4090,1521,3247,2453,83,3520,2612
4095,1327,3247,2433,85,3520,2623
4090,1296,3246,2418,96,3522,2615
4095,1066,3231,2379,123,3506,2577
4095,1042,3246,2352,141,3517,2583
4095,1022,3253,2352,141,3520,2590
4095,996,3259,2353,144,3523,2602
4095,976,3243,2305,158,3505,2590
4095,938,3252,2302,193,3522,2634
4095,781,3248,2291,187,3514,2622
4087,731,3248,2256,187,3506,2650
4048,714,3245,2224,208,3546,2647
3957,694,3249,2273,226,3502,2645
3829,706,3262,2210,240,3507,2660
3852,670,3264,2143,258,3506,2647
3868,640,3257,2139,259,3493,2612
3856,605,3263,2123,269,3499,2631
3831,587,3255,2099,288,3498,2640
3875,579,3274,2054,336,3508,2673
3835,563,3264,1970,379,3495,2666
3993,563,3259,1950,371,3489,2665
3977,561,3265,1935,365,3487,2678
4095,560,3267,1907,333,3499,2671
4095,560,3280,1926,318,3505,2693
4083,551,3279,1940,315,3505,2679
4062,540,3277,1881,319,3504,2671
4006,546,3274,1887,319,3507,2670
3959,568,3265,1911,314,3498,2653
3929,550,3257,1890,334,3494,2659
3962,555,3265,1895,336,3504,2669
4085,532,3267,1905,335,3505,2675
4047,503,3258,1904,336,3504,2680
4071,528,3255,1907,369,3495,2659
4045,527,3260,1926,363,3490,2669
3920,548,3256,1909,367,3491,2689
3821,557,3253,1950,377,3487,2699
4013,560,3269,1925,362,3506,2701
3906,550,3266,1934,352,3503,2682
3930,543,3265,1966,356,3504,2683
3907,545,3265,1969,353,3515,2698
4015,551,3251,1967,349,3495,2682
4080,549,3264,1968,357,3502,2695
4095,565,3265,1997,363,3504,2689
4095,561,3264,2030,375,3504,2709
4031,622,3249,2081,370,3490,2723
3984,624,3254,2087,367,3489,2702
4008,647,3263,2113,359,3499,2710
4062,643,3263,2109,367,3502,2723
4091,637,3251,2081,362,3489,2722
3985,631,3264,2094,366,3504,2743
3952,630,3264,2150,371,3498,2771
4095,640,3261,2173,394,3500,2757
4095,637,3252,2170,389,3488,2763
4095,650,3263,2211,379,3500,2835
4095,656,3261,2223,385,3496,2842
4095,656,3262,2255,386,3493,2844
4095,649,3251,2249,369,3484,2816
4095,651,3249,2230,368,3479,2803
4095,648,3252,2208,368,3482,2781
4095,643,3248,2185,366,3482,2767
4095,650,3262,2187,365,3500,2745
4095,651,3261,2153,366,3494,2729
3953,646,3261,2160,358,3495,2721
4070,653,3257,2163,363,3496,2717
3918,687,3269,2211,375,3507,2736
3949,709,3245,2182,373,3485,2705
3978,732,3253,2187,403,3493,2715
3915,723,3255,2160,405,3498,2702
3982,701,3259,2201,420,3497,2721
4016,673,3259,2144,416,3503,2773
3837,673,3259,2160,404,3505,2729
3898,670,3259,2147,416,3501,2719
3938,668,3254,2148,411,3501,2695
4095,665,3255,2135,402,3496,2674
4095,662,3254,2128,390,3495,2666
4085,663,3253,2112,386,3495,2660
4095,656,3234,2100,368,3483,2645
4063,647,3248,2096,343,3481,2643
4031,656,3262,2095,336,3494,2645
4063,651,3254,2111,332,3494,2665
4003,655,3254,2099,329,3491,2663
4081,647,3243,2077,324,3484,2651
4006,652,3242,2094,318,3486,2654
4084,656,3238,2096,317,3493,2649
4083,652,3246,2112,319,3481,2645
4080,661,3251,2109,321,3493,2657
4090,661,3251,2106,320,3493,2655
4095,658,3250,2096,316,3493,2652
4016,659,3249,2096,313,3488,2647
4095,646,3247,2097,305,3489,2662
4095,636,3239,2078,304,3475,2666
4095,641,3249,2087,303,3491,2658
3983,648,3248,2087,304,3490,2656
4005,640,3243,2085,300,3485,2640
3942,650,3243,2077,301,3482,2641
4095,649,3246,2059,288,3504,2672
4075,635,3248,2061,304,3482,2657
4039,637,3243,2066,305,3479,2669
4046,642,3253,2073,314,3491,2669
4087,641,3251,2066,311,3494,2667
4095,640,3251,2055,310,3493,2661
4095,647,3264,2054,304,3479,2640
4095,627,3245,2022,305,3473,2651
4095,633,3252,2042,307,3492,2669
4095,630,3251,2043,306,3490,2669
4095,619,3237,2065,307,3477,2647
4095,615,3263,2073,292,3448,2669
4095,624,3247,2080,306,3486,2678
4095,646,3250,2113,304,3494,2705
4095,645,3238,2097,287,3474,2705
4095,656,3235,2112,286,3479,2706
4095,661,3248,2102,287,3491,2704
4095,659,3250,2099,283,3495,2743
4095,661,3264,2122,282,3499,2771
4091,656,3246,2099,286,3477,2732
4095,657,3252,2109,279,3493,2736
4095,655,3248,2100,277,3491,2719
4095,654,3240,2081,268,3483,2711
4095,656,3233,2094,263,3478,2719
4095,663,3249,2097,275,3493,2730
4095,664,3249,2096,278,3489,2715
4089,685,3202,2098,281,3485,2704
4095,671,3245,2075,275,3477,2703
4095,683,3242,2077,281,3475,2698
4095,778,3250,2065,298,3495,2689
4095,774,3254,2037,310,3492,2687
4048,782,3246,2034,307,3486,2681
3730,786,3259,2035,295,3492,2681
4071,786,3262,2003,271,3490,2688
4095,737,3263,2002,273,3493,2736
4095,714,3249,1990,270,3486,2719
4095,737,3252,1978,269,3483,2767
4095,747,3264,2007,272,3495,2761
4095,752,3259,2021,272,3491,2750
4095,752,3249,2003,271,3481,2771
4095,759,3253,2031,277,3492,2803
4095,751,3253,2041,279,3491,2769
4095,707,3253,2047,291,3493,2730
4095,699,3267,2032,272,3479,2742
4095,680,3241,2062,260,3479,2699
4074,672,3251,2017,268,3489,2715
3933,590,3253,1968,275,3492,2704
3774,570,3242,1950,272,3481,2671
3970,576,3239,1968,272,3479,2667
3899,578,3248,1970,273,3489,2671
3871,583,3248,1981,266,3492,2671
3910,575,3242,1969,258,3479,2668
4095,574,3239,1974,257,3473,2675
4095,581,3250,1979,265,3487,2685
4095,577,3248,1958,262,3489,2672
4095,569,3244,1930,257,3488,2655
4095,1710,3043,1601,158,3670,1856
4095,1683,3030,1603,168,3665,1815
4095,1690,3054,1583,202,3679,1776
4095,1703,3051,1534,218,3668,1711
4095,1700,3056,1424,227,3676,1607
4094,1686,3059,1400,250,3664,1556
4095,1684,3105,1328,240,3689,1491
4095,1566,3045,1264,222,3665,1487
4095,1246,3056,1238,219,3683,1469
4095,1242,3053,1247,233,3681,1470
4095,1296,3078,1232,225,3691,1485
4095,1363,3037,1220,222,3667,1467
4095,1376,3051,1207,221,3687,1466
4095,1323,3050,1221,211,3670,1462
4095,1329,3045,1219,203,3667,1467
4095,1417,3037,1201,205,3677,1485
4087,1411,3037,1207,208,3665,1472
4095,1401,3039,1216,208,3664,1504
4095,1485,3038,1237,197,3669,1488
4095,1319,3041,1243,208,3696,1487
4095,1306,3043,1264,213,3679,1471
4095,1275,3047,1291,225,3685,1469
4095,1266,3034,1277,224,3669,1459
4095,1254,3040,1264,221,3677,1456
4095,1250,3047,1251,231,3665,1456
4095,1267,3050,1249,227,3685,1457
4095,1263,3031,1247,227,3665,1467
4095,1375,3043,1249,223,3677,1489
4095,1399,3044,1245,226,3678,1474
4095,1455,3025,1245,218,3673,1469
4095,1488,3035,1235,208,3681,1487
4095,1488,3037,1242,208,3670,1507
4095,1535,3031,1262,196,3670,1511
4095,1552,3039,1286,193,3667,1521
4095,1575,3031,1287,191,3680,1548
4095,1651,3024,1318,176,3663,1553
4095,1661,3037,1328,174,3680,1615
4095,1655,3044,1327,176,3678,1637
4095,1678,3027,1328,184,3634,1633
4095,1658,3038,1334,161,3664,1637
4095,1664,3046,1344,172,3677,1637
4095,1666,3047,1360,176,3664,1645
4095,1651,3027,1354,176,3663,1627
4095,1659,3040,1362,173,3664,1635
4095,1664,3040,1419,178,3669,1619
4095,1677,3042,1451,187,3671,1647
4095,1651,3031,1433,181,3680,1615
4095,1649,3036,1435,183,3664,1610
4095,1648,3038,1432,191,3665,1617
4095,1651,3034,1429,204,3661,1598
4095,1651,3037,1408,195,3669,1600
4095,1648,3025,1413,199,3671,1597
4095,1631,3025,1405,191,3668,1605
4095,1648,3029,1395,193,3664,1602
4095,1659,3047,1408,196,3678,1616
4095,1665,3045,1406,193,3674,1615
4095,1661,3038,1407,199,3681,1621
4095,1662,3044,1393,192,3674,1617
4095,1658,3040,1394,201,3686,1631
4095,1634,3026,1374,208,3663,1615
4095,1649,3037,1367,193,3658,1610
4095,1649,3027,1362,192,3663,1616
4095,1662,3047,1379,194,3677,1631
4095,1650,3035,1375,193,3670,1613
4095,1657,3030,1382,192,3675,1629
4095,1665,3049,1404,205,3684,1646
4095,1659,3042,1404,197,3674,1635
4095,1654,3031,1393,196,3677,1631
4095,1639,3036,1394,190,3667,1619
4095,1683,3027,1408,193,3665,1622
4095,1654,3037,1413,188,3659,1635
4095,1664,3042,1438,203,3677,1616
4095,1665,3050,1435,208,3669,1616
4095,1664,3045,1437,203,3680,1647
4095,1647,3042,1423,203,3679,1643
4095,1651,3028,1429,194,3662,1647
4095,1648,3034,1437,187,3662,1655
4095,1665,3040,1455,197,3677,1670
4095,1659,3044,1453,196,3658,1664
4095,1648,3031,1474,194,3664,1648
4095,1653,3034,1482,195,3671,1667
4095,1490,3044,1488,197,3680,1665
4095,1463,3046,1488,203,3673,1665
4095,1391,3018,1530,196,3655,1667
4095,1466,3030,1518,195,3664,1633
4095,1478,3042,1503,201,3684,1632
4095,1501,3038,1493,195,3676,1648
4095,1502,3033,1484,201,3664,1633
4095,1527,3026,1479,198,3661,1635
4091,1527,3034,1487,194,3676,1649
4095,1520,3040,1486,192,3675,1657
4095,1546,3042,1491,189,3674,1649
4095,1552,3027,1491,171,3664,1660
4095,1552,3041,1498,178,3674,1679
4095,1553,3050,1501,178,3671,1695
4095,1559,3043,1515,181,3675,1693
4095,1491,3024,1495,177,3666,1680
4095,1483,3025,1511,177,3669,1677
4095,1475,3031,1494,178,3663,1686
4095,1440,3031,1489,187,3661,1680
4095,1424,3029,1509,181,3684,1701
4095,1363,3022,1505,178,3686,1690
4095,1478,3046,1508,178,3667,1717
4095,1459,3038,1514,181,3677,1718
4095,1395,3042,1520,179,3683,1729
4095,1338,3045,1524,182,3684,1707
4095,1332,3043,1530,178,3674,1719
4095,1330,3039,1545,178,3685,1698
4095,1338,3042,1547,176,3675,1693
4095,1345,3068,1634,172,3686,1729
4095,1347,3060,1609,176,3682,1710
4095,1335,3033,1572,141,3661,1851
4095,1343,3044,1575,129,3664,1855
4095,1360,3079,1597,150,3677,1869
4095,1335,3044,1575,146,3664,1856
4095,1366,3083,1585,135,3680,1879
4095,1355,3045,1584,144,3654,1858
4095,1344,3043,1584,143,3671,1858
4095,1347,3030,1575,158,3654,1855
4095,1350,3040,1583,142,3664,1856
4095,1343,3025,1583,144,3675,1847
4095,1345,3040,1582,140,3664,1846
4095,1343,3037,1578,144,3659,1849
4095,1345,3047,1568,144,3654,1849
4095,1344,3066,1600,138,3678,1863
4095,1318,3037,1645,144,3670,1893
4095,1345,3057,1669,138,3670,1904
4095,1316,3055,1659,144,3655,1874
4095,1312,3031,1660,143,3651,1856
4095,1317,3036,1679,147,3657,1851
4095,1328,3031,1671,147,3653,1857
4095,1321,3042,1680,145,3664,1862
4095,1296,3026,1691,147,3655,1840
4095,1279,3033,1683,151,3671,1840
4095,1287,3038,1661,151,3657,1833
4095,1317,3045,1658,158,3674,1842
4095,1306,3047,1656,176,3669,1839
4095,1313,3044,1649,151,3665,1830
4075,1328,3024,1632,160,3658,1827
4094,1332,3069,1658,158,3680,1845
4095,1335,3077,1664,149,3685,1851
4095,1341,3070,1654,155,3677,1836
4095,1339,3071,1664,164,3671,1847
4095,1322,3038,1635,159,3655,1808
4095,1305,3029,1631,163,3664,1805
4095,1313,3039,1648,162,3719,1801
4095,1339,3061,1655,175,3670,1823
4086,1334,3057,1649,171,3677,1829
4095,1319,3039,1626,159,3680,1807
4095,1318,3039,1620,165,3657,1797
4095,1317,3039,1616,171,3649,1802
4095,1323,3024,1621,170,3660,1810
4095,1319,3034,1616,168,3654,1802
4095,1331,3069,1648,175,3675,1828
4095,1330,3027,1569,97,3662,1710
4095,1336,3029,1573,117,3675,1712
4095,1333,3026,1574,122,3659,1707
4095,1331,3033,1569,112,3661,1728
4083,1331,3029,1565,111,3655,1710
4095,1334,3025,1574,112,3657,1707
4095,1329,3025,1563,114,3659,1711
4095,1331,3035,1562,129,3654,1711
4095,1329,3030,1563,113,3658,1712
4095,1329,3031,1565,118,3662,1712
4095,1331,3031,1564,114,3659,1712
4095,1333,3043,1563,115,3655,1710
4093,1344,3027,1554,106,3644,1710
4095,1331,3028,1567,109,3667,1711
4095,1341,3046,1578,115,3668,1735
4095,1344,3043,1578,112,3665,1725
4095,1339,3038,1565,123,3664,1712
4095,1328,3025,1562,116,3659,1710
4095,1334,3030,1557,111,3660,1712
4095,1330,3034,1563,107,3662,1718
4095,1350,3067,1582,112,3679,1730
4095,1351,3057,1573,108,3686,1732
4095,1349,3059,1583,123,3681,1731
4095,1361,3055,1571,117,3678,1733
4095,1335,3024,1567,112,3664,1729
4095,1334,3030,1561,112,3661,1708
4095,1332,3030,1574,112,3659,1715
4095,1323,3035,1581,111,3655,1705
4095,1315,3024,1584,109,3660,1706
4095,1322,3024,1581,117,3655,1699
4095,1323,3021,1583,117,3666,1701
4095,1287,3059,1604,116,3670,1717
4095,1327,3030,1584,117,3664,1706
4095,1330,3047,1509,127,3647,1734
4095,1338,3030,1515,124,3657,1728
4019,1328,3027,1507,126,3661,1730
4095,1333,3029,1510,122,3648,1727
4095,1330,3025,1514,127,3660,1719
4095,1328,3024,1518,122,3655,1721
4095,1319,3025,1504,123,3658,1721
4095,1322,3026,1504,127,3664,1722
4095,1317,3029,1509,109,3656,1721
4095,1324,3025,1509,122,3653,1715
4095,1328,3040,1519,130,3664,1723
3749,2350,3359,4095,751,3632,2021
4037,3060,3283,4095,701,3597,2072
3985,3025,3285,4095,700,3606,2080
3909,3035,3322,4095,705,3600,2080
3971,3051,3315,4095,706,3602,2066
3997,3088,3331,4095,719,3638,2101
3994,3088,3319,4095,704,3600,2074
3928,3122,3324,4095,710,3609,2061
3977,3121,3322,4095,705,3607,2074
3962,3130,3312,4095,703,3606,2075
3976,3123,3327,4095,707,3605,2070
4018,3094,3307,4095,728,3626,2078
4001,3120,3322,4095,704,3599,2090
3938,3128,3309,4095,708,3600,2069
3939,3126,3323,4095,707,3614,2096
3995,3120,3317,4095,711,3616,2072
3978,3126,3313,4095,703,3605,2064
3979,3520,3350,4095,726,3618,2098
3953,3503,3325,4095,705,3605,2075
3958,3499,3319,4095,700,3604,2064
3938,3495,3312,4095,712,3605,2069
3946,3504,3316,4095,703,3597,2074
3920,3502,3323,4095,706,3580,2071
3920,3501,3326,4095,708,3600,2081
3920,3486,3315,4095,704,3589,2086
3946,3503,3313,4095,702,3602,2094
3936,3515,3326,4095,707,3616,2083
3951,3516,3328,4095,704,3611,2090
3900,3507,3291,4095,701,3602,2079
4011,3500,3317,4095,709,3614,2100
3984,3521,3331,4095,714,3626,2112
3971,3523,3333,4095,704,3627,2105
4003,3514,3306,4095,700,3610,2093
3891,3504,3310,4095,689,3618,2089
3973,3493,3318,4095,689,3603,2096
3975,3524,3331,4095,705,3630,2112
3930,3514,3313,4095,695,3605,2103
3939,3526,3330,4095,697,3631,2148
3886,3501,3312,4095,687,3626,2113
3869,3497,3298,4095,698,3614,2130
3861,3529,3312,4095,691,3643,2171
3843,3506,3306,4095,698,3605,2135
3869,3511,3333,4095,698,3622,2146
4053,3495,3313,4095,738,3621,2192
4028,3501,3297,4095,746,3571,2186
4006,3499,3311,4095,750,3605,2177
4007,3503,3308,4095,723,3595,2182
4073,3499,3305,4095,739,3601,2192
3958,3492,3303,4095,747,3600,2192
4001,3507,3303,4095,734,3612,2223
4002,3504,3302,4095,738,3615,2192
4046,3507,3297,4095,735,3594,2187
4027,3508,3312,4095,743,3613,2187
4006,3515,3328,4095,742,3609,2167
3999,3508,3322,4095,743,3605,2166
4030,3504,3314,4095,739,3615,2157
3945,3513,3301,4095,741,3599,2142
3973,3523,3326,4095,749,3621,2166
3954,3512,3311,4095,742,3608,2144
3959,3499,3307,4095,747,3610,2145
3915,3487,3303,4095,739,3605,2138
3951,3559,3302,4095,742,3604,2131
3984,3510,3306,4095,750,3600,2134
3969,3506,3299,4095,743,3616,2136
4011,3514,3325,4095,756,3629,2160
4015,3511,3298,4095,756,3615,2128
3981,3500,3296,4095,745,3600,2131
3987,3504,3312,4095,748,3613,2137
3994,3533,3329,4095,750,3629,2161
4005,3494,3314,4095,735,3611,2128
3975,3509,3286,4095,748,3614,2132
4001,3505,3301,4095,752,3606,2133
3979,2896,3270,4095,730,3596,2174
4005,2929,3284,4095,727,3596,2187
3963,2896,3301,4095,740,3628,2186
3980,2906,3297,4095,729,3583,2181
3968,2910,3293,4095,734,3591,2178
3964,2912,3293,4095,727,3589,2186
3982,2914,3285,4095,740,3600,2188
3999,2975,3300,4095,723,3606,2189
3952,2967,3291,4095,734,3597,2179
4019,2951,3298,4095,730,3591,2192
4038,2960,3286,4095,736,3579,2193
4006,2955,3290,4095,737,3604,2192
4015,2971,3290,4095,735,3601,2189
4003,3025,3282,4095,736,3600,2197
3984,3030,3290,4095,735,3576,2187
4010,3055,3318,4095,723,3614,2215
4016,3059,3313,4095,729,3616,2224
3973,3033,3292,4095,735,3609,2197
3984,3029,3302,4095,733,3592,2206
4016,3061,3313,4095,749,3625,2223
3985,3084,3328,4095,745,3613,2227
3984,3078,3312,4095,747,3621,2233
3993,3063,3328,4095,738,3574,2237
4016,3034,3293,4095,735,3603,2207
3995,3031,3313,4095,737,3594,2222
4015,3039,3290,4095,747,3622,2223
3997,2996,3298,4095,734,3594,2206
4000,3055,3311,4095,753,3618,2230
3998,3033,3290,4095,736,3599,2197
3991,3029,3291,4095,735,3600,2210
3999,3034,3294,4095,740,3600,2208
3997,3055,3316,4095,752,3614,2236
3975,3034,3297,4095,734,3600,2208
3995,3030,3285,4095,740,3592,2209
3950,3035,3295,4095,735,3597,2208
4003,3063,3315,4095,741,3619,2227
4001,3029,3299,4095,740,3600,2207
3986,3041,3306,4095,737,3600,2214
4013,3024,3297,4095,738,3608,2214
4004,3024,3297,4095,735,3597,2211
3986,3033,3290,4095,741,3600,2204
3996,3024,3295,4095,742,3594,2213
4095,2908,3281,4095,747,3594,2241
4095,2913,3279,4095,741,3601,2231
4095,2701,3287,4095,752,3602,2223
4095,2687,3280,4095,750,3583,2226
4095,2671,3279,4095,743,3575,2226
4095,2728,3287,4095,746,3595,2224
4095,2668,3287,4095,739,3601,2224
4095,2608,3280,4095,741,3575,2230
4095,2614,3280,4095,743,3591,2232
4095,2635,3280,4095,752,3571,2268
4095,2647,3299,4095,751,3607,2235
4095,2662,3305,4095,749,3604,2239
4095,2661,3296,4095,754,3602,2226
4095,2635,3280,4095,739,3596,2224
4095,2640,3283,4095,735,3610,2231
4095,2630,3290,4095,744,3595,2225
4095,2650,3271,4095,741,3591,2243
4075,2688,3292,4095,735,3594,2256
4095,2734,3305,4095,747,3621,2274
4095,2655,3287,4095,735,3567,2245
4095,2714,3312,4095,745,3609,2261
4095,2739,3313,4095,752,3616,2249
4095,2697,3291,4095,745,3597,2226
4095,2688,3294,4095,747,3597,2223
4095,2678,3288,4095,739,3600,2212
4095,2698,3293,4095,742,3595,2213
4095,2736,3280,4095,748,3595,2231
4095,2768,3269,4095,746,3603,2215
4093,2827,3312,4095,752,3612,2244
4080,2829,3274,4095,747,3597,2217
4095,2801,3293,4095,758,3623,2230
4095,2774,3282,4095,749,3599,2205
4090,2736,3279,4095,741,3595,2208
4095,2699,3281,4095,751,3601,2211
4095,2795,3280,4095,752,3605,2211
4095,2744,3287,4095,758,3600,2206
4095,2742,3270,4095,761,3610,2210
4095,2745,3281,4095,757,3606,2207
4095,2698,3294,4095,767,3607,2208
4095,2640,3291,4095,769,3615,2222
4095,2624,3293,4095,769,3581,2211
4095,2578,3309,4095,768,3575,2199
4095,2569,3280,4095,767,3599,2201
4095,2623,3298,4095,769,3618,2228
4095,2607,3297,4095,777,3635,2233
4095,2621,3285,4095,767,3595,2207
4095,2626,3296,4095,768,3600,2190
4095,2658,3279,4095,767,3615,2211
4095,2661,3280,4095,767,3607,2202
4095,2658,3286,4095,763,3589,2213
4095,2668,3280,4095,771,3590,2205
4095,2634,3279,4095,779,3618,2224
4095,2665,3295,4095,775,3615,2209
4095,2672,3289,4095,771,3607,2202
4095,2586,3273,4095,769,3592,2191
4080,2653,3313,4095,786,3613,2217
4095,2585,3264,4095,768,3602,2197
4095,2599,3280,4095,770,3615,2203
4095,2592,3292,4095,763,3601,2197
4095,2571,3278,4095,773,3599,2206
4095,2559,3280,4095,774,3591,2197
4095,2532,3277,4095,774,3595,2199
4080,2530,3285,4095,778,3582,2193
4095,2533,3286,4095,784,3600,2198
4095,2540,3286,4095,771,3597,2200
4095,2547,3306,4095,779,3617,2208
4095,2544,3293,4095,771,3602,2203
4095,2549,3297,4095,774,3623,2212
4095,2557,3271,4095,768,3595,2206
4095,2599,3295,4095,775,3632,2221
4095,2573,3295,4095,774,3593,2211
4095,2569,3287,4095,773,3616,2205
4095,2583,3283,4095,785,3600,2200
4095,2625,3312,4095,785,3612,2222
4095,2632,3301,4095,779,3618,2217
4095,2608,3287,4095,771,3574,2203
4095,2577,3280,4095,771,3602,2219
4095,2608,3291,4095,776,3600,2194
4095,2610,3290,4095,771,3598,2192
4095,2607,3280,4095,772,3600,2198
4095,2608,3283,4095,769,3597,2193
4095,2606,3286,4095,769,3595,2201
4095,2608,3280,4095,769,3600,2201
4075,2639,3293,4095,774,3612,2226
4095,2631,3309,4095,782,3616,2225
4049,2599,3265,4095,772,3611,2183
4095,2624,3307,4095,769,3619,2231
4095,2603,3293,4095,758,3583,2214
4095,2606,3289,4095,757,3594,2210
4095,2601,3287,4095,755,3611,2213
4095,2592,3280,4095,754,3593,2208
4095,2599,3280,4095,757,3597,2202
4095,2595,3275,4095,755,3600,2204
4095,2594,3286,4095,754,3599,2210
4095,2597,3284,4095,759,3611,2197
4095,2607,3286,4095,767,3613,2214
4093,2595,3278,4095,767,3616,2198
4095,2624,3280,4095,796,3580,2203
4095,2620,3269,4095,786,3590,2203
4095,2626,3255,4095,791,3602,2207
4095,2628,3267,4095,795,3605,2221
4095,2615,3264,4095,795,3594,2222
4095,2623,3280,4095,797,3583,2219
4095,2615,3271,4095,796,3595,2224
4095,2624,3279,4095,797,3591,2219
4095,2624,3277,4095,789,3579,2219
4095,2634,3291,4095,799,3613,2223
4095,2630,3290,4095,798,3611,2224
4095,2637,3288,4095,795,3602,2222
4095,2643,3291,4095,789,3600,2214
4095,2602,3279,4095,796,3597,2197
4095,2649,3302,4095,801,3613,2229
4095,2624,3280,4095,788,3598,2200
4095,2656,3301,4095,803,3607,2224
4095,2655,3301,4095,786,3603,2240
4095,2629,3278,4095,787,3598,2207
4093,2627,3290,4095,794,3600,2203
4095,2627,3261,4095,784,3583,2201
4095,2636,3271,4095,787,3616,2204
4065,2631,3282,4095,783,3583,2208
4095,2619,3279,4095,789,3606,2213
4095,2629,3279,4095,785,3606,2203
4095,2627,3278,4095,784,3601,2224
4095,2637,3283,4095,791,3614,2221
4074,2625,3280,4095,784,3616,2234
4095,2655,3311,4095,785,3594,2207
4095,2624,3280,4095,790,3598,2213
4095,2628,3321,4095,792,3600,2202
4095,2626,3280,4095,795,3581,2215
4095,2625,3283,4095,787,3603,2209
4095,2623,3282,4095,784,3600,2211
4095,2619,3280,4095,785,3610,2208
4095,2624,3282,4095,771,3597,2198
4095,2621,3281,4095,775,3600,2206
4095,2624,3283,4095,768,3598,2211
4095,2638,3293,4095,782,3609,2224
4095,2631,3286,4095,783,3606,2228
4095,2633,3293,4095,784,3606,2224
4095,2622,3264,4095,791,3590,2214
4095,2622,3264,4095,795,3599,2224
4095,2665,3280,4095,797,3602,2217
4095,2624,3279,4095,793,3600,2208
4095,2624,3280,4095,798,3601,2206
4095,2626,3279,4095,799,3622,2213
4095,2624,3277,4095,800,3609,2194
4045,2619,3262,4095,820,3620,2217
4095,2619,3280,4095,796,3601,2196
4095,2620,3280,4095,803,3598,2207
4095,2624,3268,4095,799,3601,2218
4095,2634,3282,4095,804,3602,2221
4095,2620,3294,4095,801,3609,2211
4093,2620,3282,4095,797,3554,2227
4095,2700,3302,4095,789,3604,2211
4095,2675,3275,4095,785,3601,2209
4090,2667,3279,4095,787,3580,2196
4095,2674,3280,4095,787,3583,2197
4095,2672,3277,4095,785,3605,2201
4095,2672,3283,4095,786,3599,2205
4095,2674,3270,4095,788,3593,2207
4095,2672,3285,4095,786,3579,2205
4095,2672,3270,4095,784,3594,2193
4095,2661,3275,4095,787,3600,2204
4095,2677,3287,4095,801,3599,2202
4095,2685,3280,4095,785,3600,2199
4095,2675,3280,4095,793,3581,2207
4090,2655,3278,4095,784,3613,2208
4095,2687,3266,4095,784,3601,2206
4095,2693,3296,4095,786,3610,2218
4095,2686,3298,4095,785,3610,2224
4095,2691,3292,4095,787,3609,2226
4095,2659,3267,4095,783,3583,2215
4095,2696,3300,4095,786,3632,2219
4095,2702,3297,4095,786,3615,2258
4095,2672,3280,4095,779,3600,2235
4095,2663,3279,4095,779,3603,2248
4095,2667,3278,4095,786,3578,2238
4095,2675,3282,4095,784,3595,2236
4095,2678,3283,4095,783,3597,2240
4095,2678,3280,4095,783,3601,2246
4060,2672,3267,4095,759,3677,2256
4094,2674,3277,4095,777,3591,2240
4095,2689,3287,4095,785,3600,2253
4095,2679,3286,4095,779,3600,2260
4095,2685,3286,4095,788,3602,2240
4095,2676,3279,4095,771,3589,2256
4095,2674,3279,4095,775,3600,2252
4095,2672,3269,4095,770,3597,2253
4095,2672,3267,4095,768,3590,2243
4095,2704,3302,4095,788,3617,2268
4095,2674,3283,4095,771,3597,2240
4095,2675,3275,4095,784,3603,2240
4095,2672,3274,4095,774,3591,2246
4095,2678,3277,4095,773,3598,2238
4095,2672,3279,4095,780,3600,2247
4095,2672,3266,4095,771,3601,2240
4095,2672,3290,4095,777,3595,2239
4095,2688,3283,4095,776,3613,2250
4095,2691,3281,4095,778,3607,2249
4095,2685,3283,4095,782,3610,2249
4095,2669,3279,4095,784,3597,2236
4095,2659,3284,4095,775,3593,2240
4095,2701,3297,4095,787,3619,2267
4095,2705,3305,4095,783,3607,2256
4095,2685,3280,4095,782,3596,2242
4095,2673,3279,4095,774,3594,2242
4095,2677,3277,4095,784,3600,2242
4095,2672,3277,4095,775,3603,2227
4095,2672,3275,4095,779,3582,2236
4095,2670,3273,4095,779,3596,2244
4095,2669,3278,4095,781,3591,2238
4095,2687,3289,4095,784,3611,2252
4095,2675,3284,4095,782,3607,2255
4095,2680,3282,4095,782,3607,2249
4095,2663,3276,4095,776,3597,2237
4095,2690,3300,4095,789,3613,2262
4094,2672,3277,4095,783,3583,2243
4095,2704,3273,4095,808,3569,2250
4095,2671,3274,4095,784,3597,2253
4083,2672,3271,4095,780,3600,2246
4095,2672,3282,4095,783,3599,2245
4095,2672,3269,4095,783,3596,2244
4095,2672,3274,4095,781,3593,2244
4095,2671,3267,4095,779,3594,2242
4095,2672,3280,4095,784,3596,2240
4095,2667,3274,4095,769,3596,2241
4095,2654,3284,4095,784,3598,2242
4095,2689,3283,4095,786,3607,2245
4095,2686,3296,4095,787,3599,2256
4095,2657,3279,4095,782,3604,2256
4095,2705,3295,4095,793,3607,2283
4095,2679,3281,4095,778,3595,2255
4095,2684,3267,4095,780,3603,2256
4095,2675,3270,4095,784,3598,2256
4095,2670,3278,4095,782,3601,2257
4095,2673,3269,4095,781,3593,2251
4095,2666,3267,4095,784,3600,2250
4095,2677,3275,4095,782,3600,2249
4095,2689,3291,4095,783,3602,2258
4095,2690,3283,4095,784,3605,2273
4095,2683,3287,4095,785,3600,2257
4095,2694,3282,4095,784,3600,2270
4095,2670,3273,4095,775,3597,2254
4095,2651,3281,4095,786,3599,2255
4095,2691,3303,4095,789,3625,2278
4095,2704,3301,4095,793,3613,2288
4095,2673,3279,4095,790,3601,2269
4095,2672,3261,4095,784,3598,2263
4095,2671,3275,4095,783,3596,2255
4095,2667,3278,4095,785,3583,2259
4095,2672,3280,4095,785,3597,2261
4095,2672,3273,4095,783,3600,2261
4095,2667,3268,4095,786,3590,2257
4095,2672,3271,4095,788,3603,2257
4095,2685,3290,4095,790,3610,2272
4095,2685,3280,4095,789,3605,2274
4095,2679,3280,4095,787,3603,2266
4095,2681,3265,4095,787,3605,2263
4095,2671,3272,4095,784,3593,2253
4095,2680,3295,4095,788,3617,2289
4095,2656,3274,4095,781,3597,2256
4095,2667,3278,4095,786,3594,2261
4095,2693,3315,4095,782,3602,2262
4095,2695,3297,4095,796,3613,2288
4095,2653,3280,4095,784,3583,2294
4095,2671,3279,4095,783,3602,2266
4095,2679,3272,4095,781,3591,2257
4095,2669,3285,4095,784,3601,2267
4095,2665,3267,4095,787,3594,2278
4095,2672,3273,4095,786,3594,2262
4095,2662,3280,4095,785,3583,2267
4093,2671,3280,4095,790,3583,2275
4095,2659,3280,4095,798,3623,2304
4095,2649,3275,4095,794,3591,2275
4095,2671,3274,4095,773,3600,2279
4095,2666,3280,4095,773,3583,2271
4095,2672,3278,4095,773,3593,2277
4095,2672,3278,4095,775,3591,2273
4095,2667,3269,4095,781,3600,2262
4095,2674,3278,4095,775,3591,2274
4095,2675,3280,4095,781,3594,2278
4095,2678,3267,4095,779,3602,2275
4095,2674,3279,4095,773,3583,2269
4095,2672,3273,4095,770,3560,2252
4095,2686,3290,4095,782,3600,2286
4095,2685,3280,4095,779,3601,2283
4095,2683,3280,4095,779,3603,2281
4095,2672,3280,4095,765,3579,2257
4095,2674,3268,4095,769,3575,2266
4095,2704,3295,4095,780,3568,2262
4095,2704,3296,4095,786,3607,2269
4086,2708,3300,4095,784,3610,2295
4095,2669,3280,4095,773,3600,2273
4095,2682,3280,4095,771,3599,2262
4095,2678,3280,4095,771,3597,2262
4095,2685,3275,4095,775,3597,2255
4095,2679,3274,4095,772,3606,2255
4095,2672,3278,4095,771,3593,2256
4095,2683,3268,4095,764,3632,2265
4095,2675,3279,4095,768,3596,2261
4095,2679,3280,4095,765,3580,2259
4095,2675,3289,4095,763,3591,2274
4095,2717,3301,4095,784,3618,2291
4095,2687,3278,4095,763,3600,2275
4095,2678,3273,4095,767,3600,2283
4095,2690,3280,4095,754,3583,2275
4095,2679,3275,4095,767,3595,2273
4095,2678,3280,4095,765,3583,2283
4095,2683,3271,4095,764,3591,2283
4095,2678,3266,4095,765,3599,2274
4095,2680,3267,4095,768,3601,2282
4095,2683,3277,4095,763,3600,2272
4095,2672,3278,4095,764,3594,2272
4095,2691,3286,4095,766,3565,2267
4095,2694,3287,4095,771,3601,2288
4095,2691,3280,4095,770,3606,2290
4095,2674,3264,4095,752,3609,2269
4095,2714,3310,4095,770,3603,2294
4095,2709,3301,4095,779,3609,2304
4095,2704,3287,4095,768,3617,2293
4095,2698,3298,4095,768,3619,2305
4033,2690,3276,4095,753,3601,2275
4095,2704,3301,4095,781,3621,2312
4095,2685,3278,4095,761,3600,2270
4095,2672,3280,4095,763,3597,2271
4095,2673,3275,4095,766,3593,2258
4095,2677,3267,4095,757,3599,2271
4095,2684,3271,4095,761,3596,2265
4095,2682,3277,4095,766,3609,2262
4095,2672,3279,4095,757,3590,2283
4095,2684,3283,4095,767,3591,2279
4095,2707,3288,4095,769,3615,2293
4095,2599,3282,4095,771,3606,2313
4095,2571,3273,4095,759,3600,2274
4095,2596,3300,4095,767,3599,2282
4095,2541,3276,4095,766,3583,2280
4095,2557,3276,4095,767,3582,2283
4095,2536,3265,4095,757,3583,2265
4095,2508,3278,4095,763,3600,2274
4095,2506,3280,4095,761,3594,2264
4095,2502,3274,4095,753,3595,2264
4095,2511,3275,4095,767,3600,2271
4095,2509,3266,4095,753,3600,2272
4095,2523,3282,4095,762,3614,2274
4095,2517,3282,4095,763,3609,2277
4095,2512,3265,4095,759,3595,2266
4095,2510,3263,4095,761,3594,2270
4095,2540,3293,4095,768,3624,2287
4095,2507,3282,4095,767,3611,2270
4095,2499,3269,4095,759,3618,2269
4095,2485,3261,4095,766,3583,2258
4095,2485,3268,4095,757,3600,2261
4095,2454,3280,4095,759,3595,2264
4095,2448,3261,4095,759,3600,2270
4095,2466,3271,4095,763,3593,2256
4095,2448,3272,4095,766,3582,2261
4095,2448,3284,4095,768,3607,2263
4095,2445,3286,4095,767,3604,2271
4095,2426,3282,4095,768,3598,2281
4094,2397,3267,4095,759,3609,2288
4095,2431,3285,4095,781,3611,2262
4095,2421,3301,4095,762,3622,2275
4095,2384,3274,4095,753,3601,2257
4095,2419,3294,4095,741,3530,2253
4095,2404,3295,4095,775,3594,2252
4095,2385,3276,4095,752,3581,2256
4095,2384,3273,4095,743,3597,2248
4095,2379,3273,4095,752,3590,2256
4095,2385,3275,4095,756,3589,2255
4095,2384,3271,4095,752,3593,2249
4095,2384,3277,4095,752,3592,2252
4095,2383,3269,4095,755,3595,2251
4095,2395,3283,4095,759,3611,2268
4095,2406,3280,4095,761,3603,2267
4095,2384,3270,4095,784,3628,2256
4095,2416,3297,4095,757,3613,2288
4095,2384,3264,4095,753,3600,2260
4095,2383,3260,4095,752,3597,2247
4095,2382,3273,4095,754,3600,2257
4095,2389,3266,4095,755,3591,2261
4095,2390,3276,4095,757,3581,2259
4095,2379,3263,4095,754,3595,2247
4095,2385,3275,4095,758,3595,2256
4095,2375,3282,4095,756,3593,2261
4095,2390,3289,4095,762,3609,2275
4095,2384,3282,4095,763,3609,2266
4095,2398,3285,4095,759,3595,2273
4095,2393,3283,4095,761,3615,2279
4095,2381,3247,4095,752,3574,2280
4095,2416,3293,4095,754,3611,2288
4095,2406,3301,4095,765,3614,2297
4095,2384,3281,4095,767,3611,2294
4095,2381,3277,4095,759,3599,2275
4095,2380,3260,4095,757,3594,2277
4095,2378,3269,4095,753,3600,2277
4095,2386,3275,4095,754,3595,2279
4095,2383,3275,4095,752,3597,2285
4095,2368,3270,4095,752,3595,2275
4095,2384,3274,4095,752,3577,2279
4095,2371,3285,4095,757,3559,2269
4095,2393,3280,4095,755,3606,2285
4095,2394,3285,4095,759,3593,2283
4095,2397,3283,4095,759,3601,2288
4095,2352,3279,4095,752,3611,2311
4095,2419,3302,4095,739,3606,2300
4095,2388,3231,4095,768,3602,2278
4095,2393,3280,4095,752,3607,2302
4095,2425,3295,4095,759,3605,2283
4095,2392,3284,4095,752,3603,2274
4095,2388,3269,4095,752,3595,2277
4095,2389,3275,4095,748,3581,2275
4095,2393,3280,4095,752,3582,2269
4095,2387,3279,4095,752,3583,2279
4095,2388,3273,4095,752,3593,2274
4095,2384,3270,4095,754,3583,2290
4095,2395,3275,4095,753,3591,2273
4095,2405,3282,4095,759,3600,2288
4095,2393,3267,4095,763,3592,2269
4095,2423,3280,4095,768,3606,2297
4095,2381,3271,4095,754,3593,2256
4095,2381,3280,4095,751,3594,2258
4095,2376,3273,4095,747,3582,2258
4095,2386,3270,4095,754,3598,2229
4095,2373,3280,4095,752,3583,2230
4095,2381,3279,4095,752,3600,2229
4095,2384,3275,4095,754,3593,2239
4095,2378,3270,4095,752,3594,2237
4095,2384,3268,4095,752,3591,2227
4095,2381,3264,4095,752,3591,2230
4095,2395,3293,4095,752,3603,2231
4095,2391,3285,4095,752,3600,2228
4095,2393,3283,4095,762,3600,2223
4095,2378,3295,4095,723,3573,2219
4095,2403,3289,4095,762,3604,2237
4095,2381,3278,4095,749,3600,2215
4095,2406,3301,4095,754,3611,2233
4095,2378,3270,4095,752,3593,2215
4095,2406,3295,4095,752,3607,2238
4095,2398,3307,4095,757,3625,2253
4095,2382,3279,4095,750,3600,2204
4095,2379,3275,4095,743,3600,2218
4095,2382,3269,4095,748,3593,2224
4095,2378,3264,4095,745,3595,2215
4095,2368,3266,4095,747,3583,2208
4095,2375,3274,4095,745,3602,2205
4095,2376,3271,4095,747,3597,2209
4091,2382,3270,4095,749,3591,2210
4095,2411,3301,4095,754,3601,2239
4095,2377,3266,4095,749,3581,2198
4095,2407,3299,4095,747,3600,2191
4095,2374,3280,4095,748,3591,2217
4095,2385,3277,4095,747,3603,2206
4095,2382,3265,4095,757,3595,2216
4095,2375,3270,4095,742,3581,2210
4095,2379,3269,4095,743,3595,2218
4095,2384,3267,4095,749,3591,2206
4095,2382,3270,4095,746,3594,2202
4095,2381,3293,4095,739,3577,2204
4095,2388,3282,4095,753,3606,2205
4095,2391,3279,4095,751,3598,2212
4095,2387,3281,4095,751,3612,2209
4074,2379,3270,4095,744,3593,2194
4095,2378,3264,4095,747,3598,2202
4095,2410,3291,4095,752,3617,2235
4095,2383,3277,4095,747,3602,2210
4095,2371,3275,4095,750,3593,2207
4095,2380,3255,4095,749,3592,2204
4095,2380,3278,4095,739,3600,2209
4095,2375,3258,4095,751,3575,2213
4095,2375,3276,4095,746,3598,2215
4095,2383,3298,4095,748,3569,2231
4095,2387,3283,4095,751,3600,2224
4095,2384,3278,4095,745,3597,2212
4095,2387,3285,4095,749,3591,2209
4095,2393,3289,4095,746,3599,2223
4095,2377,3264,4095,745,3581,2211
4095,2407,3296,4095,752,3549,2239
4095,2372,3286,4095,724,3583,2231
4095,2353,3272,4095,737,3579,2192
4095,2376,3271,4095,739,3597,2192
4095,2380,3275,4095,735,3594,2198
4095,2375,3271,4095,750,3581,2194
4095,2369,3271,4095,737,3578,2202
4095,2371,3279,4095,736,3575,2193
4095,2378,3276,4095,736,3580,2196
4095,2378,3271,4095,735,3597,2198
4095,2421,3297,4095,742,3583,2224
4095,2378,3274,4095,720,3591,2206
4095,2383,3276,4095,735,3597,2199
4095,2379,3268,4095,731,3583,2196
4095,2375,3269,4095,738,3593,2192
4095,2409,3292,4095,744,3612,2223
4095,2374,3274,4095,743,3578,2197
4095,2374,3274,4095,735,3581,2192
4095,2379,3280,4095,735,3582,2188
4095,2379,3271,4095,746,3582,2201
4095,2384,3277,4095,741,3579,2203
4095,2384,3262,4095,744,3579,2192
4095,2381,3275,4095,737,3595,2193
4095,2389,3286,4095,747,3600,2205
4095,2398,3290,4095,749,3601,2194
4095,2386,3271,4095,743,3600,2202
4095,2391,3281,4095,747,3597,2205
4095,2388,3290,4095,740,3600,2207
4095,2384,3268,4095,746,3595,2192
4095,2387,3265,4095,745,3598,2205
4095,2391,3274,4095,727,3582,2198
4095,2421,3300,4095,754,3591,2228
4095,2391,3271,4095,748,3583,2197
4095,2391,3280,4095,740,3573,2192
4095,2390,3280,4095,749,3591,2196
4095,2384,3271,4095,747,3583,2194
4095,2386,3269,4095,745,3571,2209
4095,2375,3271,4095,742,3582,2199
4095,2391,3268,4095,739,3583,2197
4095,2397,3273,4095,743,3578,2199
4095,2394,3265,4095,739,3583,2202
4095,2413,3284,4095,750,3595,2213
4095,2402,3280,4095,749,3598,2213
4095,2385,3276,4095,744,3594,2202
4095,2422,3310,4095,752,3595,2231
4095,2419,3307,4095,752,3611,2237
4095,2401,3269,4095,739,3594,2201
4095,2394,3284,4095,743,3582,2209
4095,2418,3292,4095,753,3600,2245
4095,2418,3286,4095,751,3619,2242
4095,2405,3280,4095,743,3595,2207
4095,2404,3280,4095,743,3601,2207
4095,2404,3277,4095,746,3575,2210
4095,2402,3279,4095,741,3583,2204
4095,2394,3276,4095,743,3579,2214
4095,2399,3274,4095,739,3582,2207
4095,2398,3276,4095,737,3561,2218
4059,2408,3269,4095,739,3597,2220
4047,2439,3280,4095,721,3509,2211
4095,2476,3278,4095,744,3597,2258
4095,2496,3293,4095,759,3613,2286
4095,2490,3302,4095,740,3582,2251
4095,2465,3266,4095,745,3581,2253
4095,2464,3290,4095,742,3578,2255
4095,2458,3274,4095,747,3579,2260
4095,2466,3279,4095,752,3594,2255
4095,2466,3276,4095,747,3570,2266
4095,2496,3295,4095,755,3577,2266
4095,2495,3287,4095,751,3600,2270
4095,2476,3281,4095,751,3594,2277
4095,2475,3281,4095,751,3594,2268
4095,2476,3290,4095,753,3600,2273
4065,2447,3262,4095,747,3583,2271
4095,2498,3297,4095,752,3606,2303
4095,2489,3305,4095,752,3603,2292
4095,2472,3279,4095,751,3583,2272
4095,2462,3278,4095,745,3575,2263
4095,2459,3279,4095,751,3578,2262
4095,2466,3262,4095,739,3583,2263
4095,2461,3271,4095,752,3594,2250
4095,2465,3270,4095,733,3575,2262
4091,2467,3270,4095,743,3579,2262
4095,2467,3262,4095,742,3601,2304
4095,2479,3291,4095,754,3600,2289
4095,2483,3292,4095,751,3598,2288
4095,2474,3281,4095,750,3593,2288
4095,2485,3295,4095,755,3611,2317
4095,2485,3303,4095,756,3603,2323
4095,2451,3280,4095,750,3573,2263
4095,2443,3281,4095,751,3590,2274
4095,2449,3283,4095,750,3575,2271
4095,2456,3282,4095,747,3570,2283
4095,2448,3269,4095,748,3568,2277
4095,2448,3281,4095,746,3583,2273
4095,2448,3285,4095,750,3575,2271
4095,2448,3281,4095,743,3578,2266
4095,2445,3281,4095,747,3590,2269
4095,2453,3291,4095,759,3600,2278
4095,2457,3306,4095,763,3583,2283
4095,2455,3286,4095,749,3594,2283
4055,2482,3287,4095,766,3527,2256
4095,2448,3271,4095,752,3583,2309
4095,2439,3280,4095,737,3583,2319
4095,2433,3273,4095,743,3579,2320
4095,2448,3276,4095,749,3581,2313
4095,2448,3280,4095,747,3565,2313
4095,2446,3279,4095,747,3594,2338
4095,2448,3264,4095,751,3580,2347
4095,2448,3273,4095,752,3582,2351
4095,2448,3277,4095,752,3575,2357
4095,2457,3289,4095,754,3581,2366
4085,2461,3284,4095,752,3600,2369
4095,2451,3302,4095,752,3591,2368
4095,2445,3275,4095,749,3595,2347
4095,2470,3298,4095,757,3606,2385
4095,2445,3280,4095,752,3575,2337
4095,2449,3267,4095,751,3580,2337
4095,2443,3281,4095,751,3591,2327
4095,2448,3280,4095,750,3582,2341
4095,2450,3279,4095,751,3583,2341
4095,2448,3271,4095,763,3596,2341
4095,2447,3270,4095,753,3567,2344
4095,2445,3270,4095,758,3597,2349
4095,2458,3280,4095,763,3600,2352
4095,2453,3297,4095,771,3597,2358
4095,2452,3309,4095,759,3591,2354
4095,2457,3294,4095,761,3597,2349
4095,2443,3276,4095,762,3571,2331
4095,2451,3277,4095,757,3571,2323
4095,2448,3266,4095,757,3579,2304
4095,2447,3280,4095,755,3565,2304
4095,2448,3270,4095,762,3568,2317
4095,2448,3277,4095,757,3590,2298
4095,2451,3263,4095,764,3583,2303
4095,2449,3273,4095,757,3583,2301
4095,2451,3264,4095,763,3580,2290
4095,2452,3280,4095,758,3572,2294
4095,2443,3271,4095,759,3573,2272
4095,2459,3287,4095,763,3595,2290
4095,2468,3279,4095,767,3593,2288
4095,2466,3282,4095,765,3583,2288
4095,2474,3285,4095,769,3599,2290
4077,2456,3259,4095,751,3590,2278
4095,2490,3285,4095,771,3602,2317
4095,2497,3301,4095,777,3605,2310
4095,2484,3301,4095,775,3614,2304
4095,2470,3305,4095,769,3601,2307
4095,2458,3275,4095,753,3596,2306
4095,2459,3275,4095,764,3580,2309
4095,2459,3269,4095,755,3583,2314
4095,2454,3262,4095,763,3574,2305
4095,2453,3261,4095,765,3590,2304
4095,2453,3264,4095,753,3578,2299
4095,2447,3247,4095,757,3599,2324
4095,2459,3283,4095,765,3583,2304
4095,2464,3283,4095,764,3599,2307
4095,2431,3279,4095,764,3562,2300
4095,2479,3296,4095,771,3597,2330
4095,2450,3275,4095,754,3583,2295
4095,2467,3291,4095,767,3604,2335
4095,2449,3267,4095,754,3577,2297
4095,2448,3261,4095,755,3574,2304
4095,2449,3265,4095,755,3573,2306
4095,2453,3235,4095,762,3572,2310
4095,2455,3262,4095,753,3573,2305
4095,2458,3266,4095,755,3569,2313
4095,2448,3269,4095,753,3575,2320
4091,2450,3264,4095,754,3550,2315
4095,2457,3288,4095,762,3602,2322
4095,2455,3280,4095,762,3597,2329
4095,2463,3280,4095,759,3594,2330
4095,2438,3261,4095,759,3582,2319
4095,2478,3298,4095,763,3601,2352
4095,2454,3261,4095,754,3574,2316
4095,2481,3287,4095,772,3605,2351
4095,2482,3293,4095,768,3607,2345
4095,2480,3299,4095,767,3619,2351
4095,2448,3264,4095,762,3583,2320
4081,2448,3280,4095,753,3578,2326
4095,2454,3270,4095,753,3581,2320
4095,2445,3263,4095,767,3568,2320
4095,2450,3267,4095,759,3582,2320
4095,2448,3267,4095,757,3570,2319
4095,2452,3271,4095,755,3583,2320
4095,2455,3267,4095,759,3577,2319
4095,2449,3267,4095,765,3602,2315
4095,2478,3296,4095,766,3601,2343
4095,2512,3286,4095,758,3598,2351
4095,2480,3274,4095,764,3582,2321
4095,2480,3267,4095,755,3598,2322
4095,2482,3263,4095,766,3568,2325
4095,2480,3275,4095,757,3578,2320
4095,2475,3280,4095,757,3574,2320
4095,2475,3231,4095,762,3578,2317
4095,2483,3274,4095,757,3568,2329
4095,2479,3273,4095,765,3577,2324
4095,2482,3265,4095,761,3583,2323
4089,2480,3267,4095,763,3569,2319
4095,2491,3279,4095,762,3597,2334
4095,2491,3281,4095,759,3594,2330
4091,2451,3278,4095,754,3575,2321
4095,2505,3287,4095,763,3600,2321
4095,2512,3295,4095,768,3605,2346
4095,2509,3296,4095,769,3600,2348
4095,2509,3282,4095,774,3597,2348
4095,2505,3297,4095,764,3617,2338
4095,2518,3315,4095,773,3617,2310
4095,2490,3273,4095,752,3583,2305
4095,2486,3253,4095,758,3594,2308
4095,2485,3266,4095,755,3579,2302
4095,2487,3267,4095,752,3568,2296
4095,2489,3273,4095,752,3576,2303
4095,2471,3275,4095,759,3591,2306
4095,2482,3266,4095,753,3575,2311
4095,2490,3278,4095,762,3577,2288
4095,2507,3301,4095,770,3614,2337
4095,2492,3295,4095,769,3600,2291
4095,2448,3249,4095,765,3600,2288
4095,2447,3274,4095,758,3582,2275
4095,2448,3274,4095,760,3589,2272
4095,2446,3275,4095,758,3577,2270
4095,2448,3266,4095,759,3580,2259
4095,2448,3277,4095,755,3568,2265
4095,2448,3259,4095,762,3580,2267
4095,2447,3270,4095,755,3579,2272
4095,2447,3237,4095,759,3571,2288
4095,2450,3265,4095,757,3576,2259
4095,2451,3278,4095,767,3594,2267
4095,2457,3277,4095,766,3603,2269
4095,2419,3257,4095,766,3569,2259
4095,2468,3291,4095,773,3599,2288
4095,2479,3293,4095,773,3593,2290
4095,2480,3287,4095,759,3606,2289
4095,2465,3295,4095,774,3599,2290
4095,2448,3269,4095,765,3579,2262
4095,2462,3261,4095,756,3571,2261
4095,2448,3280,4095,757,3579,2257
4095,2453,3257,4095,751,3573,2256
4095,2448,3264,4095,762,3567,2256
4095,2448,3255,4095,753,3583,2258
4095,2447,3271,4095,761,3590,2250
4093,2462,3278,4095,754,3593,2259
4095,2455,3281,4095,762,3595,2275
4095,2441,3270,4095,756,3563,2256
4095,2471,3298,4095,768,3600,2283
4095,2468,3290,4095,768,3605,2278
4095,2449,3269,4095,752,3573,2253
4095,2448,3270,4095,753,3583,2255
4095,2437,3263,4095,752,3578,2252
4095,2447,3274,4095,752,3575,2255
4095,2446,3292,4095,758,3581,2249
4095,2439,3255,4095,751,3578,2249
4085,2446,3264,4095,752,3575,2251
4095,2447,3280,4095,752,3583,2258
4095,2448,3273,4095,750,3591,2240
4085,2448,3269,4095,762,3581,2258
4095,2454,3280,4095,752,3607,2269
4095,2457,3278,4095,767,3579,2263
4095,2439,3262,4095,755,3583,2246
4095,2477,3282,4095,768,3606,2261
4095,2449,3264,4095,754,3600,2253
4095,2447,3271,4095,752,3581,2239
4095,2446,3262,4095,742,3575,2255
4095,2433,3273,4095,751,3578,2252
4095,2433,3271,4095,752,3580,2243
4095,2444,3268,4095,752,3594,2250
4095,2431,3258,4095,755,3577,2256
4095,2442,3267,4095,751,3577,2256
4095,2420,3259,4095,759,3577,2258
4095,2448,3271,4095,753,3596,2262
4095,2449,3277,4095,752,3592,2256
4095,2447,3276,4095,759,3595,2225
4095,2433,3271,4095,752,3568,2252
4095,2474,3300,4095,763,3606,2282
4095,2432,3279,4095,755,3578,2241
4095,2432,3262,4095,754,3582,2235
4095,2441,3270,4095,763,3568,2246
4095,2432,3277,4095,752,3592,2235
4069,2439,3254,4095,761,3590,2239
4095,2432,3277,4095,759,3583,2243
4095,2448,3273,4095,756,3574,2245
4095,2438,3267,4095,752,3577,2243
4095,2437,3264,4095,759,3568,2252
4095,2433,3264,4095,758,3582,2249
4090,2437,3271,4095,756,3579,2241
4095,2449,3277,4095,762,3578,2256
4095,2448,3274,4095,767,3598,2256
4095,2454,3263,4095,754,3564,2260
4095,2432,3231,4095,775,3606,2276
4095,2446,3267,4095,764,3583,2253
4095,2439,3261,4095,755,3574,2251
4095,2433,3277,4095,757,3579,2251
4095,2437,3283,4095,753,3583,2254
4095,2435,3273,4095,762,3575,2252
4095,2465,3290,4095,767,3603,2251
4095,2434,3270,4095,755,3582,2246
4095,2437,3265,4095,753,3574,2234
4095,2448,3280,4095,761,3595,2257
4095,2448,3279,4095,757,3578,2267
4095,2434,3257,4095,751,3600,2251
4095,2439,3267,4095,753,3577,2256
4095,2435,3268,4095,762,3547,2251
4095,2478,3288,4095,759,3615,2288
4092,2467,3294,4095,767,3609,2269
4093,2449,3266,4095,758,3513,2247
4095,2441,3270,4095,760,3571,2233
4095,2438,3274,4095,757,3574,2237
4095,2443,3255,4095,756,3582,2252
4095,2445,3266,4095,752,3579,2237
4095,2445,3264,4095,751,3579,2246
4095,2439,3266,4095,766,3593,2245
4095,2435,3271,4095,753,3582,2240
4095,2447,3269,4095,759,3575,2241
4095,2451,3275,4095,764,3592,2259
4095,2451,3273,4095,761,3616,2254
4095,2448,3278,4095,758,3595,2270
4095,2436,3270,4095,750,3573,2256
4095,2446,3266,4095,753,3571,2255
4095,2470,3283,4095,769,3616,2276
4095,2434,3269,4095,733,3577,2253
4095,2465,3291,4095,761,3599,2270
4095,2442,3271,4095,751,3573,2243
4095,2445,3264,4095,755,3573,2236
4095,2463,3291,4095,753,3603,2256
4095,2448,3267,4095,751,3592,2255
4095,2442,3273,4095,755,3579,2249
4095,2467,3292,4095,767,3599,2266
4095,2475,3295,4095,766,3632,2271
4095,2475,3305,4095,752,3593,2251
4095,2460,3294,4095,769,3600,2274
4095,2443,3260,4095,752,3583,2256
4095,2465,3293,4095,763,3607,2271
4095,2439,3269,4095,752,3583,2255
4095,2439,3280,4095,754,3572,2256
4095,2437,3273,4095,753,3568,2270
4095,2443,3266,4095,758,3573,2252
4095,2442,3271,4095,752,3580,2257
4095,2445,3269,4095,752,3573,2242
4095,2443,3265,4095,758,3583,2258
4095,2440,3283,4095,752,3595,2253
4087,2438,3268,4095,746,3578,2253
4095,2451,3280,4095,758,3580,2269
4095,2451,3274,4095,754,3600,2274
4095,2453,3280,4095,759,3593,2271
4095,2434,3259,4095,752,3618,2250
4095,2449,3270,4095,761,3599,2259
4095,2437,3252,4095,762,3583,2268
4095,2436,3270,4095,759,3582,2278
4095,2438,3270,4095,764,3590,2257
4095,2448,3265,4095,758,3568,2284
4095,2446,3267,4095,763,3595,2260
4095,2448,3270,4095,762,3579,2270
4095,2441,3265,4095,768,3568,2271
4095,2443,3277,4095,759,3579,2273
4095,2433,3274,4095,756,3568,2263
4095,2452,3274,4095,767,3599,2279
4095,2451,3274,4095,770,3595,2277
4095,2450,3277,4095,768,3601,2277
4095,2440,3266,4095,755,3574,2267
4095,2475,3280,4095,770,3595,2287
4095,2470,3309,4095,769,3606,2289
4095,2474,3297,4095,777,3606,2289
4095,2442,3270,4095,763,3568,2271
4095,2437,3276,4095,762,3574,2272
4095,2435,3264,4095,763,3569,2266
4095,2440,3269,4095,761,3579,2275
4095,2446,3271,4095,767,3591,2272
4095,2435,3271,4095,761,3583,2267
4095,2441,3262,4095,761,3579,2259
4095,2445,3263,4095,765,3565,2267
4095,2453,3280,4095,762,3601,2290
4095,2432,3303,4095,783,3650,2292
4095,2439,3296,4095,771,3600,2306
4095,2467,3278,4095,759,3581,2339
4095,2479,3267,4095,757,3594,2348
4095,2470,3281,4095,763,3594,2338
4095,2467,3273,4095,761,3581,2342
4095,2459,3277,4095,761,3573,2342
4095,2462,3280,4095,759,3578,2351
4095,2463,3281,4095,759,3570,2353
4095,2467,3269,4095,765,3572,2352
4095,2461,3280,4095,761,3581,2356
4093,2455,3275,4095,768,3582,2363
4095,2478,3289,4095,772,3602,2384
4095,2467,3284,4095,766,3600,2384
4095,2480,3283,4095,767,3589,2385
4095,2471,3255,4095,764,3574,2359
4095,2501,3298,4095,768,3608,2390
4095,2480,3277,4095,759,3574,2367
4095,2507,3299,4095,779,3604,2390
4095,2479,3283,4095,762,3583,2355
4095,2480,3274,4095,761,3597,2370
4095,2477,3269,4095,757,3591,2361
4095,2480,3271,4095,766,3579,2367
4095,2479,3264,4095,757,3573,2365
4095,2481,3271,4095,762,3600,2358
4095,2480,3269,4095,758,3572,2361
4095,2480,3275,4095,764,3582,2359
4095,2480,3261,4095,763,3571,2371
4095,2495,3283,4095,767,3606,2373
4095,2459,3280,4095,755,3568,2343
4095,2512,3301,4095,771,3600,2383
4095,2477,3279,4095,773,3575,2338
4095,2479,3272,4095,762,3537,2367
4095,2484,3276,4095,757,3579,2336
4095,2479,3275,4095,757,3575,2334
4095,2480,3280,4095,759,3574,2342
4095,2479,3280,4095,764,3577,2334
4095,2483,3277,4095,764,3589,2334
4095,2486,3312,4095,760,3597,2333
4095,2481,3264,4095,755,3570,2338
