4062,400,3218,2525,179,3102,2998
4095,390,3216,2502,176,3104,2994
4095,391,3227,2477,193,3119,3005
4095,394,3226,2457,222,3116,3002
4095,396,3223,2460,240,3118,2998
4095,398,3216,2460,241,3109,2994
4095,399,3216,2471,233,3104,2969
4095,415,3212,2500,261,3100,3015
4095,418,3234,2535,231,3104,2994
4095,463,3216,2576,231,3104,3010
4095,466,3215,2577,212,3109,2977
4095,479,3220,2581,214,3119,2995
4095,464,3221,2571,211,3115,2992
4095,478,3221,2556,253,3118,2989
4095,484,3247,2594,268,3134,3024
4095,509,3212,2613,256,3105,3021
4095,535,3221,2627,251,3116,3030
4095,529,3220,2652,227,3115,3041
4095,561,3207,2669,217,3104,3058
4095,577,3221,2710,226,3117,3088
4095,579,3216,2673,223,3115,3083
4095,573,3217,2656,224,3119,3085
4095,567,3201,2654,215,3106,3088
4095,576,3216,2698,198,3118,3159
4095,576,3216,2748,189,3117,3139
4095,581,3215,2768,187,3117,3120
4095,577,3215,2721,191,3114,3125
4095,574,3215,2679,192,3113,3119
4095,562,3234,2705,182,3133,3110
4095,495,3205,2714,153,3105,3077
4095,429,3214,2731,142,3115,3039
4095,398,3215,2673,129,3110,3025
4095,373,3210,2645,116,3106,2992
4095,365,3210,2624,115,3106,2960
4095,349,3201,2633,109,3102,2960
4095,350,3213,2625,107,3101,2959
4095,368,3200,2683,123,3100,2960
4095,389,3200,2673,138,3098,2978
4095,411,3200,2736,144,3093,2994
4095,461,3203,2731,157,3090,3012
4095,459,3199,2725,159,3093,3018
4095,468,3200,2704,163,3089,3024
4095,483,3219,2768,167,3111,3102
4095,486,3191,2795,176,3080,3068
4095,492,3185,2770,176,3082,3083
4095,502,3205,2793,198,3093,3120
4095,518,3211,2817,229,3090,3184
4095,534,3228,2855,243,3095,3248
4095,603,3215,2871,254,3093,3207
4095,598,3210,2857,256,3094,3255
4095,598,3200,2864,251,3087,3279
4095,603,3196,2871,250,3086,3248
4095,617,3201,2870,251,3086,3295
4095,627,3203,2880,243,3083,3294
4095,634,3197,2867,239,3082,3328
4095,646,3201,2876,240,3088,3328
4095,641,3206,2886,240,3088,3326
4095,669,3226,2965,243,3115,3314
4092,667,3189,2958,240,3087,3340
4095,670,3211,2943,243,3094,3317
4095,677,3210,2949,253,3094,3354
4095,687,3206,2949,256,3091,3329
4095,681,3209,2958,259,3094,3379
4095,671,3201,2960,253,3088,3367
4095,676,3198,2931,247,3088,3323
4095,686,3213,2965,249,3094,3408
4095,678,3205,2997,257,3095,3430
4095,679,3191,2993,251,3083,3440
4095,674,3190,2985,258,3083,3430
4095,682,3207,2998,257,3095,3471
4095,688,3232,3008,272,3095,3492
4095,682,3205,2991,272,3084,3431
4095,688,3200,3040,270,3085,3380
4095,687,3216,3029,274,3097,3414
4095,685,3216,3045,272,3099,3458
4095,684,3207,3008,274,3093,3455
4095,693,3313,3067,287,3101,3534
4095,695,3241,3120,290,3099,3486
4095,719,3245,3170,292,3101,3471
4095,720,3241,3152,294,3088,3481
4095,726,3351,3141,299,3103,3467
4095,722,3237,3123,301,3105,3459
4095,723,3249,3109,304,3107,3422
4095,710,3274,3090,301,3091,3420
4095,687,3235,3057,304,3106,3440
4072,684,3313,3033,340,3083,3471
4095,720,3257,3070,298,3095,3515
4095,734,3273,3047,309,3094,3504
4095,735,3280,3056,304,3109,3522
4095,742,3271,3047,305,3107,3505
4095,718,3269,3031,304,3113,3456
4095,702,3273,2977,299,3097,3415
4095,714,3282,2910,251,3094,3392
4095,694,4095,2855,171,3092,3344
4095,667,3184,2774,143,3099,3262
4095,600,3168,2725,107,3085,3180
4095,543,3182,2733,107,3088,3173
4095,534,3179,2683,106,3089,3183
4095,564,3169,2690,112,3087,3190
4095,593,3149,2750,134,3070,3191
4095,647,3151,2838,155,3077,3247
4095,687,3159,2962,176,3088,3268
4095,698,3165,2989,210,3085,3259
4095,720,3157,3002,209,3087,3245
4095,734,3155,3027,207,3087,3270
4095,745,3155,3007,208,3087,3293
4095,752,3157,3027,210,3088,3291
4095,753,3157,3114,210,3088,3301
4095,762,3147,3109,218,3083,3332
4095,773,3147,3165,215,3071,3328
4095,799,3158,3141,261,3095,3402
4095,799,3155,3120,259,3098,3440
4095,790,3150,3059,272,3087,3429
4095,792,3152,3051,272,3089,3413
4095,839,3161,3056,279,3106,3414
4095,819,3158,3094,277,3104,3417
4095,875,3161,3152,283,3104,3441
4095,909,3154,3139,287,3103,3471
4095,961,3159,3120,289,3112,3460
4095,941,3154,3137,294,3109,3454
4095,931,3157,3123,289,3110,3440
4095,995,3157,3193,292,3114,3439
4095,981,3159,3197,292,3117,3409
4095,1011,3154,3184,301,3120,3473
4095,1091,3161,3217,304,3120,3479
4095,1046,3155,3203,314,3120,3470
4095,947,3159,3204,312,3123,3449
4095,929,3152,3210,313,3113,3429
4095,1086,3152,3217,315,3125,3443
4095,1101,3149,3219,319,3123,3547
4095,1105,3150,3198,316,3130,3569
4095,1113,3150,3209,320,3129,3535
4095,1103,3151,3209,320,3129,3509
4095,1106,3142,3225,315,3131,3494
4095,1107,3148,3222,318,3130,3486
4095,1104,3149,3216,311,3126,3468
4095,1023,3133,3181,294,3107,3434
4095,961,3147,3056,278,3118,3369
4095,914,3147,3027,214,3114,3317
4095,761,3149,2979,161,3109,3245
4095,720,3151,2945,133,3101,3243
4095,719,3170,2976,113,3120,3214
4095,704,3137,2885,97,3086,3181
4095,689,3151,2836,97,3089,3201
4095,685,3147,2853,94,3088,3184
4095,692,3149,2819,93,3088,3182
4095,694,3150,2800,97,3083,3170
4095,726,3150,2814,107,3086,3181
4095,733,3149,2814,112,3082,3178
4095,731,3150,2800,112,3081,3173
4095,721,3143,2747,103,3078,3157
4095,707,3146,2762,91,3082,3149
4095,704,3152,2759,80,3083,3151
4095,653,3138,2797,78,3066,3122
4095,633,3133,2770,74,3063,3133
4095,647,3174,2772,67,3106,3142
4095,635,3139,2729,77,3062,3136
4095,651,3152,2720,77,3078,3139
4095,641,3152,2694,77,3071,3136
4095,641,3152,2666,80,3071,3142
4095,642,3152,2628,80,3071,3130
4095,635,3148,2619,75,3057,3109
4095,630,3139,2608,80,3056,3106
4095,641,3152,2619,81,3066,3116
4095,650,3152,2622,83,3066,3111
4095,657,3143,2622,86,3056,3114
4095,659,3143,2621,86,3056,3102
4095,656,3137,2640,82,3052,3101
4095,650,3142,2627,80,3057,3100
4095,652,3136,2654,80,3056,3102
4080,659,3179,2658,80,3093,3131
4095,651,3143,2650,84,3058,3105
4095,656,3147,2647,94,3056,3099
4095,655,3148,2651,94,3056,3105
4095,656,3139,2627,97,3055,3091
4095,658,3152,2637,97,3065,3099
4095,704,3152,2655,98,3066,3093
4095,697,3158,2633,96,3064,3093
4095,735,3153,2642,99,3064,3095
4095,759,3152,2672,99,3063,3110
4095,755,3156,2688,106,3065,3113
4095,752,3143,2671,104,3053,3101
4095,761,3151,2678,105,3065,3120
4095,747,3147,2651,98,3056,3095
4095,752,3140,2769,102,3056,3093
4095,752,3135,2768,96,3056,3088
4095,761,3139,2832,94,3053,3071
4095,763,3151,2863,83,3071,3079
4095,757,3152,2859,67,3077,3087
4095,712,3152,2820,62,3071,3060
4095,653,3152,2802,59,3077,3021
4095,606,3152,2766,51,3082,2992
4095,558,3154,2707,48,3085,2960
4095,541,3158,2663,47,3087,2928
4095,545,3163,2693,35,3071,2919
4095,535,3161,2704,34,3083,2911
4095,554,3157,2695,33,3083,2893
4095,551,3146,2679,31,3069,2881
4095,558,3142,2737,31,3061,2881
4095,551,3154,2676,30,3083,2893
4095,564,3157,2717,30,3086,2894
4095,563,3152,2750,38,3089,2892
4095,580,3153,2739,48,3078,2894
4095,626,3152,2791,59,3067,2897
4095,640,3151,2834,64,3066,2902
4095,646,3150,2865,65,3059,2902
4095,674,3146,2911,64,3058,2905
4095,667,3146,2880,64,3057,2903
4095,608,3148,2851,53,3058,2899
4095,582,3147,2778,48,3056,2939
4095,560,3147,2700,41,3056,2940
4095,539,3137,2640,39,3049,2925
4095,515,3149,2624,39,3066,2925
4095,530,3148,2618,42,3057,2891
4095,531,3147,2637,43,3057,2891
4095,531,3149,2651,39,3058,2870
4095,528,3146,2641,43,3056,2879
4095,530,3148,2668,46,3058,2876
4095,521,3134,2630,35,3052,2833
4095,534,3131,2635,34,3057,2835
4095,528,3136,2629,46,3056,2854
4095,552,3131,2577,34,3057,2860
4095,557,3136,2544,35,3061,2882
4095,547,3143,2551,38,3082,2901
4095,554,3146,2454,39,3081,2902
4095,550,3131,2455,33,3065,2880
4095,555,3147,2438,42,3086,2894
4095,556,3146,2446,37,3086,2890
4095,571,3147,2453,32,3091,2886
4095,584,3151,2394,16,3101,2873
4095,574,3152,2319,10,3119,2847
4095,560,3154,2256,0,3121,2837
4095,531,3162,2279,0,3117,2764
4095,467,3155,2270,0,3115,2736
4095,393,3162,2238,0,3103,2741
4095,363,3149,2211,0,3069,2756
4095,336,3152,2218,2,3070,2763
4095,323,3162,2197,17,3062,2768
4095,307,3161,2104,49,3066,2783
4095,315,3196,2126,55,3103,2778
4095,320,3216,2071,48,3088,2599
4095,309,3257,2211,64,3127,2538
4095,318,3305,2177,43,3146,2512
4095,297,3283,2058,64,3149,2512
4095,263,3282,2030,69,3147,2512
4095,224,3267,2058,80,3138,2531
4095,223,3263,2005,80,3134,2511
4095,227,3255,2032,64,3127,2531
4095,252,3249,2025,43,3125,2610
4095,240,3249,2014,40,3127,2599
4095,239,3258,2041,48,3122,2577
4095,250,3270,2143,66,3125,2637
4095,244,3267,2164,82,3129,2707
4095,256,3251,2275,128,3120,2755
4095,259,3307,2337,144,3152,2865
4095,274,3312,2320,158,3152,2797
4095,268,3312,2309,147,3139,2742
4095,289,3280,2299,151,3130,2698
4095,291,3270,2448,145,3140,2759
4095,288,3251,2576,144,3138,2706
4095,279,3250,2553,139,3136,2656
4095,208,3248,2583,129,3135,2664
4095,227,3243,2672,121,3131,2751
4095,226,3225,2489,119,3118,2746
4095,230,3221,2505,122,3115,2762
4095,223,3216,2466,114,3113,2756
4095,235,3216,2382,112,3107,2740
4095,234,3216,2384,119,3106,2742
4095,236,3219,2385,123,3114,2754
4095,238,3219,2414,128,3114,2754
4095,239,3236,2413,142,3129,2755
4095,236,3238,2543,147,3129,2729
4095,243,3241,2697,182,3131,2640
4095,256,3241,2796,192,3137,2623
4095,262,3244,2861,183,3138,2608
4095,238,3235,2830,177,3139,2597
4095,226,3243,2827,176,3137,2602
4095,236,3239,2795,175,3136,2639
4095,255,3237,2680,176,3139,2635
4095,262,3239,2675,188,3143,2656
4095,248,3242,2602,176,3131,2631
4095,247,3239,2610,176,3145,2677
4095,246,3236,2606,176,3145,2679
4095,245,3234,2577,155,3142,2673
4095,240,3233,2447,144,3138,2656
4095,240,3231,2453,144,3135,2644
4095,240,3229,2474,134,3132,2634
4095,222,3229,2432,144,3126,2642
4095,240,3216,2359,167,3108,2672
4095,244,3219,2338,182,3106,2723
4095,219,3233,2327,225,3120,2741
4095,219,3238,2283,266,3123,2752
4095,203,3232,2279,247,3121,2733
4095,183,3233,2265,240,3130,2721
4095,192,3229,2224,240,3129,2749
4095,194,3239,2255,246,3143,2756
4095,192,3222,2253,240,3131,2732
4095,194,3223,2304,207,3127,2734
4095,203,3226,2320,162,3126,2719
4095,242,3230,2245,150,3135,2723
4095,240,3214,2256,135,3116,2699
4095,240,3216,2226,141,3117,2698
4095,216,3227,2230,144,3123,2704
4095,214,3229,2288,167,3122,2715
4095,214,3215,2315,191,3115,2713
4093,216,3220,2309,193,3116,2704
4095,199,3220,2253,240,3100,2689
4095,225,3229,2311,202,3125,2717
4095,215,3213,2275,186,3111,2685
4095,213,3231,2255,156,3126,2709
4095,214,3230,2323,142,3133,2626
4095,219,3227,2329,144,3134,2672
4095,255,3227,2310,133,3133,2635
4095,256,3221,2297,128,3121,2631
4095,265,3251,2290,129,3149,2664
4095,264,3216,2261,124,3120,2640
4095,264,3223,2288,129,3126,2640
4095,272,3214,2290,126,3117,2659
4095,273,3219,2319,123,3111,2672
4095,279,3216,2416,128,3115,2713
4095,289,3213,2416,129,3113,2711
4095,292,3216,2368,135,3109,2722
4095,293,3216,2348,139,3110,2720
4095,289,3232,2339,144,3120,2722
4095,290,3231,2319,144,3120,2721
4093,300,3218,2296,141,3105,2711
4095,304,3214,2353,144,3111,2711
4095,304,3228,2384,146,3122,2718
4095,302,3225,2416,155,3120,2723
4095,295,3211,2395,150,3106,2718
4095,296,3216,2400,157,3108,2719
4095,293,3216,2360,162,3115,2721
4095,292,3214,2369,154,3113,2721
4095,295,3223,2413,143,3121,2720
4095,291,3221,2459,130,3120,2704
4095,289,3221,2455,125,3120,2686
4095,283,3220,2482,112,3119,2672
4095,279,3209,2468,107,3104,2657
4095,286,3218,2481,100,3112,2672
4095,279,3216,2484,96,3110,2671
4095,283,3216,2533,95,3105,2665
4095,282,3200,2539,96,3093,2639
4095,270,3208,2579,91,3095,2640
4095,256,3243,2658,95,3125,2668
4095,269,3206,2692,106,3094,2649
4095,273,3205,2719,118,3093,2672
4095,287,3216,2753,149,3104,2713
4095,288,3216,2736,157,3103,2718
4095,289,3216,2649,159,3105,2713
4095,283,3203,2624,175,3089,2698
4095,283,3204,2688,142,3091,2680
4095,285,3216,2731,128,3103,2657
4095,283,3215,2770,125,3103,2659
4095,283,3211,2743,115,3091,2645
4095,291,3197,2768,118,3088,2672
4095,271,3200,2853,112,3093,2662
4095,269,3214,2846,114,3097,2668
4095,275,3207,2822,116,3099,2660
4095,269,3201,2802,123,3094,2650
4095,267,3194,2795,123,3086,2651
4095,279,3209,2766,138,3097,2681
4095,279,3206,2778,131,3094,2677
4095,274,3197,2742,126,3081,2657
4095,274,3207,2768,124,3093,2665
4095,274,3205,2722,121,3094,2658
4095,273,3206,2737,150,3091,2640
4095,259,3195,2583,167,3084,2619
4095,259,3211,2542,176,3091,2635
4095,258,3206,2510,167,3091,2623
4095,257,3206,2626,163,3089,2625
4095,256,3194,2658,161,3086,2622
4095,256,3185,2730,176,3086,2651
4095,269,3190,2781,178,3088,2672
4095,286,3196,2800,184,3093,2693
4095,287,3191,2720,184,3092,2702
4095,279,3198,2661,191,3102,2677
4095,278,3199,2623,183,3101,2643
4095,275,3222,2712,194,3123,2662
4095,265,3188,2720,186,3094,2637
4095,274,3206,2704,185,3105,2644
4095,279,3204,2665,186,3102,2640
4095,284,3201,2619,205,3102,2672
4095,281,3193,2609,215,3098,2672
4095,297,3195,2579,268,3103,2697
4095,302,3205,2599,245,3115,2705
4095,300,3203,2689,217,3113,2704
4095,298,3193,2832,189,3099,2681
4095,299,3192,2751,185,3101,2677
4095,304,3204,2739,191,3111,2688
4095,317,3205,2748,206,3115,2704
4095,306,3194,2742,197,3101,2701
4095,303,3191,2767,202,3101,2704
4095,308,3212,2781,208,3117,2705
4095,305,3212,2783,211,3119,2709
4095,304,3196,2684,204,3100,2691
4095,304,3191,2785,177,3098,2688
4095,290,3211,2793,174,3115,2705
4095,283,3206,2797,155,3115,2707
4095,281,3204,2825,144,3113,2692
4095,279,3189,2810,144,3101,2693
4095,297,3203,2756,142,3109,2708
4095,305,3205,2697,151,3105,2704
4095,310,3205,2704,164,3105,2709
4095,306,3198,2691,163,3067,2721
4095,306,3194,2715,158,3091,2689
4095,309,3204,2719,156,3108,2694
4095,311,3203,2651,150,3103,2688
4083,305,3199,2609,147,3094,2686
4095,314,3200,2571,156,3088,2699
4095,319,3210,2639,161,3102,2704
4095,318,3207,2627,169,3102,2698
4095,314,3200,2587,167,3088,2688
4095,311,3191,2604,163,3093,2689
4095,322,3203,2610,169,3103,2711
4095,320,3202,2576,164,3101,2704
4095,315,3199,2551,158,3098,2671
4095,315,3191,2523,150,3099,2681
4095,320,3191,2542,155,3088,2672
4095,320,3203,2539,158,3103,2683
4095,310,3193,2505,156,3091,2679
4095,311,3193,2499,144,3091,2683
4095,307,3197,2503,145,3091,2655
4095,289,3193,2429,133,3092,2609
4095,287,3210,2388,130,3108,2624
4095,272,3207,2320,112,3106,2612
4095,272,3206,2294,109,3101,2608
4095,272,3207,2301,112,3093,2621
4095,272,3193,2301,110,3086,2617
4095,274,3187,2320,116,3082,2624
4095,293,3205,2355,119,3092,2649
4095,304,3200,2363,125,3091,2651
4095,306,3192,2384,123,3084,2661
4095,307,3191,2384,128,3082,2669
4095,310,3199,2393,134,3091,2685
4095,315,3200,2390,140,3091,2686
4095,313,3185,2389,136,3079,2669
4095,322,3184,2382,144,3082,2669
4095,321,3182,2431,144,3082,2681
4095,320,3197,2429,144,3091,2711
4095,319,3197,2432,144,3091,2719
4095,313,3185,2416,135,3087,2709
4095,317,3184,2393,142,3083,2705
4095,315,3187,2432,131,3083,2703
4095,319,3201,2431,138,3097,2712
4095,319,3200,2415,137,3094,2712
4095,318,3197,2403,141,3097,2712
4095,320,3199,2419,144,3095,2724
4095,320,3196,2417,145,3102,2727
4095,316,3189,2407,146,3088,2726
4095,317,3185,2405,149,3094,2725
4095,319,3188,2428,145,3088,2725
4095,326,3199,2448,155,3103,2731
4095,337,3198,2477,161,3102,2735
4095,346,3194,2533,165,3104,2750
4095,345,3190,2559,168,3104,2751
4095,346,3194,2559,174,3105,2752
4095,343,3211,2553,183,3119,2765
4095,342,3193,2525,179,3098,2736
4095,331,3184,2505,178,3095,2737
4095,352,3198,2559,186,3110,2778
4095,338,3185,2567,185,3099,2798
4095,353,3204,2649,194,3106,2841
4095,342,3200,2661,193,3115,2828
4095,342,3203,2634,197,3118,2860
4095,336,3187,2603,196,3104,2823
4095,334,3184,2588,201,3105,2801
4095,336,3195,2683,193,3109,2778
4095,334,3197,2729,202,3104,2768
4095,319,3185,2704,192,3122,2798
4095,309,3184,2743,214,3087,2832
4095,314,3181,2753,229,3083,2918
4095,325,3159,2759,240,3094,2987
4095,318,3184,2715,258,3091,2974
4095,314,3184,2647,288,3089,2962
4095,329,3184,2679,301,3088,2975
4095,322,3184,2633,287,3088,2971
4095,318,3188,2609,287,3102,2931
4095,320,3175,2608,272,3083,2957
4095,320,3183,2610,272,3088,2966
4095,319,3184,2544,254,3090,2957
4095,311,3175,2513,229,3077,2923
4095,325,3201,2581,229,3111,2957
4095,320,3174,2603,231,3082,2928
4095,330,3184,2627,236,3088,2943
4095,341,3181,2640,229,3088,2960
4095,351,3165,2635,229,3076,2959
4095,355,3184,2651,240,3088,2989
4095,349,3184,2650,245,3088,2999
4095,368,3182,2667,267,3089,3002
4095,368,3167,2640,263,3082,3007
4095,355,3167,2625,241,3078,2999
4095,336,3184,2603,234,3089,3003
4095,334,3179,2628,166,3089,2985
4095,326,3167,2640,138,3078,3002
4095,337,3170,2653,162,3078,2982
4095,336,3180,2640,175,3087,3001
4095,345,3180,2601,218,3086,2989
4095,350,3163,2576,224,3069,2991
4095,362,3170,2599,246,3082,3024
4095,365,3183,2578,256,3091,3045
4095,899,3206,1072,903,3170,2974
4095,912,3213,1088,1042,3173,3091
4095,890,3214,1106,1110,3173,3181
4095,1005,3199,1303,867,3136,3158
4089,983,3189,1269,863,3121,3022
4095,976,3200,1247,875,3134,3052
4095,991,3202,1360,886,3135,2995
4095,1008,3196,1397,909,3125,2967
4095,1020,3190,1405,895,3143,2947
4095,1047,3202,1355,877,3139,2919
4095,1085,3205,1389,864,3150,2874
4095,1072,3200,1360,839,3131,2865
4095,1072,3207,1346,809,3141,2898
4095,1059,3215,1295,794,3138,2865
4095,1071,3201,1257,791,3138,2877
4095,1057,3193,1219,860,3125,2832
4095,1061,3200,1246,901,3138,2848
4095,1046,3202,1234,906,3137,2813
4095,1043,3199,1222,907,3120,2827
4095,1038,3194,1202,919,3126,2814
4095,1053,3201,1196,890,3131,2797
4095,1062,3204,1178,871,3137,2762
4095,1131,3216,1183,816,3136,2766
4093,1206,3198,1175,842,3134,2786
4095,1104,3173,1194,874,3137,2775
4095,1227,3208,1208,926,3148,2777
4095,1069,3247,1227,923,3154,2768
4095,1051,3189,1221,890,3141,2773
4095,1040,3193,1221,879,3140,2753
4095,1199,3198,1473,912,3154,3170
4095,1232,3194,1479,920,3156,3092
4095,1661,3204,1456,898,3161,3033
4095,4095,3195,1343,909,3165,3024
4095,1264,3200,1254,862,3167,2922
4095,973,3193,1163,831,3153,2864
4095,881,3198,1126,823,3148,2903
4095,869,3218,1196,832,3152,2805
4095,891,3214,1194,848,3149,2765
4095,858,3200,1227,852,3136,2759
4095,873,3267,1168,879,3162,2771
4095,974,3285,1099,937,3179,2686
4095,1079,3283,1094,1022,3184,2637
4095,865,3276,1075,1085,3178,2608
4095,790,3280,1089,1088,3191,2608
4095,730,3280,1093,1077,3190,2602
4095,718,3254,1087,1041,3184,2624
4095,719,3241,1060,1073,3174,2603
4095,850,3263,969,1175,3187,2622
4095,866,3266,944,1104,3179,2651
4095,832,3271,933,1046,3184,2659
4095,840,3269,944,1074,3167,2654
4095,870,3267,971,1109,3178,2675
4095,887,3280,976,1178,3162,2627
4095,868,3247,985,1199,3190,2663
4095,871,3239,1011,1191,3157,2726
4095,870,3257,1096,1216,3184,2806
4095,878,3234,1104,1198,3154,2781
4095,849,3228,1093,1174,3151,2768
4095,917,3248,1066,1183,3162,2769
4095,961,3238,1041,1063,3178,2771
4095,967,3241,1014,930,3163,2748
4095,961,3235,1110,935,3162,2751
4095,971,3239,1175,970,3162,2768
4095,971,3232,1255,1037,3156,2831
4095,965,3237,1303,1032,3162,2795
4095,963,3239,1295,1040,3159,2772
4095,974,3249,1262,1058,3178,2752
4095,963,3246,1219,1038,3177,2736
4095,846,3184,1390,1355,3124,2919
4095,848,3183,1392,1343,3130,2928
4095,848,3178,1392,1350,3125,2927
4095,842,3185,1379,1373,3125,2941
4095,837,3185,1393,1346,3130,2941
4095,847,3185,1376,1335,3122,2928
4095,839,3183,1378,1328,3124,2917
4095,848,3181,1383,1342,3124,2931
4095,838,3187,1379,1343,3136,2926
4095,848,3199,1392,1347,3137,2943
4095,843,3191,1391,1349,3140,2938
4095,848,3194,1387,1334,3136,2930
4095,848,3198,1385,1335,3137,2943
4095,838,3175,1366,1325,3121,2908
4080,839,3179,1375,1318,3126,2928
4095,854,3207,1392,1328,3152,2955
4095,847,3183,1367,1306,3130,2906
4095,844,3182,1367,1287,3130,2923
4095,851,3206,1381,1280,3153,2954
4095,838,3185,1362,1278,3136,2941
4095,844,3184,1362,1269,3133,2962
4095,845,3210,1373,1328,3161,2947
4095,853,3205,1361,1304,3120,2917
4095,841,3178,1360,1298,3133,2912
4095,843,3186,1373,1297,3134,2911
4095,839,3175,1361,1330,3163,2949
4095,836,3183,1365,1331,3136,2921
4095,836,3161,1362,1333,3120,2921
4095,844,3178,1370,1328,3134,2926
4095,843,3178,1380,1010,3111,2907
4095,846,3162,1381,1011,3117,2907
4095,846,3177,1383,1002,3116,2907
4095,842,3171,1402,967,3118,2864
4095,854,3207,1438,976,3146,2938
4095,848,3175,1455,968,3113,2910
4095,867,3206,1471,957,3141,2944
4095,850,3175,1456,935,3115,2915
4095,854,3173,1449,929,3120,2911
4095,863,3181,1446,943,3139,2927
4095,868,3200,1465,957,3148,2934
4095,855,3184,1446,929,3114,2913
4095,848,3186,1333,887,3118,2855
4094,848,3175,1323,886,3105,2864
4095,855,3207,1338,905,3129,2897
4095,861,3210,1335,919,3145,2890
4095,834,3184,1323,915,3120,2864
4095,851,3174,1328,935,3117,2877
4095,832,3185,1323,963,3114,2879
4095,855,3203,1341,981,3136,2915
4095,847,3219,1343,978,3104,2905
4095,855,3202,1338,999,3142,2924
4095,809,3211,1328,997,3148,2911
4085,831,3183,1315,1003,3119,2891
4095,833,3181,1311,1011,3113,2880
4083,828,3170,1323,1040,3106,2900
4095,824,3184,1293,1038,3119,2870
4095,861,3214,1295,1037,3125,2816
4095,848,3182,1262,1087,3121,2832
4080,835,3184,1247,1072,3120,2814
4095,835,3180,1235,1071,3121,2800
4095,827,3184,1231,1079,3118,2801
4094,757,3191,1218,1155,3120,2775
4094,769,3189,1207,1174,3120,2799
4095,831,3216,1219,1221,3151,2799
4095,798,3202,1218,1218,3147,2791
4095,831,3183,1200,1200,3123,2767
4085,824,3186,1199,1198,3120,2749
4095,828,3184,1196,1200,3125,2735
4095,821,3175,1193,1197,3140,2752
4095,836,3185,1194,1184,3137,2730
4095,839,3184,1201,1169,3123,2737
4095,835,3184,1214,1167,3120,2736
4095,838,3174,1490,884,3125,2945
4095,836,3135,1498,880,3119,2943
4095,833,3151,1520,880,3120,2947
4095,838,3188,1495,887,3127,2958
4095,832,3185,1507,898,3120,2948
4095,847,3223,1550,889,3123,2967
4095,848,3194,1531,899,3159,2984
4095,832,3183,1527,907,3136,2958
4095,831,3184,1523,894,3125,2944
4095,831,3183,1518,890,3130,2954
4095,849,3215,1535,901,3149,2976
4095,845,3207,1511,871,3122,2941
4095,833,3169,1501,896,3121,2919
4095,840,3186,1507,893,3125,2946
4095,862,3207,1336,978,3136,2793
4095,849,3184,1327,967,3110,2768
4095,848,3184,1312,978,3119,2759
4086,849,3178,1296,978,3109,2755
4095,839,3184,1286,991,3103,2752
4095,848,3185,1282,979,3114,2775
4095,846,3183,1264,994,3112,2762
4095,839,3184,1259,1093,3111,2756
4095,863,3185,1242,1134,3135,2752
4095,817,3187,1243,1125,3107,2739
4095,804,3199,1235,1111,3120,2791
4095,781,3193,1225,1097,3117,2789
4095,772,3207,1226,1110,3123,2773
4095,774,3205,1198,1094,3089,2733
4095,776,3211,1216,1105,3138,2790
4095,822,3214,1232,959,3137,2799
4095,837,3184,1187,953,3105,2754
4095,841,3239,1201,957,3144,2817
4095,844,3196,1200,972,3152,2799
4091,832,3186,1183,945,3120,2743
4095,830,3173,1183,955,3114,2768
4088,855,3195,1190,962,3118,2769
4095,827,3188,1187,963,3115,2768
4095,830,3187,1190,966,3111,2768
4095,815,3188,1181,960,3106,2763
4095,826,3190,1179,955,3114,2761
4095,816,3184,1181,920,3124,2774
4095,819,3187,1180,945,3111,2758
4095,832,3216,1198,963,3137,2816
4095,849,3214,1200,939,3137,2859
4095,823,3195,1179,935,3114,2827
4095,842,3216,1201,955,3124,2870
4095,832,3210,1185,1047,3093,2827
4083,833,3183,1197,1045,3110,2819
4091,828,3187,1200,1037,3117,2823
4095,830,3193,1207,1075,3111,2820
4087,837,3181,1215,1146,3118,2811
4095,832,3187,1226,1162,3113,2814
4085,829,3185,1223,1174,3117,2805
4087,832,3184,1226,1191,3116,2801
4095,849,3198,1246,1206,3123,2817
4095,860,3197,1246,1175,3114,2809
4095,836,3216,1279,1164,3136,2835
4095,833,3175,1315,1072,3109,2816
4095,2442,3374,3159,979,3139,2672
4095,2292,3392,3098,935,3135,2427
4095,2306,3420,3152,928,3125,2419
4095,2301,3399,3131,923,3135,2407
4095,2218,3398,3122,925,3131,2434
4095,2170,3406,3175,928,3137,2445
4095,2176,3424,3137,919,3136,2437
4095,2170,3407,3142,924,3131,2432
4090,2188,3403,3104,925,3135,2437
4095,2161,3410,3151,918,3139,2413
4095,2184,3419,3184,931,3149,2443
4095,2182,3395,3152,927,3151,2432
4095,2186,3412,3139,926,3153,2418
4095,2187,3415,3120,928,3153,2430
4095,2159,3403,3164,912,3145,2410
4095,2160,3412,3167,906,3148,2417
4095,2142,3379,3121,916,3140,2446
4095,2164,3429,3167,927,3145,2426
4095,2160,3447,3187,928,3173,2424
4095,2146,3430,3211,914,3141,2425
4095,2126,3429,3193,907,3152,2411
4095,2123,3411,3186,914,3148,2419
4095,2128,3434,3244,923,3159,2422
4095,2129,3438,3257,925,3152,2398
4095,2126,3427,3385,923,3151,2390
4095,2128,3436,3343,929,3152,2411
4095,2128,3412,3262,926,3152,2437
4095,2136,3435,3278,934,3157,2428
4095,2123,3440,3307,926,3152,2391
4095,2140,3449,3326,938,3173,2446
4095,2227,3417,3408,923,3172,2417
4095,2241,3409,3385,925,3170,2414
4095,2224,3386,3376,917,3143,2370
4095,2256,3394,3344,912,3135,2381
4095,2238,3399,3369,912,3142,2398
4095,2241,3392,3345,912,3141,2390
4095,2328,3389,3343,913,3143,2402
4095,2320,3390,3345,914,3132,2403
4095,2320,3392,3311,912,3141,2403
4095,2342,3395,3328,921,3154,2406
4095,2367,3398,3327,874,3151,2416
4095,2366,3399,3328,926,3152,2411
4095,2346,3397,3327,919,3155,2413
4095,2349,3393,3317,902,3168,2436
4095,2399,3412,3330,936,3137,2415
4095,2330,3385,3327,903,3137,2430
4095,2344,3406,3298,912,3136,2419
4095,2384,3403,3288,915,3168,2435
4095,2269,3404,3290,913,3160,2435
4095,2298,3393,3298,911,3140,2410
4095,2367,3375,3270,903,3135,2416
4095,2422,3408,3309,921,3152,2442
4095,2371,3389,3281,909,3137,2406
4095,2325,3395,3280,907,3142,2416
4095,2389,3376,3303,912,3141,2415
4095,2394,3381,3309,910,3137,2438
4095,2423,3371,3353,912,3134,2425
4095,2400,3376,3315,908,3137,2416
4095,2419,3402,3317,936,3157,2414
4095,2463,3403,3349,914,3169,2409
4095,2436,3385,3284,912,3136,2382
4095,2438,3376,3325,912,3133,2384
4095,2432,3374,3338,907,3138,2393
4095,2432,3361,3347,911,3125,2387
4095,2435,3376,3351,905,3148,2372
4095,2437,3372,3367,908,3140,2373
4095,2434,3371,3361,903,3115,2382
4095,2432,3365,3382,896,3134,2386
4095,2453,3382,3394,896,3130,2389
4095,2448,3375,3415,897,3139,2391
4095,2473,3393,3411,907,3139,2414
4095,2470,3379,3408,899,3138,2412
4095,2461,3376,3393,899,3126,2403
4095,2480,3405,3426,913,3159,2443
4095,2465,3399,3407,898,3141,2416
4095,2491,3408,3473,912,3159,2439
4095,2475,3373,3437,897,3131,2412
4095,2480,3382,3395,889,3128,2403
4095,2480,3373,3388,909,3129,2407
4095,2469,3359,3408,903,3122,2402
4095,2475,3376,3377,907,3127,2411
4095,2482,3363,3344,912,3127,2417
4095,2491,3374,3370,910,3122,2429
4095,2501,3376,3385,911,3146,2441
4095,2518,3391,3437,913,3139,2448
4095,2507,3369,3386,909,3127,2429
4047,2511,3371,3392,903,3129,2421
4095,2542,3392,3387,923,3163,2455
4095,2704,3397,3345,896,3158,2429
4095,2603,3364,3329,885,3152,2432
4095,2610,3362,3328,889,3124,2406
4095,2607,3374,3351,884,3125,2393
4095,2571,3379,3325,887,3126,2406
4095,2604,3374,3312,887,3128,2405
4095,2608,3371,3305,890,3126,2399
4095,2614,3361,3286,883,3122,2399
4095,2603,3371,3274,885,3120,2411
4095,2613,3373,3261,890,3127,2406
4095,2624,3378,3267,893,3136,2416
4095,2624,3381,3264,890,3145,2413
4095,2624,3381,3279,890,3136,2406
4095,2615,3385,3264,881,3130,2393
4095,2608,3376,3284,886,3134,2401
4095,2625,3393,3347,895,3167,2417
4095,2634,3377,3315,890,3133,2398
4095,2679,3395,3379,899,3154,2431
4095,2607,3366,3360,912,3131,2397
4095,2641,3360,3371,895,3132,2399
4095,2672,3361,3343,891,3136,2401
4095,2702,3350,3297,896,3127,2387
4095,2656,3363,3290,897,3132,2391
4095,2722,3362,3285,896,3131,2400
4095,2704,3356,3337,898,3129,2400
4095,2782,3363,3315,896,3146,2401
4095,2768,3372,3321,896,3135,2403
4095,2832,3367,3302,892,3133,2399
4095,2859,3394,3346,909,3152,2429
4095,3043,3391,3349,898,3161,2403
4095,2997,3379,3309,875,3141,2373
4095,2994,3363,3315,880,3133,2371
4095,2991,3373,3331,875,3127,2383
4095,3008,3379,3319,875,3131,2378
4095,2972,3375,3365,875,3134,2395
4095,2978,3359,3365,873,3134,2375
4095,2986,3376,3375,876,3133,2377
4095,2983,3362,3371,874,3130,2370
4095,2992,3371,3371,869,3132,2381
4095,3010,3387,3358,880,3160,2391
4095,2993,3383,3347,889,3147,2394
4095,3008,3385,3339,896,3147,2387
4095,3010,3365,3312,886,3131,2368
4095,3045,3399,3351,896,3171,2399
4095,3047,3380,3358,901,3166,2397
4095,3122,3387,3387,876,3169,2416
4095,3104,3395,3436,893,3171,2406
4095,3087,3381,3426,896,3142,2370
4095,3094,3377,3386,880,3136,2381
4095,3050,3376,3388,879,3135,2381
4095,3049,3376,3408,876,3141,2394
4095,3066,3372,3343,869,3134,2384
4095,3137,3365,3369,865,3136,2386
4095,3133,3377,3418,869,3139,2397
4095,3091,3383,3426,873,3151,2416
4095,3110,3383,3431,866,3150,2416
4095,3138,3375,3408,864,3104,2397
4095,3322,3394,3407,872,3163,2423
4095,3632,3386,3360,863,3157,2406
4095,3600,3363,3371,850,3136,2381
4095,3581,3365,3364,848,3134,2378
4095,3565,3367,3366,848,3137,2389
4095,3550,3365,3346,850,3133,2383
4095,3545,3367,3352,848,3136,2378
4095,3572,3362,3345,850,3135,2378
4095,3543,3360,3346,851,3136,2380
4085,3550,3366,3334,848,3136,2374
4095,3509,3363,3363,848,3131,2370
4095,3507,3368,3386,862,3141,2386
4095,3499,3374,3399,851,3151,2388
4095,3483,3371,3391,853,3147,2385
4095,3473,3351,3387,848,3136,2366
4095,3495,3377,3401,860,3161,2403
4095,3481,3358,3376,848,3136,2382
4095,3467,3372,3392,863,3167,2397
4095,3437,3349,3377,848,3138,2375
4095,3344,3363,3361,848,3134,2379
4095,3345,3370,3359,849,3138,2383
4095,3300,3349,3363,853,3138,2371
4095,3273,3359,3360,848,3129,2372
4095,3183,3360,3366,847,3133,2363
4095,3055,3330,3367,848,3137,2368
4095,3088,3356,3366,848,3142,2369
4095,2997,3341,3359,849,3132,2377
4095,3023,3369,3363,853,3147,2379
4095,2993,3342,3351,849,3131,2369
4095,3045,3370,3370,866,3162,2401
4095,2801,3351,3421,849,3131,2352
4095,2838,3383,3435,863,3153,2389
4095,2806,3330,3408,848,3126,2360
4095,2817,3354,3443,850,3131,2352
4095,2803,3347,3440,848,3127,2345
4095,2806,3355,3434,850,3135,2337
4095,2823,3344,3438,837,3134,2334
4095,2830,3347,3396,845,3136,2347
4095,2813,3350,3393,843,3137,2352
4095,2839,3344,3419,842,3126,2346
4095,2849,3360,3503,848,3145,2353
4095,2846,3356,3503,847,3143,2352
4095,2853,3364,3469,851,3142,2350
4069,2837,3353,3490,835,3120,2369
4095,2876,3379,3515,869,3140,2352
4095,2836,3353,3483,843,3130,2349
4095,2854,3392,3520,848,3165,2370
4095,2881,3380,3523,851,3162,2371
4071,2871,3370,3525,847,3159,2368
4095,2850,3362,3518,848,3136,2343
4095,2847,3361,3467,848,3129,2346
4095,2833,3353,3491,843,3100,2352
4095,2864,3351,3492,835,3131,2346
4095,2847,3345,3483,817,3129,2320
4095,2839,3353,3456,843,3136,2305
4095,2838,3355,3458,843,3137,2304
4095,2862,3362,3462,850,3145,2317
4095,2832,3358,3410,848,3131,2298
4095,2866,3385,3447,850,3162,2331
4095,2858,3347,3441,843,3129,2334
4095,2861,3358,3421,842,3136,2325
4095,2895,3365,3433,850,3167,2361
4095,2861,3361,3419,841,3141,2342
4093,2855,3353,3408,842,3135,2329
4095,2860,3344,3419,839,3136,2325
4095,2851,3315,3423,846,3136,2331
4095,2847,3330,3426,840,3135,2323
4095,2861,3344,3421,841,3134,2327
4095,2852,3349,3392,834,3131,2320
4095,2857,3341,3407,848,3137,2352
4095,2921,3349,3434,841,3131,2329
4095,2855,3344,3397,839,3136,2323
4095,2885,3346,3407,842,3131,2325
4095,2891,3341,3407,821,3178,2333
4095,2927,3366,3437,848,3171,2357
4095,2901,3348,3397,839,3133,2330
4095,2928,3358,3413,840,3154,2320
4095,2899,3345,3394,835,3141,2319
4093,2880,3345,3408,835,3134,2311
4095,2871,3354,3408,834,3136,2314
4095,2955,3350,3386,838,3155,2314
4095,3217,3346,3397,832,3133,2309
4095,3418,3340,3381,834,3134,2304
4095,3546,3344,3376,838,3127,2315
4095,3451,3342,3395,836,3136,2311
4095,3476,3351,3390,838,3136,2313
4095,3879,3342,3498,846,3123,2371
4095,3888,3335,3471,839,3133,2369
4095,3892,3359,3508,862,3154,2405
4095,3877,3351,3518,857,3167,2407
4095,3886,3338,3503,842,3110,2385
4095,3882,3331,3494,850,3127,2390
4095,3870,3334,3531,843,3131,2389
4095,3872,3334,3503,847,3123,2391
4095,3869,3334,3472,850,3135,2403
4095,3737,3331,3447,847,3133,2404
4095,3669,3325,3453,846,3133,2414
4095,3514,3333,3464,846,3125,2416
4095,3315,3342,3457,854,3143,2431
4095,3298,3328,3502,820,3151,2436
4095,3171,3360,3519,860,3140,2391
4095,2955,3330,3486,851,3134,2378
4095,2954,3331,3499,858,3127,2377
4095,2945,3325,3509,857,3136,2377
4095,2934,3317,3479,848,3134,2365
4095,2939,3307,3472,848,3121,2366
4095,2925,3322,3449,854,3130,2368
4095,2951,3319,3472,855,3132,2365
4095,2949,3339,3463,862,3125,2361
4095,2934,3328,3494,860,3127,2361
4095,2949,3331,3541,863,3138,2371
4095,2954,3343,3539,862,3139,2370
4095,2941,3338,3568,865,3148,2362
4095,2918,3337,3563,848,3123,2343
4095,2918,3322,3553,859,3125,2347
4095,2963,3344,3568,875,3158,2384
4095,2933,3322,3518,855,3128,2352
4095,2978,3347,3529,870,3159,2381
4095,2975,3353,3527,875,3159,2376
4095,2945,3325,3527,857,3134,2354
4095,2944,3330,3516,849,3133,2357
4095,2944,3327,3506,851,3130,2354
4095,2957,3330,3507,854,3126,2359
4095,2954,3313,3521,853,3131,2354
4095,2954,3327,3488,859,3123,2355
4095,2949,3324,3495,853,3139,2365
4087,2951,3329,3501,855,3127,2370
4095,2939,3326,3474,851,3120,2368
4095,2933,3323,3447,860,3134,2364
4095,2939,3328,3442,859,3136,2367
4095,2927,3315,3439,853,3127,2361
4095,2937,3319,3432,853,3139,2365
4095,2934,3324,3440,854,3136,2368
4095,2937,3317,3431,860,3136,2367
4095,2951,3332,3456,858,3136,2371
4095,2934,3332,3447,853,3127,2362
4095,2928,3322,3463,855,3136,2363
4095,2943,3343,3498,859,3149,2384
4095,2959,3339,3495,859,3143,2384
4095,2954,3330,3485,862,3147,2391
4095,2931,3312,3473,854,3130,2380
4095,2940,3316,3472,863,3127,2381
4095,2928,3327,3549,914,3152,2433
4095,2895,3322,3504,896,3127,2395
4095,2895,3312,3530,903,3119,2406
4095,2891,3315,3520,897,3129,2394
4095,2919,3312,3515,898,3133,2403
4095,2895,3309,3547,891,3135,2405
4095,2895,3312,3539,899,3123,2403
4095,2886,3312,3554,906,3124,2413
4095,2880,3312,3536,907,3122,2402
4095,2902,3312,3536,901,3122,2389
4095,2928,3325,3558,911,3136,2421
4095,2959,3323,3568,911,3134,2422
4095,2951,3317,3568,910,3138,2413
4095,2950,3298,3547,924,3125,2401
4095,2983,3328,3593,907,3170,2430
4095,3024,3332,3579,906,3135,2410
4095,2994,3311,3590,912,3158,2447
4095,2999,3340,3625,875,3111,2439
4095,3051,3344,3639,915,3159,2473
4095,3009,3332,3624,924,3127,2461
4095,2940,3312,3595,910,3130,2473
4095,2928,3321,3580,938,3122,2486
4095,2881,3314,3600,939,3127,2499
4095,2890,3322,3562,964,3122,2462
4095,2894,3303,3575,963,3121,2451
4095,2873,3314,3555,965,3120,2458
4095,2882,3303,3556,976,3131,2449
4093,2892,3330,3543,976,3127,2453
4095,2915,3342,3569,976,3158,2470
4095,2885,3312,3541,966,3129,2466
4095,2902,3314,3526,976,3131,2460
4095,2896,3303,3523,971,3133,2457
4085,2867,3307,3506,970,3133,2455
4095,2862,3311,3490,966,3135,2449
4095,2838,3318,3527,975,3129,2439
4095,2846,3318,3520,974,3125,2434
4095,2833,3301,3517,967,3132,2434
4095,2816,3317,3508,976,3123,2432
4095,2860,3339,3523,996,3070,2490
4095,2849,3287,3559,976,3142,2485
4095,2846,3317,3577,976,3143,2478
4095,2857,3315,3549,967,3126,2512
4095,2880,3342,3553,978,3145,2528
4095,2880,3333,3559,978,3156,2525
4095,2883,3319,3590,961,3125,2512
4095,2842,3321,3583,957,3131,2504
4095,2834,3324,3603,971,3127,2512
4095,2838,3313,3569,970,3133,2515
4095,2843,3312,3582,974,3136,2510
4095,2864,3313,3568,971,3131,2512
4095,2852,3327,3565,973,3124,2511
4095,2864,3311,3555,971,3127,2497
4095,2864,3312,3578,970,3125,2496
4095,2835,3329,3610,976,3137,2519
4095,2833,3311,3593,972,3129,2512
4095,2919,3335,3621,985,3161,2547
4095,3008,3332,3522,979,3161,2559
4095,3001,3344,3552,982,3148,2555
4095,3003,3331,3568,987,3162,2545
4095,2987,3325,3563,978,3136,2529
4095,2987,3304,3537,976,3132,2517
4095,2990,3312,3568,974,3134,2523
4095,2977,3310,3541,975,3134,2506
4095,2969,3309,3546,973,3131,2510
4095,2978,3307,3558,965,3136,2512
4095,2991,3307,3529,972,3129,2523
4095,2990,3312,3551,969,3145,2526
4095,2983,3327,3595,981,3161,2567
4095,3006,3335,3572,977,3157,2536
4095,2999,3309,3563,980,3154,2540
4095,3009,3317,3542,976,3138,2510
4095,3015,3314,3523,966,3133,2497
4095,3029,3334,3581,976,3159,2531
4095,2992,3325,3569,985,3159,2522
4095,3042,3312,3553,976,3136,2503
4095,3042,3325,3574,993,3157,2530
4095,3095,3338,3613,983,3152,2535
4095,3063,3320,3575,971,3134,2506
4095,3114,3335,3549,979,3152,2496
4095,3056,3334,3565,972,3157,2497
4095,3042,3312,3503,966,3169,2497
4095,3024,3319,3510,955,3139,2469
4095,3041,3312,3509,958,3136,2468
4095,3043,3311,3511,954,3134,2465
4095,3184,3334,3566,961,3157,2493
4095,3161,3331,3572,960,3151,2493
4095,3181,3333,3598,963,3155,2506
4095,3161,3339,3562,951,3155,2501
4095,3163,3309,3569,944,3136,2493
4095,3262,3325,3547,918,3134,2480
4095,3309,3318,3611,912,3131,2480
4095,3372,3312,3647,905,3136,2480
4095,3389,3314,3511,906,3133,2490
4095,3386,3306,3543,898,3129,2494
4095,3472,3323,3520,895,3132,2481
4095,3465,3315,3527,891,3136,2493
4095,3466,3309,3536,889,3125,2478
4095,3542,3312,3579,891,3140,2479
4095,3573,3342,3615,912,3147,2477
4095,3550,3350,3635,895,3173,2507
4095,3548,3316,3626,889,3136,2477
4095,3535,3319,3637,891,3136,2479
4095,3525,3308,3650,886,3136,2484
4091,3533,3325,3564,887,3136,2492
4095,3511,3312,3555,891,3133,2480
4095,3515,3305,3563,890,3136,2483
4095,3511,3312,3574,892,3138,2475
4095,3518,3311,3554,881,3136,2481
4095,3516,3322,3551,891,3151,2480
4095,3525,3313,3548,883,3136,2480
4095,3505,3316,3499,883,3138,2496
4095,3563,3341,3545,873,3129,2509
4095,3531,3318,3521,893,3166,2502
4095,3550,3325,3578,888,3136,2487
4095,3562,3325,3613,887,3135,2481
4095,3563,3316,3543,893,3137,2487
4095,3568,3342,3524,898,3133,2495
4095,3600,3339,3566,897,3169,2523
4095,3599,3321,3527,883,3142,2502
4095,3604,3307,3507,887,3135,2512
4095,3607,3316,3543,892,3139,2512
4095,3611,3280,3556,891,3125,2512
4093,3616,3319,3518,889,3143,2505
4095,3638,3321,3504,885,3136,2510
4095,3635,3312,3541,898,3131,2511
4095,3632,3319,3495,890,3135,2494
4095,3618,3317,3493,887,3138,2499
4095,3611,3312,3493,887,3131,2509
4095,2967,3334,3503,891,3184,2435
4095,2963,3330,3488,895,3184,2434
4095,2955,3333,3499,899,3183,2434
4095,2960,3326,3494,880,3154,2410
4095,2928,3296,3477,887,3153,2408
4095,2928,3312,3472,880,3147,2425
4095,2941,3334,3498,882,3157,2419
4095,2943,3301,3505,889,3157,2417
4095,2941,3303,3498,889,3152,2416
4095,2934,3305,3543,887,3156,2426
4095,2935,3292,3549,890,3152,2423
4095,2960,3314,3555,893,3161,2429
4095,2959,3313,3555,891,3165,2431
4095,2958,3312,3545,894,3155,2419
4095,2956,3318,3536,891,3162,2423
4095,2966,3315,3517,894,3161,2418
4095,3000,3312,3531,883,3152,2405
4095,3120,3331,3559,903,3181,2442
4095,3228,3333,3577,894,3181,2448
4095,3219,3310,3546,894,3189,2432
4095,3193,3312,3543,892,3182,2451
4092,3216,3330,3549,895,3184,2442
4095,3248,3344,3555,899,3186,2441
4095,3525,3306,3536,887,3153,2406
4095,3521,3307,3551,890,3153,2407
4095,3471,3303,3522,883,3153,2407
4095,3463,3294,3524,881,3155,2409
4095,3152,3293,3520,883,3152,2408
4095,3152,3327,3518,881,3156,2400
4095,3120,3307,3509,885,3152,2397
4095,3213,3317,3536,890,3151,2416
4095,3181,3326,3557,891,3186,2430
4095,3216,3305,3600,885,3155,2395
4095,3249,3311,3591,891,3154,2394
4095,3152,3311,3568,891,3162,2395
4095,3090,3312,3521,893,3151,2386
4095,3077,3315,3520,897,3181,2421
4095,3145,3301,3488,883,3173,2391
4095,3186,3306,3517,881,3157,2382
4093,3163,3306,3519,887,3150,2385
4095,3158,3299,3539,891,3152,2393
4095,3197,3305,3534,887,3155,2386
4095,3093,3311,3520,890,3152,2385
4095,3143,3300,3523,886,3152,2381
4095,3049,3309,3517,886,3140,2384
4095,3159,3311,3485,886,3156,2390
4095,3209,3312,3497,882,3153,2401
4095,3223,3312,3501,890,3158,2381
4095,3248,3323,3486,898,3177,2402
4095,3223,3328,3508,896,3164,2391
4095,3267,3323,3509,871,3163,2407
4095,3243,3314,3515,893,3167,2400
4095,3246,3316,3509,891,3175,2401
4095,3245,3317,3507,892,3169,2406
4095,3233,3328,3492,890,3171,2397
4095,3239,3316,3498,894,3169,2395
4095,3227,3315,3489,893,3174,2395
4095,3279,3309,3499,888,3149,2384
4095,3321,3318,3504,894,3183,2414
4095,3309,3301,3467,888,3152,2371
4095,3297,3311,3445,883,3153,2379
4095,3310,3317,3453,890,3157,2370
4095,3327,3308,3465,887,3155,2371
4095,3430,3309,3451,880,3152,2374
4095,3477,3297,3427,898,3155,2372
4095,3465,3322,3422,891,3158,2368
4095,3487,3302,3430,891,3154,2367
4095,3492,3306,3422,899,3162,2369
4095,3509,3311,3440,903,3163,2363
4095,3542,3327,3468,912,3166,2371
4095,3543,3322,3446,912,3168,2379
4095,3520,3305,3461,902,3157,2368
4095,3536,3312,3475,898,3163,2378
4095,3555,3281,3490,901,3162,2368
4095,3558,3309,3499,900,3153,2361
4092,3559,3302,3507,902,3152,2361
4095,3565,3301,3485,906,3148,2363
4095,3555,3310,3469,893,3152,2358
4095,3554,3311,3472,901,3159,2362
4095,3556,3307,3472,905,3163,2353
4095,3568,3290,3473,908,3152,2369
4095,3594,3301,3509,902,3157,2365
4095,3600,3316,3521,909,3169,2372
4095,3601,3314,3564,910,3162,2374
4095,3595,3302,3510,904,3154,2356
4095,3572,3312,3510,899,3155,2355
4095,3573,3311,3507,898,3153,2353
4095,3600,3337,3549,905,3175,2386
4093,3593,3307,3513,899,3150,2368
4095,3581,3301,3509,902,3155,2366
4095,3590,3301,3491,902,3152,2368
4095,3553,3303,3486,899,3151,2363
4095,3593,3303,3474,893,3163,2366
4087,3598,3295,3482,902,3153,2368
4095,3599,3299,3474,903,3153,2373
4095,3617,3307,3479,911,3173,2384
4095,3602,3312,3500,909,3175,2384
4095,3601,3311,3478,910,3167,2381
4095,3606,3311,3464,911,3166,2384
4095,3591,3301,3458,904,3152,2369
4095,3583,3298,3472,898,3156,2377
4094,3583,3298,3475,901,3152,2373
4095,3605,3305,3437,896,3155,2359
4095,3597,3309,3461,907,3152,2371
4095,3599,3310,3463,900,3159,2366
4095,3592,3307,3471,904,3155,2370
4095,3597,3296,3475,900,3152,2368
4095,3621,3309,3474,902,3152,2370
4095,3632,3297,3472,901,3146,2370
4095,3662,3322,3495,903,3165,2377
4095,3635,3308,3472,896,3156,2374
4095,3651,3314,3503,909,3175,2384
4093,3621,3306,3494,897,3154,2367
4095,3663,3318,3511,918,3184,2395
4095,3631,3309,3498,901,3152,2369
4095,3638,3309,3498,912,3154,2378
4095,3621,3312,3495,897,3153,2377
4095,3627,3302,3485,898,3156,2384
4095,3622,3301,3488,895,3156,2377
4095,3634,3315,3477,894,3155,2372
4095,3607,3312,3445,901,3142,2380
4095,3696,3317,3488,907,3172,2384
4095,3760,3311,3504,904,3165,2390
4095,3761,3315,3500,906,3171,2387
4095,3763,3321,3491,903,3161,2401
4095,3760,3317,3502,909,3165,2385
4095,3754,3299,3483,906,3152,2379
4095,3777,3318,3504,916,3158,2383
4095,3815,3298,3520,904,3159,2375
4095,3831,3302,3521,902,3152,2384
4095,3847,3312,3525,896,3154,2374
4095,3862,3309,3520,896,3157,2380
4095,3887,3307,3515,896,3165,2384
4095,3879,3311,3514,899,3153,2383
4095,3882,3292,3514,897,3152,2377
4095,3903,3299,3505,899,3152,2384
4091,3889,3312,3504,896,3164,2384
4095,3907,3317,3534,913,3167,2384
4095,3902,3318,3517,905,3168,2386
4095,3902,3312,3514,902,3170,2387
4080,3898,3299,3583,898,3181,2391
4095,3882,3303,3515,901,3155,2378
4095,3888,3297,3513,896,3155,2374
4092,3910,3307,3521,896,3152,2381
4095,3890,3293,3493,904,3159,2378
4095,3901,3311,3517,900,3154,2374
4095,3888,3307,3517,901,3158,2381
4095,3900,3313,3526,896,3151,2375
4095,3888,3305,3546,894,3152,2382
4095,3902,3309,3520,899,3155,2371
4095,3927,3316,3503,910,3170,2386
4095,3891,3312,3492,906,3167,2385
4095,3920,3313,3499,911,3169,2385
4095,3877,3296,3464,898,3159,2368
4095,3888,3314,3498,896,3152,2379
4095,3854,3303,3504,906,3155,2384
4095,3889,3329,3498,898,3152,2381
4095,3888,3303,3504,897,3156,2416
4095,3895,3309,3494,894,3162,2384
4095,3888,3296,3497,898,3155,2387
4080,3888,3299,3503,899,3159,2384
4095,3886,3301,3509,901,3159,2386
4095,3877,3298,3533,903,3155,2394
4095,3893,3298,3539,906,3159,2391
4095,3878,3297,3536,899,3152,2400
4095,3891,3290,3532,912,3156,2406
4095,3894,3297,3552,903,3153,2404
4095,3905,3328,3561,915,3184,2422
4095,3871,3304,3527,910,3159,2408
4095,3898,3297,3525,907,3162,2411
4095,3888,3306,3537,912,3159,2411
4095,3923,3291,3521,912,3153,2414
4095,3904,3312,3507,906,3151,2414
4095,3889,3303,3514,907,3152,2419
4095,3889,3296,3511,907,3153,2402
4095,3885,3291,3504,903,3132,2416
4095,3904,3316,3517,911,3173,2432
4095,3900,3307,3511,915,3166,2429
4095,3895,3301,3517,912,3169,2427
4095,3892,3302,3498,891,3151,2415
4095,3950,3294,3504,918,3159,2394
4095,3909,3326,3520,914,3182,2428
4095,3888,3310,3530,900,3169,2416
4095,3888,3295,3523,907,3164,2405
4095,3894,3310,3539,914,3152,2400
4095,3890,3291,3529,911,3152,2402
4095,3905,3301,3505,903,3161,2406
4095,3885,3310,3516,908,3149,2415
4095,3897,3303,3506,899,3157,2415
4095,3901,3309,3495,909,3150,2414
4095,3895,3296,3504,911,3153,2407
4033,3889,3312,3513,911,3169,2420
4095,3895,3303,3494,912,3168,2416
4095,3905,3280,3481,912,3159,2416
4095,3878,3293,3495,901,3151,2405
4095,3888,3297,3495,898,3158,2418
4095,3911,3307,3502,911,3162,2401
4095,3903,3302,3504,909,3158,2410
4095,3906,3301,3504,907,3164,2399
4095,3899,3310,3497,907,3165,2380
4095,3879,3284,3518,912,3158,2375
4089,3882,3299,3504,908,3153,2382
4095,3883,3295,3509,907,3155,2378
4095,3907,3298,3504,910,3151,2373
4083,3902,3302,3523,898,3153,2366
4095,3897,3304,3518,906,3152,2379
4095,3918,3319,3531,911,3172,2381
4095,3916,3326,3531,911,3168,2374
4095,3890,3306,3520,901,3154,2355
4095,3900,3328,3526,915,3185,2375
4095,3906,3297,3503,897,3156,2348
4095,3838,3310,3511,905,3155,2351
4095,3898,3302,3486,904,3191,2380
4091,3904,3333,3488,914,3184,2384
4095,3907,3303,3463,901,3161,2352
4095,3911,3302,3449,900,3161,2351
4095,3894,3312,3463,897,3152,2360
4095,3897,3303,3459,899,3163,2342
4095,3888,3308,3453,900,3162,2343
4095,3888,3297,3451,897,3153,2346
4095,3885,3303,3440,902,3161,2350
4095,3891,3312,3447,900,3163,2330
4095,3917,3340,3459,911,3193,2368
4095,2734,3285,3509,877,3152,2327
4095,2711,3312,3527,879,3159,2327
4095,2670,3297,3518,880,3161,2337
4095,2640,3299,3502,871,3152,2332
4095,2697,3297,3524,875,3158,2323
4095,2820,3313,3525,870,3152,2333
4095,2895,3301,3513,879,3161,2322
4095,2931,3287,3520,880,3162,2333
4095,2871,3300,3518,876,3164,2333
4095,2848,3299,3494,878,3151,2332
4095,2897,3306,3518,880,3168,2346
4095,2894,3311,3503,879,3170,2346
4095,2693,3296,3509,875,3155,2323
4095,2839,3329,3540,881,3177,2352
4095,3739,3300,3490,880,3154,2330
4093,3732,3286,3494,883,3165,2320
4095,3759,3297,3489,880,3140,2327
4095,3760,3312,3490,880,3155,2331
4095,3853,3304,3491,878,3154,2322
4095,3819,3298,3495,885,3154,2330
4095,3850,3295,3490,883,3158,2335
4095,3851,3287,3489,883,3151,2323
4095,3854,3299,3504,885,3152,2325
4095,3826,3298,3491,880,3156,2320
4095,3795,3317,3489,880,3152,2326
4095,3888,3285,3475,880,3174,2320
4095,3901,3313,3481,886,3165,2334
4095,3908,3294,3493,883,3152,2318
4095,3933,3322,3519,890,3181,2352
4095,3911,3293,3489,880,3164,2322
4095,3907,3296,3493,878,3158,2329
4095,3924,3299,3470,881,3159,2330
4095,3920,3310,3491,903,3178,2352
4095,3937,3326,3494,893,3183,2352
4095,3936,3325,3517,895,3177,2335
4095,3893,3290,3494,878,3152,2330
4095,3903,3292,3482,882,3155,2322
4095,3917,3295,3488,884,3155,2323
4095,3913,3290,3485,880,3153,2334
4095,3896,3297,3470,882,3161,2320
4095,3919,3300,3474,880,3147,2320
4095,3914,3302,3483,884,3159,2320
4095,3920,3344,3513,901,3184,2349
4095,3919,3302,3494,880,3157,2320
4080,3916,3292,3551,879,3161,2335
4095,3968,3301,3537,879,3158,2311
4095,3920,3307,3535,877,3152,2329
4095,3917,3298,3515,875,3154,2323
4095,3926,3311,3522,880,3158,2327
4095,3921,3318,3510,875,3152,2339
4095,3938,3307,3497,878,3160,2336
4095,3927,3296,3501,878,3157,2333
4095,3917,3314,3504,879,3158,2331
4095,3929,3333,3525,890,3169,2353
4095,3920,3312,3514,887,3170,2339
4095,3909,3305,3531,882,3171,2339
4095,3909,3303,3506,878,3138,2336
4095,3902,3287,3508,879,3153,2327
4095,3920,3322,3532,892,3187,2361
4095,3927,3327,3518,891,3178,2358
4095,3905,3298,3503,879,3155,2327
4095,3906,3291,3498,871,3154,2331
4095,3910,3310,3486,873,3154,2337
4095,3902,3293,3485,877,3150,2341
4095,3910,3303,3491,874,3158,2349
4095,3890,3298,3475,875,3155,2329
4095,3857,3292,3455,880,3152,2326
4095,3879,3277,3453,869,3152,2337
4095,3900,3297,3461,880,3156,2349
4095,3907,3315,3455,880,3155,2323
4095,3891,3292,3469,870,3152,2330
4095,3915,3318,3498,882,3170,2353
4095,3911,3316,3489,866,3193,2363
4095,3898,3294,3474,861,3152,2340
4095,3920,3294,3487,861,3166,2345
4091,3894,3307,3498,860,3161,2335
4095,3898,3290,3504,861,3159,2339
4095,3920,3287,3483,862,3163,2329
4095,3914,3308,3472,855,3152,2329
4095,3910,3306,3469,861,3151,2335
4095,3889,3301,3459,865,3153,2331
4095,3907,3312,3507,870,3171,2350
4095,3920,3307,3487,863,3166,2354
4095,3906,3307,3480,863,3165,2352
4095,3916,3308,3470,866,3169,2350
4095,3919,3287,3473,860,3151,2345
4095,3920,3309,3481,877,3180,2361
4095,3934,3325,3513,871,3197,2371
4095,3911,3312,3474,860,3159,2333
4095,3919,3291,3481,867,3172,2347
4095,3919,3335,3484,871,3184,2368
4095,3914,3317,3476,880,3165,2354
4095,3903,3295,3471,860,3157,2338
4095,3920,3306,3475,859,3158,2335
4095,3913,3292,3482,856,3152,2350
4095,3918,3293,3495,857,3152,2341
4095,3922,3295,3485,853,3155,2338
4095,3908,3298,3490,853,3158,2333
4095,3907,3301,3502,864,3158,2341
4095,3925,3294,3495,861,3155,2340
4095,3935,3298,3483,859,3152,2336
4095,3920,3296,3472,854,3152,2329
4095,3943,3319,3502,862,3181,2369
4095,3926,3298,3475,861,3152,2339
4095,3920,3280,3479,857,3152,2327
4095,3917,3306,3487,851,3158,2333
4095,3919,3296,3498,855,3152,2339
4095,3919,3283,3478,854,3153,2337
4095,3919,3319,3488,854,3154,2336
4095,3913,3291,3477,859,3157,2335
4095,3926,3293,3467,853,3153,2355
4095,3940,3293,3491,862,3163,2353
4095,3920,3321,3486,864,3165,2346
4095,3938,3311,3486,862,3173,2340
4095,3935,3295,3466,857,3151,2346
4095,3955,3325,3485,869,3184,2358
4095,3920,3292,3465,853,3155,2301
4095,3926,3319,3482,857,3184,2363
4095,3947,3318,3475,867,3173,2365
4095,3953,3315,3484,874,3153,2350
4095,3925,3294,3485,855,3156,2341
4095,3932,3306,3484,858,3151,2337
4095,3925,3301,3482,858,3162,2338
4095,3920,3307,3482,857,3151,2341
4095,3940,3298,3483,855,3152,2348
4095,3930,3293,3485,855,3152,2347
4094,3915,3287,3487,858,3156,2340
4095,3936,3299,3478,857,3155,2341
4095,3917,3302,3478,849,3169,2348
4095,3919,3331,3495,867,3173,2377
4095,3937,3296,3487,861,3153,2358
4095,3930,3327,3521,870,3183,2394
4095,3935,3302,3481,861,3150,2368
4095,3941,3287,3491,864,3155,2353
4095,3914,3301,3497,864,3162,2378
4095,3933,3294,3494,857,3167,2361
4095,3925,3289,3491,859,3158,2359
4095,3921,3294,3488,859,3152,2366
4095,3931,3286,3502,859,3153,2366
4095,3928,3328,3505,870,3179,2379
4095,3942,3311,3483,871,3170,2379
4095,3937,3313,3490,865,3166,2378
4095,3943,3307,3519,865,3167,2383
4095,3920,3296,3471,859,3154,2362
4095,3934,3301,3477,862,3126,2362
4095,3940,3289,3472,860,3161,2364
4095,3931,3293,3481,863,3157,2368
4095,3913,3295,3479,861,3155,2368
4095,3915,3307,3481,873,3184,2397
4095,3946,3315,3503,879,3174,2369
4095,3951,3317,3504,880,3189,2401
4095,3949,3309,3500,871,3158,2370
4095,3934,3326,3503,864,3151,2373
4095,3922,3298,3483,864,3154,2374
4095,3936,3291,3490,861,3158,2375
4095,3933,3307,3478,859,3153,2369
4095,3899,3299,3476,871,3159,2369
4095,3941,3328,3504,870,3179,2395
4095,3952,3296,3473,870,3152,2368
4095,3962,3281,3469,864,3154,2416
4095,3917,3299,3454,862,3152,2403
4095,3934,3290,3452,860,3153,2411
4095,3927,3296,3456,857,3161,2405
4095,3919,3290,3459,862,3159,2404
4095,3933,3297,3476,864,3159,2413
4095,3935,3294,3458,863,3157,2410
4095,3915,3294,3471,866,3155,2416
4095,3938,3290,3458,863,3154,2400
4095,3936,3287,3460,866,3153,2393
4095,3934,3304,3472,866,3165,2401
4095,3952,3309,3473,875,3172,2410
4095,3937,3304,3472,870,3176,2402
4095,3909,3312,3472,860,3133,2359
4095,3952,3319,3483,870,3183,2429
4095,3935,3299,3451,866,3153,2391
4095,3931,3292,3426,870,3158,2374
4095,3933,3287,3444,863,3162,2387
4095,3942,3312,3453,861,3154,2391
4095,3933,3288,3440,880,3157,2396
4095,3935,3301,3449,870,3162,2391
4095,3942,3293,3443,866,3157,2397
4095,3907,3305,3400,851,3154,2385
4095,3934,3298,3444,865,3172,2401
4095,3936,3307,3440,869,3164,2405
4095,3913,3299,3450,867,3157,2407
4095,3926,3294,3449,859,3165,2416
4095,3929,3287,3446,861,3167,2407
4092,3931,3323,3434,872,3185,2448
4049,3952,3312,3484,869,3188,2458
4095,3928,3335,3474,869,3155,2434
4095,3945,3305,3451,857,3152,2439
4095,3938,3327,3467,863,3183,2477
4095,3920,3308,3440,863,3158,2448
4095,3922,3294,3450,867,3160,2426
4095,3926,3295,3435,863,3166,2431
4095,3930,3294,3435,858,3158,2431
4095,3929,3289,3440,863,3158,2433
4095,3927,3301,3441,862,3165,2430
4095,3943,3307,3436,861,3167,2426
4095,3925,3293,3438,870,3168,2429
4095,3939,3309,3453,865,3173,2437
4095,3926,3298,3442,867,3179,2430
4095,3951,3309,3455,878,3184,2451
4095,3927,3286,3440,863,3158,2427
4095,3947,3321,3453,870,3185,2465
4095,3922,3301,3418,864,3163,2438
4095,3923,3295,3425,860,3161,2441
4095,3927,3299,3437,863,3164,2437
4095,3917,3298,3428,864,3161,2444
4095,3932,3299,3445,865,3154,2436
4095,3927,3295,3440,867,3155,2443
4095,3920,3295,3437,859,3154,2435
4095,3936,3295,3439,851,3163,2439
4095,3921,3293,3438,863,3162,2445
4095,3936,3294,3440,864,3168,2443
4095,3942,3313,3441,833,3161,2433
4095,3950,3315,3474,880,3181,2475
4095,3942,3296,3461,855,3172,2391
4095,3921,3286,3467,861,3162,2389
4095,3936,3287,3454,864,3166,2395
4095,3942,3282,3475,861,3164,2407
4095,3921,3311,3445,859,3170,2375
4095,3949,3291,3469,855,3167,2390
4095,3934,3298,3467,856,3157,2391
4095,3904,3293,3462,863,3152,2387
4095,3921,3291,3459,863,3159,2384
4095,3959,3296,3462,858,3155,2388
4095,3952,3329,3472,865,3178,2403
4095,3942,3311,3466,867,3173,2382
4095,3943,3307,3466,864,3171,2399
4095,3925,3299,3460,860,3168,2386
4095,3928,3315,3480,866,3184,2432
4095,3926,3311,3445,859,3162,2384
4095,3955,3312,3472,869,3188,2416
4095,3947,3322,3471,872,3189,2413
4095,3943,3327,3478,872,3189,2414
4095,3927,3297,3442,862,3173,2383
4095,3918,3293,3440,855,3162,2383
4095,3947,3298,3440,858,3162,2384
4093,3946,3303,3445,864,3159,2373
4095,3933,3293,3463,861,3158,2385
4095,3931,3295,3450,862,3165,2387
4095,3919,3297,3472,862,3165,2383
4065,3935,3308,3472,861,3173,2393
4095,3969,3314,3422,880,3188,2443
4095,3952,3319,3429,883,3191,2435
4095,3952,3271,3416,895,3165,2438
4095,3991,3341,3439,881,3166,2431
4095,3958,3287,3409,878,3163,2422
4095,3952,3282,3418,869,3162,2399
4095,3943,3288,3415,873,3172,2429
4095,3952,3269,3408,875,3162,2430
4095,3937,3287,3408,867,3166,2424
4095,3952,3281,3392,880,3161,2426
4095,3952,3287,3407,871,3155,2423
4095,3963,3307,3422,880,3178,2433
4095,3949,3288,3422,879,3181,2433
4095,3966,3293,3399,863,3153,2413
4095,3954,3296,3408,869,3143,2421
4095,3945,3287,3421,874,3148,2423
4095,3947,3287,3411,865,3159,2431
4095,3949,3291,3406,870,3155,2424
4095,3952,3285,3403,874,3163,2430
4095,3941,3293,3410,870,3168,2427
4095,3950,3299,3425,864,3169,2431
4095,3952,3311,3427,878,3154,2429
4095,3957,3299,3435,877,3165,2433
4095,3943,3298,3447,871,3171,2416
4095,3959,3291,3455,874,3152,2418
4095,3925,3298,3461,871,3175,2416
4095,3945,3296,3440,870,3161,2416
4095,3919,3295,3438,873,3182,2423
4095,3955,3311,3437,867,3167,2418
4095,3953,3309,3432,874,3171,2416
4095,3948,3285,3434,868,3173,2423
4095,3949,3296,3443,875,3165,2416
4095,3952,3297,3440,874,3169,2411
4095,3952,3285,3437,871,3158,2415
4091,3943,3299,3441,865,3169,2423
4095,3955,3285,3463,871,3171,2406
4095,3945,3295,3469,863,3154,2402
4095,3949,3293,3450,869,3166,2416
4095,3971,3306,3474,881,3167,2416
4095,3963,3297,3486,879,3181,2416
4095,3964,3309,3482,875,3179,2415
4095,3951,3284,3441,867,3163,2403
4095,3979,3298,3469,864,3161,2405
4095,3952,3290,3466,873,3170,2411
4095,3949,3302,3491,878,3163,2398
4095,3938,3294,3463,875,3167,2390
4095,3959,3299,3474,869,3158,2409
4095,3958,3296,3483,880,3157,2397
4095,3947,3298,3478,851,3165,2397
4095,3940,3291,3485,867,3157,2393
4095,3955,3292,3461,875,3161,2393
4095,3952,3297,3479,878,3181,2413
4095,3954,3297,3495,877,3189,2405
4095,3965,3302,3491,880,3183,2410
4095,3952,3295,3472,871,3157,2397
4095,3968,3331,3506,880,3185,2425
4095,3959,3310,3491,868,3153,2391
4095,3955,3302,3498,869,3164,2384
4095,3947,3285,3510,875,3165,2384
4095,3935,3290,3506,871,3168,2386
4095,3948,3293,3519,870,3177,2382
4095,3957,3296,3511,867,3163,2380
4095,3949,3291,3485,867,3165,2384
4095,3952,3293,3482,867,3159,2386
4095,3957,3295,3449,873,3163,2386
4095,3951,3305,3489,854,3154,2375
4095,3949,3299,3506,876,3178,2386
4095,3955,3291,3482,879,3179,2389
4089,3952,3294,3491,865,3163,2398
4095,3978,3313,3503,894,3184,2411
4095,3951,3286,3462,873,3173,2382
4095,3947,3298,3454,867,3165,2373
4095,3958,3296,3472,867,3163,2378
4095,3953,3292,3459,874,3169,2384
4095,3952,3293,3476,871,3173,2375
4095,3957,3286,3473,869,3164,2363
4095,3952,3297,3484,874,3174,2361
4095,3952,3299,3488,869,3184,2366
4095,3931,3283,3494,865,3165,2362
4095,3957,3309,3473,880,3179,2369
4095,3975,3299,3493,879,3174,2365
4095,3965,3299,3485,878,3169,2377
4083,3948,3291,3472,866,3155,2354
4095,3941,3306,3488,879,3186,2379
4095,3943,3295,3474,867,3169,2351
4095,3951,3294,3472,872,3172,2347
4095,3951,3293,3449,873,3153,2355
4095,3938,3301,3442,865,3161,2350
4095,3951,3285,3463,875,3162,2343
4095,3947,3294,3441,858,3169,2349
4095,3965,3296,3472,870,3161,2354
4095,3951,3280,3447,872,3152,2353
4095,3959,3310,3473,880,3180,2368
4095,3952,3305,3489,876,3182,2370
4095,3956,3303,3489,875,3176,2365
4095,3952,3290,3470,869,3155,2358
4095,3923,3313,3493,880,3197,2396
4082,3945,3286,3443,863,3173,2355
4095,3957,3287,3435,878,3161,2358
4095,3965,3301,3446,880,3174,2368
4095,3967,3295,3456,879,3175,2368
4095,3952,3306,3445,880,3177,2359
4095,3956,3303,3455,882,3175,2368
4095,3951,3307,3462,881,3180,2359
4095,3955,3307,3451,880,3183,2362
4095,3954,3301,3440,880,3173,2358
4095,3971,3299,3435,883,3179,2359
4095,3962,3302,3440,880,3168,2359
4095,3954,3315,3457,880,3179,2361
4095,3898,3280,3387,878,3157,2354
4095,3971,3314,3476,880,3184,2389
4095,3935,3283,3426,867,3171,2366
4095,3946,3291,3450,870,3163,2366
4095,3925,3308,3425,874,3167,2365
4095,3935,3291,3430,877,3169,2375
4095,3947,3287,3430,871,3169,2363
4095,3947,3294,3440,868,3168,2368
4095,3947,3281,3440,878,3161,2366
